{"final_performance": 0.2326444664171764, "time_steps": [474.9981801509857, 701.3429687023163, 927.9324588775635, 1154.558137178421, 1381.1745314598083, 1607.5957729816437, 1834.0250968933105, 2060.3578147888184, 2286.7215485572815, 2513.1026632785797, 2739.4234879016876, 2965.5406703948975, 3191.644119977951, 3417.8156230449677, 3644.2123074531555, 3870.3910229206085, 4096.484205007553, 4322.575796127319, 4548.594130277634, 4774.5500428676605, 5000.520654678345, 5226.476784229279, 5452.361413478851, 5678.132681846619, 5903.904925107956, 6129.71941947937, 6355.551341056824, 6581.340912818909, 6806.903891086578, 7032.40531873703, 7257.859489440918, 7483.156966209412, 7708.690223932266, 7934.11496424675, 8159.487057685852, 8384.78797030449, 8609.769037246704, 8835.227049589157, 9061.078545093536, 9286.651686906815], "runtime": 9286.651686906815, "config": {"batch_size": 356.19215807403447, "log2_n_units_2": 7.881857113118803, "log10_learning_rate": -1.819106484201523, "log2_n_units_3": 6.957885937098798, "log2_n_units_1": 7.269985128176484}, "config_id": 132, "learning_curve": [0.7078651743275779, 0.5084269642829895, 0.4503411033323833, 0.3868378869124821, 0.30628008288996555, 0.31089484904493603, 0.29233546342168537, 0.2898274383374623, 0.26665328655924114, 0.32423754462174004, 0.243579455784389, 0.2301364413329533, 0.23324639243738987, 0.2281300212655749, 0.2296348363161087, 0.27056580569062916, 0.23876404762268066, 0.22853130527905052, 0.22552167517798283, 0.2351524915013995, 0.2212078720331192, 0.22441814414092476, 0.23495184949466164, 0.2351524915013995, 0.2573234332459313, 0.21167737671307152, 0.22060594601290562, 0.2242175021341869, 0.22281300808702198, 0.2355537755148751, 0.24939807397978642, 0.2261236011981964, 0.23304575043065212, 0.22391653912408016, 0.23966693665300098, 0.22331461310386658, 0.21839888393878937, 0.22150883504322594, 0.24016854166984558, 0.2326444664171764]}