{"final_performance": 0.2464430913692568, "time_steps": [337.7411947250366, 428.5760474205017, 519.5302052497864, 610.3861703872681, 701.3106744289398, 792.0842785835266, 882.6950924396515, 972.675192117691, 1062.7948467731476, 1152.7350647449493, 1242.8768417835236, 1332.8352777957916, 1422.8453633785248, 1512.7423663139343, 1603.1575422286987, 1693.2753159999847, 1783.3271470069885, 1873.470102071762, 1963.6280517578125, 2053.609263896942, 2143.6831798553467, 2233.855497121811, 2323.865181207657, 2413.8862597942352, 2503.9302802085876, 2593.8782448768616, 2684.155303955078, 2774.2101123332977, 2864.199327468872, 2954.3794734477997, 3044.7016310691833, 3134.402274131775, 3224.440318107605, 3316.0879533290863, 3406.179964542389, 3496.166928768158, 3586.258206129074, 3676.3986599445343, 3766.7399895191193, 3856.9717400074005], "runtime": 3856.9717400074005, "config": {"batch_size": 240.48901376228122, "log2_n_units_2": 5.703696704565264, "log10_learning_rate": -3.536759239739767, "log2_n_units_3": 6.722111055468722, "log2_n_units_1": 5.890588775831922}, "config_id": 36, "learning_curve": [0.42632113433465724, 0.3560975601033467, 0.33739837786046467, 0.3080284522800911, 0.3015243876271132, 0.3036585362946115, 0.27621950754305213, 0.29837398267373805, 0.29949187214781603, 0.29745935085343156, 0.2815040640714692, 0.2885162554136137, 0.26900406000090804, 0.26473576848099867, 0.28770325387396467, 0.291869919474532, 0.26097560510402773, 0.2744918698217811, 0.27378049129393045, 0.27510162388406145, 0.2629065048403856, 0.25955284804832646, 0.2552845507133298, 0.2653455298121382, 0.26961381842450394, 0.262296752231877, 0.25884146806670394, 0.26991869618253006, 0.2896341434339198, 0.25924796883652845, 0.2793699183115145, 0.2566056891185481, 0.2650406506003403, 0.27398374167884265, 0.2703252027674419, 0.2642276490606913, 0.302439025262507, 0.272560971539195, 0.25243902351798075, 0.2464430913692568]}