{"final_performance": 0.16676736672719317, "time_steps": [540.3829519748688, 827.0594477653503, 1113.9706394672394, 1400.9449729919434, 1687.9433047771454, 1975.0384593009949, 2262.1306624412537, 2549.227999687195, 2836.4969124794006, 3123.794096469879, 3410.94753742218, 3698.196816444397, 3985.5634908676147, 4272.940852880478, 4560.3970057964325, 4847.59010720253, 5134.784327745438, 5422.073747634888, 5709.366857290268, 5996.705937862396, 6284.085976600647, 6571.459057569504, 6858.774390697479, 7146.260143995285, 7433.52076458931, 7721.072493314743, 8008.607486486435, 8295.723855018616, 8583.055403470993, 8870.365945339203, 9157.617241859436, 9445.011400938034, 9732.52516412735, 10019.796093463898, 10307.010970115662, 10594.295187234879, 10881.581857442856, 11168.858833312988, 11456.12688779831, 11743.361165761948], "runtime": 11743.361165761948, "config": {"batch_size": 331.03497766288194, "log2_n_units_2": 9.254479485915756, "log10_learning_rate": -3.1654828776444193, "log2_n_units_3": 8.153292359248402, "log2_n_units_1": 6.138099000189919}, "config_id": 240, "learning_curve": [0.41309164365132645, 0.33615306814511614, 0.35307149887084965, 0.3677744229634603, 0.2659617304801941, 0.27059416373570755, 0.29637462496757505, 0.27814702788988754, 0.26938569744428, 0.22578046321868894, 0.24723061323165896, 0.2534743189811707, 0.21158106923103337, 0.18358509739240014, 0.18489426175753276, 0.1702920436859131, 0.17049345771471658, 0.16787512501080826, 0.16878147522608444, 0.16787512501080826, 0.16908358732859297, 0.16787512699762985, 0.1686807592709859, 0.1682779411474864, 0.16717019081115725, 0.16757301489512122, 0.16626384456952414, 0.16666666467984514, 0.16817723910013838, 0.16767371296882627, 0.1685800552368164, 0.16706948677698774, 0.16666666666666663, 0.16727089683214824, 0.16656595865885415, 0.16787512501080826, 0.16656596064567564, 0.16747230490048726, 0.16747230887413023, 0.16676736672719317]}