{"final_performance": 0.3221748875033471, "time_steps": [710.8638486862183, 1186.8467423915863, 1666.587129354477, 2144.3809683322906, 2625.1219935417175, 3103.94806265831, 3582.5580401420593, 4061.8549597263336, 4537.719131231308, 5014.311827659607, 5494.211197853088, 5972.007093429565, 6450.9482209682465, 6930.827499628067, 7410.215664386749, 7891.400812149048, 8369.79577255249, 8849.211909294128, 9330.301098823547, 9807.560050010681, 10289.059928417206, 10770.79432463646, 11250.216803073883, 11730.048103570938, 12207.027329921722, 12683.649907827377, 13165.267982244492, 13643.880066633224, 14122.818047523499, 14601.147209405899, 15080.857171535492, 15560.883541345596, 16038.577115774155, 16515.91018486023, 16995.11927342415, 17471.23145699501, 17949.32458305359, 18429.903999090195, 18909.287283420563, 19388.941638469696], "runtime": 19388.941638469696, "config": {"batch_size": 318.3358128436616, "log2_n_units_2": 6.569024463948568, "log10_learning_rate": -5.023836200887819, "log2_n_units_3": 4.622922548519753, "log2_n_units_1": 8.963108117427389}, "config_id": 227, "learning_curve": [0.5924122525799659, 0.5252586689687544, 0.485494012794187, 0.4602353361345106, 0.44288902513442496, 0.42635423137295636, 0.4190505185434895, 0.41570298133357875, 0.4015013171780494, 0.39105295750402636, 0.38953134513670395, 0.3825319543961556, 0.3796916219495958, 0.37685129142576645, 0.369649016088055, 0.3640697944548822, 0.3665043673207683, 0.3635625800778789, 0.35676608162541545, 0.3565632027964438, 0.35412862608509676, 0.34530330857922953, 0.34530330088830763, 0.3417528906176167, 0.34023128017302484, 0.34155000986591466, 0.35017245431100164, 0.33850680051311366, 0.3398255148241597, 0.33160884341885966, 0.33820247073327336, 0.33384053168758265, 0.3311016405782392, 0.3220734403979394, 0.32866707155781405, 0.32450801710928645, 0.3232907249081519, 0.3240008085004745, 0.3266382621180627, 0.3221748875033471]}