{"final_performance": 0.27067668676376344, "time_steps": [439.36937141418457, 637.255289554596, 834.5924596786499, 1032.0232274532318, 1229.828052997589, 1427.522914648056, 1625.1051642894745, 1823.07506275177, 2021.0384347438812, 2218.660901784897, 2416.7003762722015, 2614.646641731262, 2812.368415594101, 3010.3335716724396, 3208.1448016166687, 3406.0446498394012, 3603.805958032608, 3801.739427089691, 3999.709237575531, 4197.617383718491, 4395.668298482895, 4593.4681832790375, 4791.629008769989, 4990.273837089539, 5188.438802957535, 5386.821080446243, 5585.331123352051, 5783.724033355713, 5982.342955827713, 6180.595475196838, 6378.85919547081, 6577.19802570343, 6775.567243099213, 6974.047747850418, 7172.458222866058, 7370.966443538666, 7569.670422077179, 7768.113978862762, 7966.451521873474, 8164.79802775383], "runtime": 8164.79802775383, "config": {"batch_size": 399.8179338193292, "log2_n_units_2": 6.789185085044235, "log10_learning_rate": -4.689741711023607, "log2_n_units_3": 9.576045049152523, "log2_n_units_1": 6.90151130320335}, "config_id": 144, "learning_curve": [0.515588971376419, 0.4583458662033081, 0.4219548869132995, 0.3886716818809509, 0.37634085178375243, 0.36040099859237673, 0.34566415786743165, 0.3417543911933899, 0.3314285683631897, 0.3286215567588806, 0.31969925165176394, 0.31478697061538696, 0.31458646059036255, 0.3138847088813782, 0.3105764460563659, 0.30817043066024785, 0.29804511308670045, 0.29553884744644165, 0.2998496270179749, 0.2984461164474488, 0.2930325794219971, 0.2943358397483826, 0.3007518792152405, 0.28491228342056274, 0.28822055339813235, 0.30786967277526855, 0.2812030100822449, 0.27979949712753294, 0.28551378488540646, 0.27739348173141476, 0.2799999976158142, 0.28240601301193236, 0.2729824590682983, 0.2774937319755554, 0.27328320741653445, 0.27548871994018553, 0.2736842131614685, 0.27137844800949096, 0.2727819585800171, 0.27067668676376344]}