{"final_performance": 0.18908461798792298, "time_steps": [380.062219619751, 508.4472255706787, 637.0020699501038, 765.5932517051697, 894.3233654499054, 1023.0336673259735, 1151.8786883354187, 1280.8458647727966, 1409.8365285396576, 1538.9275660514832, 1667.9390499591827, 1797.1284112930298, 1926.3567838668823, 2055.2728114128113, 2184.2612018585205, 2313.4272153377533, 2442.5240683555603, 2571.5277411937714, 2700.6772480010986, 2829.9581751823425, 2959.1823093891144, 3088.283378839493, 3217.4044349193573, 3346.6661167144775, 3475.826357126236, 3604.8621332645416, 3734.1096930503845, 3863.301549434662, 3992.5629391670227, 4121.677165746689, 4250.810966491699, 4379.922247171402, 4509.099653959274, 4638.134390592575, 4767.294183254242, 4896.407269716263, 5025.590703248978, 5154.824778079987, 5284.265985488892, 5413.666441679001], "runtime": 5413.666441679001, "config": {"batch_size": 427.0123382805608, "log2_n_units_2": 7.8588434844150585, "log10_learning_rate": -3.052684843460054, "log2_n_units_3": 7.978874179701171, "log2_n_units_1": 5.339400895763239}, "config_id": 245, "learning_curve": [0.43793911000956665, 0.4157417779383452, 0.31361368946407153, 0.2738010416860166, 0.26667345606762427, 0.2946746763975724, 0.3274615588395492, 0.2831687123879142, 0.30536606000817346, 0.23918134233225952, 0.2434578952581986, 0.26677526857541956, 0.21993686582731165, 0.22248242989830347, 0.22645351938579394, 0.19967416835867835, 0.19397209779075952, 0.18867732649264124, 0.19224111411882483, 0.19091742194217187, 0.19010283636010217, 0.19071377360302466, 0.19020466182542883, 0.19030648988226184, 0.19203747355419654, 0.18939008401787805, 0.18989920097848645, 0.19061195072920423, 0.19295387941858044, 0.1919356506803761, 0.19081560165985767, 0.19132471084594727, 0.19173200752424158, 0.1905101356299027, 0.18888096964877588, 0.19071377878603724, 0.1932593454485354, 0.19081560165985767, 0.19295387423556787, 0.18908461798792298]}