{"final_performance": 0.22029653699716667, "time_steps": [527.8915293216705, 819.1274094581604, 1110.4040241241455, 1401.8134624958038, 1692.8504922389984, 1985.27685713768, 2277.0304691791534, 2568.6887974739075, 2861.726054906845, 3152.7058959007263, 3444.448308944702, 3735.4104883670807, 4027.15243434906, 4318.069678544998, 4609.073604822159, 4899.955442428589, 5190.514532327652, 5481.01420378685, 5772.161314487457, 6062.859068870544, 6353.977530956268, 6645.38662648201, 6936.566420793533, 7226.983756780624, 7517.242155790329, 7807.358517408371, 8097.6719186306, 8387.781449079514, 8678.684767484665, 8969.953998088837, 9260.803745269775, 9551.400906562805, 9841.648155212402, 10131.862488985062, 10421.956546545029, 10711.863520860672, 11002.09750366211, 11291.971371412277, 11582.227516174316, 11871.8696911335], "runtime": 11871.8696911335, "config": {"batch_size": 46.38391777167901, "log2_n_units_2": 8.650428195061105, "log10_learning_rate": -3.223553643674422, "log2_n_units_3": 5.093453655832853, "log2_n_units_1": 7.297029205296117}, "config_id": 150, "learning_curve": [0.33159686920280285, 0.33931075743815864, 0.25626127126579457, 0.23923061767481435, 0.2823081510956935, 0.24504107484070392, 0.2448407142393051, 0.24534161546812627, 0.20236426234794647, 0.22921258623149543, 0.21689040814676597, 0.2101783263518514, 0.20386696630908596, 0.21138049133362313, 0.22230014575791246, 0.2340212417637697, 0.21398517805310435, 0.23963133860293617, 0.2118813914637412, 0.20056101693535733, 0.22340212824157857, 0.19815668916922013, 0.22510519252944106, 0.1984572297966425, 0.19645362515603337, 0.21017832745055454, 0.21538770391095075, 0.20797436083516763, 0.2196954579397281, 0.22069725819996422, 0.22099779965141397, 0.22310158651545298, 0.2100781457764762, 0.20306552307946346, 0.21468643988332436, 0.22340212906560586, 0.19555200107635995, 0.21508716191014932, 0.2195952765403255, 0.22029653699716667]}