{"final_performance": 0.20670559543829703, "time_steps": [454.30315017700195, 656.3049740791321, 857.9449055194855, 1059.4667003154755, 1261.5740821361542, 1463.3241436481476, 1664.591817855835, 1866.2477359771729, 2068.217424631119, 2270.1862347126007, 2472.139489889145, 2673.948563337326, 2875.6254465579987, 3077.4600563049316, 3279.412938594818, 3481.2798833847046, 3682.8357014656067, 3884.691849708557, 4086.339907646179, 4288.2425968647, 4490.051401615143, 4691.593247413635, 4893.3656270504, 5094.924674272537, 5296.807721376419, 5498.4639093875885, 5700.350240945816, 5902.139423370361, 6103.614838838577, 6305.200758695602, 6506.892244338989, 6708.967692375183, 6911.108999967575, 7113.295154809952, 7315.0630757808685, 7516.829959630966, 7719.026062011719, 7920.858924627304, 8122.660378456116, 8324.781011104584], "runtime": 8324.781011104584, "config": {"batch_size": 191.34575554669215, "log2_n_units_2": 7.403231159518963, "log10_learning_rate": -3.5047419056762346, "log2_n_units_3": 4.988864360154583, "log2_n_units_1": 7.270597913731872}, "config_id": 209, "learning_curve": [0.40283930702851367, 0.32873539511974037, 0.3455497393241296, 0.3171566633077768, 0.2962142527103424, 0.29168344461000884, 0.2625855826414548, 0.25553765892982483, 0.2810108764813497, 0.270338298036502, 0.28020539421301627, 0.31836487696721005, 0.25392670470934653, 0.2725533613791833, 0.30406765754406273, 0.27376157618485963, 0.26520338539893806, 0.2475835692424041, 0.31584776708712947, 0.26500201339905083, 0.24758356694991768, 0.25815545595609224, 0.23459524603990412, 0.2158678999313941, 0.2196939163483106, 0.21214257295315087, 0.21425694800340211, 0.21284736234408164, 0.21133709068481743, 0.21606926849255192, 0.2148610559793619, 0.21314941346645355, 0.2173781715906583, 0.3906564678137119, 0.28876359073015356, 0.24355618311808658, 0.24587192787573886, 0.21929117922599495, 0.2128473600515952, 0.20670559543829703]}