{"final_performance": 0.2863179096153804, "time_steps": [1229.891074180603, 2205.5273230075836, 3181.3740355968475, 4157.567109107971, 5133.389296293259, 6108.718810796738, 7083.962451934814, 8060.818105220795, 9037.329401493073, 10014.364156246185, 10990.117204904556, 11967.429093122482, 12944.020823717117, 13920.778262615204, 14896.173878908157, 15872.685306072235, 16848.684708833694, 17825.80062198639, 18802.96841931343, 19780.47928071022, 20756.938631296158, 21734.15488553047, 22711.21334004402, 23688.201076984406, 24664.54909133911, 25641.943006515503, 26617.946707725525, 27595.08607673645, 28572.054035425186, 29549.351229906082, 30526.171206712723, 31503.12274813652, 32479.912470817566, 33456.088087797165, 34432.566551446915, 35409.88176846504, 36386.97743868828, 37364.562295913696, 38340.833882808685, 39318.46603059769], "runtime": 39318.46603059769, "config": {"batch_size": 142.87681374860958, "log2_n_units_2": 6.83955000953901, "log10_learning_rate": -5.38521971098812, "log2_n_units_3": 6.682953289523211, "log2_n_units_1": 9.961438395360782}, "config_id": 77, "learning_curve": [0.5437625753028053, 0.4878269638334002, 0.45231388466698785, 0.4289738446474075, 0.4062374234199524, 0.39446680205208917, 0.3831991962024144, 0.37142856717109685, 0.36368209293910436, 0.35764587606702536, 0.34839033910206385, 0.3415492951869965, 0.33390341741698126, 0.3410462779658181, 0.33440643889563426, 0.33279678055218287, 0.324346079996654, 0.31800804734230037, 0.3214285705770765, 0.32615693977900917, 0.3234406403132848, 0.31257545437131606, 0.3124748502458845, 0.30684104221207753, 0.3056338080338069, 0.3097585550376347, 0.3058350094727107, 0.3040241471358708, 0.30191146901675636, 0.29909456712859017, 0.2987927581582751, 0.30231388040951324, 0.29406438469886775, 0.3058350103242057, 0.29406438980783733, 0.30835010068757196, 0.29325955935886927, 0.2911468829427447, 0.2917505034378597, 0.2863179096153804]}