{"final_performance": 0.26999184281327004, "time_steps": [552.8039064407349, 851.9921329021454, 1151.537235736847, 1450.6145927906036, 1749.637778043747, 2048.271987438202, 2345.825707435608, 2643.8491909503937, 2942.215399503708, 3241.2140159606934, 3540.0413811206818, 3838.590751171112, 4137.453534126282, 4437.860734462738, 4737.798716783524, 5036.91453909874, 5334.027333498001, 5631.912269592285, 5929.369430065155, 6228.3499751091, 6525.777330636978, 6823.679006814957, 7121.942040681839, 7421.1421592235565, 7720.239052057266, 8019.258101701736, 8318.798008680344, 8618.453199386597, 8918.037528514862, 9218.200748205185, 9517.085557222366, 9815.97492980957, 10114.678391456604, 10413.36317539215, 10710.53233242035, 11008.693554401398, 11307.540237426758, 11606.957832336426, 11905.713156223297, 12204.988146305084], "runtime": 12204.988146305084, "config": {"batch_size": 228.39578533469142, "log2_n_units_2": 9.440658839071943, "log10_learning_rate": -5.042129961079564, "log2_n_units_3": 8.3638074704092, "log2_n_units_1": 5.505624862178362}, "config_id": 47, "learning_curve": [0.48327213525772095, 0.42992656175480337, 0.39371685510457943, 0.37576499789260154, 0.3576091375461844, 0.34700121713239096, 0.34802121617073234, 0.33649531076120776, 0.34077927262284036, 0.3224194202312204, 0.3182374474614166, 0.315891468247702, 0.3115055062050043, 0.31334149283032087, 0.3136474906012069, 0.29926560645879696, 0.29946960682092716, 0.29345165297042497, 0.2960016339324242, 0.30334557211676305, 0.3022235839865929, 0.29161566357279933, 0.2928396560424982, 0.2899836856265401, 0.2967156282691068, 0.28977968249210095, 0.2909016747807347, 0.2909016706222711, 0.28141574804172964, 0.2820277449696563, 0.2846797191819479, 0.29161566357279933, 0.28223174671794093, 0.2744798078093418, 0.27886577262434853, 0.2736638091331305, 0.2813137450883555, 0.2777437831080237, 0.2776417801546496, 0.26999184281327004]}