{"final_performance": 0.167463139125279, "time_steps": [401.76519417762756, 572.652575969696, 743.5445573329926, 914.2592687606812, 1084.9607174396515, 1255.7733173370361, 1426.811604976654, 1597.7611031532288, 1768.7362723350525, 1939.5861172676086, 2110.2592191696167, 2280.8467202186584, 2451.9391264915466, 2622.585289001465, 2793.105124950409, 2963.917454957962, 3134.460114002228, 3306.865864753723, 3477.488990545273, 3648.1442897319794, 3818.784608602524, 3989.646433353424, 4160.259692668915, 4330.793807506561, 4501.3263556957245, 4672.248739242554, 4842.972004652023, 5013.7055830955505, 5184.56428861618, 5355.145951271057, 5525.654677629471, 5696.210647583008, 5866.697427272797, 6037.612209320068, 6208.180093765259, 6378.7363538742065, 6549.2531950473785, 6720.0555856227875, 6890.8511826992035, 7061.280906915665], "runtime": 7061.280906915665, "config": {"batch_size": 281.61220811713434, "log2_n_units_2": 8.797586048413308, "log10_learning_rate": -2.8947309523194638, "log2_n_units_3": 7.267584161050731, "log2_n_units_1": 5.453984170497684}, "config_id": 21, "learning_curve": [0.45216065304619923, 0.32923233679362707, 0.3380782944815499, 0.272597861289978, 0.3279105288641794, 0.25693949971880237, 0.26171834979738506, 0.24392475400652203, 0.2919166224343436, 0.2569395014217921, 0.22328419004167832, 0.2109811885016305, 0.23609557662691394, 0.22674122708184374, 0.22175902639116563, 0.2245043209620885, 0.19359431266784666, 0.17793594258172174, 0.17112353869846886, 0.17173360756465372, 0.16959837845393588, 0.1693950261388506, 0.16837824242455623, 0.16949669463293893, 0.16898830788476127, 0.16888663087572375, 0.17031011751719882, 0.16970005375998365, 0.16908999340874808, 0.1679715326854161, 0.1686832768576486, 0.16817488500050137, 0.1687849589756557, 0.16797153438840595, 0.16878495386668613, 0.1686832768576486, 0.16868327515465875, 0.16878495216369627, 0.1694966997419085, 0.167463139125279]}