{"final_performance": 0.27414800997438105, "time_steps": [608.1270000934601, 965.5142352581024, 1324.0292508602142, 1681.852626800537, 2041.8876178264618, 2401.0721955299377, 2760.0091078281403, 3118.2933650016785, 3476.4036242961884, 3834.561099052429, 4191.901636123657, 4549.723770141602, 4910.0172996521, 5271.037235021591, 5627.98353767395, 5984.839254140854, 6343.425603866577, 6702.425946474075, 7059.744921684265, 7418.313457250595, 7776.053761005402, 8134.9818477630615, 8493.449590921402, 8851.730674266815, 9210.258991003036, 9570.178446292877, 9930.191069364548, 10289.585644960403, 10649.360268115997, 11006.676281690598, 11365.935576915741, 11724.056427717209, 12082.975898265839, 12441.595402240753, 12800.750982522964, 13161.320401191711, 13520.794443130493, 13880.982154607773, 14240.416148662567, 14601.368804454803], "runtime": 14601.368804454803, "config": {"batch_size": 342.09211185013737, "log2_n_units_2": 9.026452676646837, "log10_learning_rate": -4.937130947744153, "log2_n_units_3": 7.50036647383065, "log2_n_units_1": 7.410195898216237}, "config_id": 46, "learning_curve": [0.4891107092643606, 0.4205484986305237, 0.3924178255015406, 0.3650937655876423, 0.36196813706693975, 0.34291188264715255, 0.3416011271805599, 0.32879612980217765, 0.32859447701223965, 0.32193990411429574, 0.33000605065247113, 0.3192175893947996, 0.31296632413206427, 0.2992538830329632, 0.30540431367939913, 0.2996571886128393, 0.30409356643413676, 0.29320427056016596, 0.2881629323137218, 0.2934059274607691, 0.2991530566379942, 0.2944141934657919, 0.2833232530232134, 0.28624723080931036, 0.2898769995261883, 0.2885662399489304, 0.28251664186346115, 0.27929017872645934, 0.27555958978061024, 0.2730389155190567, 0.28796128157911627, 0.28211333217292, 0.27555959594660795, 0.2722323023039719, 0.2697116362637487, 0.2767695126862362, 0.2752571044297054, 0.2656785619669947, 0.2701149377329596, 0.27414800997438105]}