{"final_performance": 0.18561671203688568, "time_steps": [366.19029784202576, 481.0466639995575, 595.7034828662872, 710.4752643108368, 825.2390785217285, 939.8956382274628, 1054.7305552959442, 1169.540706396103, 1284.1501576900482, 1398.9071760177612, 1513.6879839897156, 1628.2825500965118, 1743.0642263889313, 1858.0411214828491, 1972.711552143097, 2087.546774148941, 2202.3207013607025, 2317.0214173793793, 2431.890461921692, 2546.713109731674, 2661.320252418518, 2776.1837191581726, 2890.937806367874, 3005.4217388629913, 3120.175029039383, 3234.6019933223724, 3348.6737434864044, 3462.902989387512, 3577.160565137863, 3691.38840341568, 3805.920392513275, 3920.3709654808044, 4034.5789346694946, 4149.282736778259, 4263.837608575821, 4378.310471057892, 4493.470332622528, 4608.646018266678, 4723.772426843643, 4839.061034440994], "runtime": 4839.061034440994, "config": {"batch_size": 131.2598607899076, "log2_n_units_2": 6.500461923307594, "log10_learning_rate": -2.9849861297718596, "log2_n_units_3": 6.264962829346867, "log2_n_units_1": 6.122122970843006}, "config_id": 251, "learning_curve": [0.41864202406845596, 0.31408196060281046, 0.31237445144276865, 0.27591401887567424, 0.24296906355180237, 0.2576335888159903, 0.23352752155379242, 0.2966050599750719, 0.2598433141645632, 0.2577340336222398, 0.24457613574831105, 0.21474487452130564, 0.22559260694604166, 0.25321414047165924, 0.23995580955555562, 0.22137404586139475, 0.21243471064065633, 0.23342707753181458, 0.2401566905410666, 0.21534752767336995, 0.22157492919972066, 0.26315789630538544, 0.22267979305041463, 0.21243471064065633, 0.27300120733286204, 0.227300121595985, 0.21122940668934265, 0.2176576939068342, 0.21092808403466878, 0.19134190286460673, 0.1877259910106659, 0.18581759459093994, 0.18712334021141652, 0.18601848185062408, 0.18692245687309061, 0.18561671125261403, 0.18682201206684113, 0.18682201441965607, 0.18722378266485118, 0.18561671203688568]}