{"final_performance": 0.21497390371687863, "time_steps": [396.75583958625793, 559.8787031173706, 721.7700684070587, 882.6026704311371, 1043.4281482696533, 1204.2203211784363, 1365.1884965896606, 1525.76518034935, 1686.5682711601257, 1847.023558139801, 2008.4641754627228, 2170.0375995635986, 2330.8975701332092, 2491.5479974746704, 2651.656236410141, 2811.3340935707092, 2970.605541229248, 3129.6598653793335, 3289.2807669639587, 3448.140550136566, 3607.087614774704, 3765.403939962387, 3923.85005736351, 4082.9392170906067, 4241.561517000198, 4400.413244724274, 4559.35346364975, 4719.043025016785, 4876.921454668045, 5035.859779834747, 5194.830478668213, 5353.297493219376, 5512.420145511627, 5670.529214143753, 5828.291339874268, 5986.83444237709, 6144.975679397583, 6303.585078954697, 6462.047105789185, 6621.063120603561], "runtime": 6621.063120603561, "config": {"batch_size": 106.1455286750687, "log2_n_units_2": 9.090143435825297, "log10_learning_rate": -2.8484835292834854, "log2_n_units_3": 6.282917961864761, "log2_n_units_1": 4.151919103312551}, "config_id": 236, "learning_curve": [0.4385788846523204, 0.3177438803175663, 0.30630269139371025, 0.27097551302706946, 0.28331995390831155, 0.2667603365918423, 0.22922520941876345, 0.23946206430171402, 0.28010838779997316, 0.2530108392238617, 0.24578482610114072, 0.22330389187691058, 0.23073062998183225, 0.25863107087764337, 0.2378562821986827, 0.274588518320246, 0.22771979012387866, 0.226716179162898, 0.21216378757294185, 0.2174829352409282, 0.2484945800710232, 0.2113608990577941, 0.2297270164844838, 0.22159775077028476, 0.24578482610114072, 0.22400642075437183, 0.2147731831733216, 0.23384183391611624, 0.23083099088770276, 0.2159775178483192, 0.20584102704169904, 0.20945403106669158, 0.22962665938316507, 0.2283219580954694, 0.21517463060135533, 0.2098554765924494, 0.21356884786423214, 0.21105981443790678, 0.20333199488355758, 0.21497390371687863]}