{"final_performance": 0.23098019144751814, "time_steps": [480.2798647880554, 725.4743552207947, 970.3727481365204, 1214.988962173462, 1460.3715915679932, 1705.9100546836853, 1952.5125832557678, 2197.7129199504852, 2444.549486398697, 2690.4681594371796, 2936.1960656642914, 3180.8174068927765, 3425.6061158180237, 3668.980521440506, 3912.193202018738, 4156.002729415894, 4399.665362596512, 4642.813912391663, 4885.994127511978, 5129.955220460892, 5374.178483009338, 5618.179025888443, 5861.454293489456, 6104.474951267242, 6347.441246747971, 6590.972351551056, 6834.751351594925, 7077.876154184341, 7320.805413007736, 7564.107956409454, 7807.596302747726, 8050.989824056625, 8294.385378837585, 8537.699745416641, 8781.56601858139, 9024.90711903572, 9268.560052871704, 9511.70061635971, 9754.912615299225, 9998.19522356987], "runtime": 9998.19522356987, "config": {"batch_size": 179.6429374666321, "log2_n_units_2": 9.34014386001437, "log10_learning_rate": -1.6463472728047108, "log2_n_units_3": 5.881574705214711, "log2_n_units_1": 6.369004219864772}, "config_id": 101, "learning_curve": [0.5755205696279353, 0.45241238962520247, 0.4033519555221904, 0.3848654161800038, 0.36901980963620273, 0.30675469962033364, 0.2804469260302457, 0.23087861754677508, 0.2926358602263711, 0.2520060961896723, 0.24570848074826324, 0.24195023016496142, 0.24276282787323, 0.2455053361979398, 0.22671406594189736, 0.2626714099537243, 0.22925342863256282, 0.21239207657900727, 0.22447943253950642, 0.2385982741009105, 0.24641950563950976, 0.23189435655420476, 0.23128491531718864, 0.2264093442396684, 0.2374809525229714, 0.240629762952978, 0.22965972640297627, 0.22529202916405422, 0.22478415640917693, 0.2254951780492609, 0.23819197416305538, 0.2196038592945445, 0.2107668822461909, 0.2237684141505848, 0.23687150803479284, 0.22397155978462913, 0.23291010748256336, 0.23067546974528919, 0.2325038097121499, 0.23098019144751814]}