{"final_performance": 0.2511511565865697, "time_steps": [1234.3910002708435, 2219.093492746353, 3203.0949609279633, 4187.312543153763, 5172.875581502914, 6158.2576858997345, 7143.978390932083, 8128.599362373352, 9113.68704533577, 10100.224285840988, 11085.089399576187, 12070.676167726517, 13055.82318520546, 14040.084160804749, 15024.074910879135, 16009.575820207596, 16993.317635297775, 17977.321462869644, 18962.41927242279, 19948.567118883133, 20933.762169599533, 21918.933912992477, 22904.511118888855, 23890.76952624321, 24877.73936200142, 25863.36878299713, 26849.56275653839, 27835.58943581581, 28822.233986139297, 29808.660022497177, 30795.09605884552, 31781.392405986786, 32768.623517513275, 33754.708693265915, 34741.19588088989, 35727.191853523254, 36712.38161158562, 37697.37221479416, 38680.68918085098, 39664.84268403053], "runtime": 39664.84268403053, "config": {"batch_size": 135.3168609718802, "log2_n_units_2": 9.448829443168849, "log10_learning_rate": -3.672604361369441, "log2_n_units_3": 8.702195613786863, "log2_n_units_1": 9.117415114418113}, "config_id": 172, "learning_curve": [0.423623618241903, 0.31621621831043345, 0.2783783827279065, 0.2709709768359726, 0.23943944476746226, 0.24334334843867533, 0.2207207277014449, 0.23053053987992778, 0.23363363903922008, 0.21651652052595804, 0.24204204855738465, 0.24884885146811198, 0.21071071479771586, 0.1903903959570704, 0.23653654069513885, 0.20910911624496042, 0.17927928228636048, 0.15985986187651346, 0.15735735764374603, 0.1574574596173054, 0.1546546542966688, 0.1573573552273415, 0.1572572564756548, 0.15635635562845174, 0.15635635562845174, 0.1566566542999165, 0.15725725486471842, 0.15785785945686137, 0.15805806018210744, 0.157057057361345, 0.1565565579646343, 0.15725725889205933, 0.1583583572426358, 0.15505505574716105, 0.15575575425818156, 0.15565565550649485, 0.156656656716321, 0.1591591601436203, 0.2583583625587257, 0.2511511565865697]}