{"final_performance": 0.2033726132434347, "time_steps": [435.18261313438416, 636.7770910263062, 837.2999107837677, 1037.227519273758, 1238.4796872138977, 1439.4222140312195, 1639.287736415863, 1840.6584618091583, 2041.5648367404938, 2241.705508708954, 2441.8122901916504, 2641.500419139862, 2841.8595509529114, 3043.313059091568, 3244.129519701004, 3444.6775562763214, 3644.9598183631897, 3845.338865041733, 4046.5461831092834, 4247.739489555359, 4448.365195989609, 4648.979981660843, 4850.2042853832245, 5050.132849931717, 5251.238060474396, 5451.827044010162, 5651.900641679764, 5852.270457983017, 6053.488356590271, 6254.744049072266, 6455.574809074402, 6656.374014377594, 6859.137828350067, 7059.69088101387, 7260.730220794678, 7462.11466884613, 7662.896406888962, 7863.160614728928, 8063.84535241127, 8264.9682097435], "runtime": 8264.9682097435, "config": {"batch_size": 214.70784896994928, "log2_n_units_2": 8.167986299965166, "log10_learning_rate": -3.8113821426458347, "log2_n_units_3": 7.299627684677668, "log2_n_units_1": 6.788654777645153}, "config_id": 182, "learning_curve": [0.3655018275198729, 0.3446769584780154, 0.34386427765307215, 0.2994717592778413, 0.2961194670718649, 0.2858594085859216, 0.26015847273494885, 0.3122714369193368, 0.2546728966028794, 0.2701137778551682, 0.25111743289491406, 0.26483136545056885, 0.2645266146763511, 0.23303534932758496, 0.2566030064354772, 0.23364485735478613, 0.24136529798093054, 0.22043884189232532, 0.22887037759241846, 0.22196261649546412, 0.2253149112929469, 0.2305973185145337, 0.2143437577330548, 0.21617228829342383, 0.21810239294300904, 0.21607069476791052, 0.28738317800604773, 0.2388256801211316, 0.22947988173236022, 0.21475009944127954, 0.20540430234826135, 0.2065217391304348, 0.20316944433295203, 0.20581064535223914, 0.20570905960124475, 0.2045916267063307, 0.20560747773750965, 0.20509955286979675, 0.20489638136780786, 0.2033726132434347]}