{"config": {"log2_n_units_2": 5.311604964473085, "batch_size": 42.03498136666225, "log2_n_units_1": 4.173185743086554, "log2_n_units_3": 6.912911830859533, "log10_learning_rate": -2.966658800162069}, "valid_loss": [1.0220505547623675, 0.9157836231864801, 0.8381925803773543, 0.800184267909587, 0.7791206190566055, 0.8114939299451203, 0.8255763205410052, 0.8845893279844973, 0.7526875925915582, 0.7775961721644682, 0.8651902865962822, 0.8580844035419095, 0.8971614824498401, 0.9538968523510364, 0.9716947847554663, 0.974713050705545, 0.9689801276481452, 1.0251091582810177, 1.0770393268150442, 1.1109272187747876, 1.1497630376775725, 1.131846039297701, 1.1517155484116377, 1.2147948515891027, 1.3104918723722465, 1.225090772289188, 1.2265143598578556, 1.3097577048700397, 1.325307176393621, 1.3058711912702112, 1.352201650498294, 1.2792254249338342, 1.4407421782487582, 1.3480449874235803, 1.555653868978765, 1.333157127112651, 1.5085428278235828, 1.4155212745946997, 1.4532174833682405, 1.5541984472705537], "train_loss": [1.3120670704906727, 0.9497363916715654, 0.8025178065320023, 0.7058997699881301, 0.6256900439430185, 0.5578988788164213, 0.4941759443990573, 0.4299627470807368, 0.3830207006677109, 0.33441226664899276, 0.28894289364224346, 0.25752603738498286, 0.22366467734579654, 0.1893043584941628, 0.1699753126751694, 0.15910294208628664, 0.1363414868246764, 0.12369055905821537, 0.1133676571996507, 0.10561130600668364, 0.09817640315213029, 0.09181340012362837, 0.08906513638892251, 0.07701933676153891, 0.07211014193760529, 0.08680362088562717, 0.06628614714997233, 0.06369537436156318, 0.06086028139794171, 0.06374775494073182, 0.05856534943866011, 0.06952953593000308, 0.047457593436912485, 0.057033145762935965, 0.05626811181761749, 0.04824369367759405, 0.050004015035903814, 0.047054507185916805, 0.049191183035659114, 0.04742095881527409], "config_id": 264, "time_steps": [314.4076874256134, 378.60855746269226, 442.83379077911377, 506.97753643989563, 571.8794076442719, 636.7459599971771, 701.6383528709412, 766.3654668331146, 830.8728115558624, 895.3173496723175, 959.7967607975006, 1024.258722782135, 1088.8264350891113, 1153.3051891326904, 1217.8190033435822, 1282.3015279769897, 1346.8472414016724, 1411.064530134201, 1474.9711654186249, 1538.8550369739532, 1602.7642741203308, 1666.6713531017303, 1730.7913129329681, 1794.7650125026703, 1858.7439923286438, 1922.663390159607, 1986.640444278717, 2050.5896697044373, 2114.553545475006, 2178.459733247757, 2242.3899240493774, 2306.376612186432, 2370.347907066345, 2434.1233546733856, 2497.7349247932434, 2561.2434113025665, 2624.8502502441406, 2688.292392730713, 2751.503678560257, 2814.570564031601], "runtime": 2814.570564031601, "learning_curve": [0.3541416499544593, 0.3152260852961981, 0.28751500489331094, 0.27430972306668255, 0.25990396299782925, 0.27460984347247275, 0.2700080015078312, 0.2782112828322819, 0.23719487871442524, 0.23569427793767272, 0.24869948099641237, 0.2459984000991372, 0.24809924043527165, 0.2559023607177895, 0.2515005990236747, 0.24499800100046043, 0.2384953982188922, 0.24609843948308163, 0.2551020401365617, 0.24889955801122332, 0.25340136059192053, 0.2451980777648317, 0.241296520628849, 0.2474989986219326, 0.26180472131035903, 0.24629852075536707, 0.2438975585108044, 0.2545017993249813, 0.25590236034213, 0.2453981612910744, 0.2550020005021777, 0.2454981999236996, 0.247999200550448, 0.24049619791888388, 0.26200480070434695, 0.23989595911082096, 0.2528011200307798, 0.24399759939738686, 0.2522008812227169, 0.26360544136592323]}