{"final_performance": 0.3300411546671832, "time_steps": [615.5410475730896, 979.1142852306366, 1342.5793313980103, 1705.8113386631012, 2069.081204175949, 2432.379920244217, 2796.01854968071, 3159.6087503433228, 3523.0872581005096, 3886.7903141975403, 4250.322681903839, 4613.981362819672, 4977.741087198257, 5341.319404602051, 5704.862486839294, 6068.358866453171, 6431.814204454422, 6795.4129140377045, 7158.887959241867, 7522.491987466812, 7886.148439645767, 8249.923577070236, 8613.272894382477, 8976.093373298645, 9340.114516735077, 9703.798871040344, 10067.485864639282, 10431.227872610092, 10794.665571928024, 11158.120484113693, 11521.521581888199, 11884.96162390709, 12247.905982732773, 12610.756150245667, 12974.069379806519, 13337.187405109406, 13700.410435914993, 14063.550908327103, 14425.75144982338, 14788.018640518188], "runtime": 14788.018640518188, "config": {"batch_size": 360.73818081378187, "log2_n_units_2": 8.26700141830631, "log10_learning_rate": -1.0770144074731176, "log2_n_units_3": 8.135393821743182, "log2_n_units_1": 7.976531298761241}, "config_id": 226, "learning_curve": [0.7958847753427647, 0.7474279823126616, 0.6515432099501293, 0.6177983548906114, 0.5841563785517657, 0.5783950609189492, 0.5270576134875968, 0.5007201709129192, 0.49485596683290267, 0.4548353917068906, 0.4582304535088716, 0.4654320942031013, 0.47263374262385893, 0.4409465006104222, 0.3986625516856158, 0.417901235598105, 0.4325102854658056, 0.3795267542203268, 0.39938272370232475, 0.37191357877519393, 0.3740740749571059, 0.3781893032568472, 0.3515432057557283, 0.3303497897254096, 0.31820988434332387, 0.36121398652041403, 0.32037037390249745, 0.3491769543400517, 0.3180041158640826, 0.3135802458833765, 0.32129629232265333, 0.3244855955795005, 0.3400205704900954, 0.3119341598616706, 0.33909464544720125, 0.3303498007633068, 0.30617283450232613, 0.32294238275951814, 0.3025720141552113, 0.3300411546671832]}