{"final_performance": 0.21656114952538608, "time_steps": [607.2406885623932, 964.7149388790131, 1322.425704240799, 1680.1993012428284, 2038.1147899627686, 2395.864235162735, 2753.117701292038, 3110.5744960308075, 3467.9555060863495, 3825.51483130455, 4182.9577033519745, 4540.339834213257, 4897.360043048859, 5254.834744930267, 5612.410655260086, 5970.226758718491, 6327.939476490021, 6685.690998077393, 7043.434020757675, 7401.253728151321, 7759.147228002548, 8116.5366859436035, 8474.555940628052, 8832.391062021255, 9190.262913942337, 9548.380110025406, 9906.47413778305, 10264.46284031868, 10622.432221651077, 10980.623070716858, 11338.723102331161, 11696.155070066452, 12054.040264129639, 12411.766824960709, 12769.56032705307, 13127.475972414017, 13485.26487660408, 13843.109448194504, 14200.980258226395, 14558.793761014938], "runtime": 14558.793761014938, "config": {"batch_size": 107.9522894567423, "log2_n_units_2": 4.933813449319933, "log10_learning_rate": -3.8189952482160265, "log2_n_units_3": 8.178417244494572, "log2_n_units_1": 8.587516320693439}, "config_id": 158, "learning_curve": [0.41141593776723395, 0.3577529890562898, 0.34207617082903463, 0.29916591349468435, 0.3267008360996041, 0.2750477361422713, 0.278866446146401, 0.2664053895140207, 0.288111751438469, 0.29203095679642055, 0.2703245923083316, 0.26359160292533135, 0.2677117887363639, 0.2507285712867655, 0.25193447900074784, 0.24017686549053396, 0.26057682947445937, 0.23002713405957786, 0.29122701319315103, 0.24972364723041496, 0.24972364658950474, 0.24861822846115278, 0.2357552019498681, 0.2317355063653761, 0.2504270941980423, 0.2402773602034456, 0.24168425413870043, 0.2747462596944583, 0.23565471108241742, 0.22259069578621982, 0.2531403905601912, 0.34277962036030263, 0.25303989905183033, 0.2269118684594349, 0.23213747111699912, 0.289217169566821, 0.22480153012019333, 0.2162596724366629, 0.22118380121005476, 0.21656114952538608]}