{"final_performance": 0.17097436006252587, "time_steps": [1134.909981250763, 2017.653105020523, 2900.3250031471252, 3784.0630333423615, 4668.827968597412, 5552.106736660004, 6435.244661808014, 7319.175760269165, 8203.526290416718, 9086.830758810043, 9970.728563308716, 10854.774331331253, 11737.842963218689, 12620.88993859291, 13503.103751897812, 14384.94372344017, 15267.030539989471, 16149.102759122849, 17031.158647298813, 17912.49935412407, 18793.796050548553, 19674.56007862091, 20555.403351545334, 21435.627841949463, 22315.93784403801, 23195.962812423706, 24076.308882951736, 24956.3966217041, 25836.29703593254, 26716.86407971382, 27597.110718250275, 28476.665989875793, 29356.54860019684, 30235.614042043686, 31114.615389347076, 31993.542793035507, 32873.14525938034, 33753.295268535614, 34633.23111152649, 35513.45639896393], "runtime": 35513.45639896393, "config": {"batch_size": 375.8598190226286, "log2_n_units_2": 9.811688710918235, "log10_learning_rate": -2.157262009009163, "log2_n_units_3": 5.388611431270035, "log2_n_units_1": 8.838621258633363}, "config_id": 57, "learning_curve": [0.5912820490506979, 0.47989743260236883, 0.37220512674405026, 0.38523076589290917, 0.3075897349761083, 0.2894359001746545, 0.2853333399846003, 0.2799999988996066, 0.25712820887565613, 0.21794872100536644, 0.2702564161557418, 0.246666662968122, 0.24194871691557074, 0.21497435753162086, 0.2632820560381963, 0.2734358975520501, 0.22235896954169643, 0.21394871748410738, 0.21661538344163156, 0.20256410195277286, 0.22482051069919884, 0.21487179398536682, 0.270564099917045, 0.21179487613531256, 0.2149743598241073, 0.2204102529929235, 0.21435896937663734, 0.2125128209590912, 0.2096410256165725, 0.20471794559405398, 0.20769230677531314, 0.19856410301648653, 0.21558975027157712, 0.2566153865594131, 0.22256409892669093, 0.2139487220690801, 0.198666668855227, 0.181948721408844, 0.18112820616135228, 0.17097436006252587]}