{"final_performance": 0.2191532244605403, "time_steps": [530.8014149665833, 812.0078663825989, 1093.6922962665558, 1375.0765578746796, 1655.9257414340973, 1936.4673795700073, 2216.531667947769, 2496.020142555237, 2775.2822284698486, 3054.4546670913696, 3333.3203892707825, 3611.721177339554, 3889.731343269348, 4168.098497629166, 4446.289329528809, 4724.491751194, 5002.363749027252, 5280.186115503311, 5557.88839673996, 5835.437577724457, 6112.954708099365, 6389.984500169754, 6667.341382026672, 6944.419633865356, 7221.415008306503, 7498.428559780121, 7775.1465673446655, 8051.828149795532, 8328.528117656708, 8604.701961517334, 8881.611588478088, 9158.34097790718, 9434.840518474579, 9711.550116062164, 9988.221451282501, 10264.74615764618, 10541.44222521782, 10818.128071069717, 11094.667444944382, 11371.164222955704], "runtime": 11371.164222955704, "config": {"batch_size": 160.30606872165998, "log2_n_units_2": 9.741216490034924, "log10_learning_rate": -1.9607921013924097, "log2_n_units_3": 7.273728590614843, "log2_n_units_1": 5.309334429293111}, "config_id": 145, "learning_curve": [0.5267137096774194, 0.36723790534081, 0.3388104804100529, 0.26834677111717964, 0.26028225306541686, 0.32963709965828925, 0.24566532142700692, 0.24042338805813945, 0.24284273866684203, 0.23387096485783976, 0.23820564343083295, 0.2428427434736683, 0.24344757872243084, 0.2218749994231809, 0.23165322696008994, 0.2295362949371338, 0.24455645007471882, 0.24707661424913718, 0.22157257891470383, 0.22046371044651158, 0.2312499996154539, 0.23891129032258063, 0.24344758064516125, 0.22580645065153804, 0.23659274174321088, 0.23104838882723167, 0.21784274135866477, 0.21491935560780184, 0.21622984447786886, 0.22137096428102065, 0.22701613172408075, 0.23427419604793676, 0.20433467626571655, 0.22802419431747933, 0.22116935829962459, 0.22449596562693197, 0.21139112980135022, 0.2236895118990252, 0.2306451605212304, 0.2191532244605403]}