{"final_performance": 0.3101291308800379, "time_steps": [297.3579604625702, 351.9188723564148, 406.37387895584106, 461.04269552230835, 515.666942358017, 570.5176134109497, 625.2818925380707, 679.8190686702728, 734.5160496234894, 789.0943849086761, 843.7995462417603, 898.3127732276917, 952.8545336723328, 1007.5365149974823, 1062.2693693637848, 1116.826182603836, 1171.521455526352, 1226.3568849563599, 1281.035007238388, 1335.6813385486603, 1390.3834540843964, 1445.149560213089, 1499.9325823783875, 1554.8693380355835, 1609.690911769867, 1664.5363540649414, 1719.1188321113586, 1773.6617925167084, 1828.4240636825562, 1883.1613600254059, 1938.1380488872528, 1993.0415878295898, 2047.7515225410461, 2102.3602561950684, 2157.076940536499, 2211.8756806850433, 2266.6630008220673, 2321.6225950717926, 2376.4021379947662, 2431.13716173172], "runtime": 2431.13716173172, "config": {"batch_size": 413.17544341673107, "log2_n_units_2": 4.281434654466268, "log10_learning_rate": -4.068754300488629, "log2_n_units_3": 8.332160128864569, "log2_n_units_1": 4.627236994982513}, "config_id": 224, "learning_curve": [0.587873287498951, 0.508878127982219, 0.4703389828403791, 0.44673123210668564, 0.4237288137276968, 0.4192897453904152, 0.4025423750281334, 0.3930589134494463, 0.3940677916010221, 0.38529055565595627, 0.3738902285695076, 0.37288135538498557, 0.36662631233533227, 0.36632363994916284, 0.364608551065127, 0.3540153304735819, 0.3516949092348417, 0.34776028990745544, 0.34786117573579156, 0.3475585108002027, 0.3419087926546732, 0.33484664807717, 0.332324447731177, 0.3335351074735323, 0.3318200086553892, 0.3313155770301819, 0.3268765086929003, 0.32062146812677383, 0.327280064423879, 0.32627118130524957, 0.3302058080832163, 0.3196125800410906, 0.31446731090545654, 0.3237489884098371, 0.3221347828706106, 0.3169895062843958, 0.3167877271771431, 0.3104317982991537, 0.3121468896667162, 0.3101291308800379]}