{"final_performance": 0.154343433452375, "time_steps": [562.7332463264465, 874.1752269268036, 1186.047658920288, 1498.1608130931854, 1810.5535397529602, 2123.0645570755005, 2435.7372229099274, 2748.697953939438, 3061.7156953811646, 3374.984200000763, 3688.281190395355, 4001.285379886627, 4314.387137413025, 4627.697646141052, 4941.232393980026, 5254.783340930939, 5568.098819732666, 5881.574296474457, 6195.366105556488, 6508.937021017075, 6822.618274688721, 7136.301460981369, 7450.110451221466, 7763.866801977158, 8077.544250965118, 8391.325073242188, 8705.418586015701, 9019.083501815796, 9333.20743227005, 9647.22095823288, 9961.50192809105, 10275.710307836533, 10589.882324934006, 10903.892889499664, 11218.249363422394, 11532.392782211304, 11846.801506280899, 12161.148965358734, 12475.514202594757, 12789.507530927658], "runtime": 12789.507530927658, "config": {"batch_size": 300.6133914723584, "log2_n_units_2": 8.54937376564026, "log10_learning_rate": -2.956779036029542, "log2_n_units_3": 9.733749611908783, "log2_n_units_1": 6.608668571918162}, "config_id": 237, "learning_curve": [0.5094949503739674, 0.44151514949220605, 0.314242422580719, 0.3184848427772522, 0.3003030329039602, 0.23212121291594068, 0.2604040395129811, 0.2259595917932915, 0.26343434687816736, 0.20161616260355164, 0.272323236320958, 0.210505050240141, 0.2269696954524878, 0.2053535345828894, 0.22333333528403077, 0.20262626265034533, 0.20969697020270606, 0.17515151789694117, 0.15535353530537, 0.1536363652258208, 0.15525252710689197, 0.1536363652258208, 0.15565656531940808, 0.15414141344301624, 0.15272727337750525, 0.15444444165085303, 0.15414141886162036, 0.15424242525389698, 0.1539393934336576, 0.1539393934336576, 0.15363636703202221, 0.1550505052913319, 0.15525252530069067, 0.15373737161809753, 0.1540403998259342, 0.15242423794486304, 0.15424242344769568, 0.15313131159002136, 0.1543434352585764, 0.154343433452375]}