{"final_performance": 0.8983593417559655, "time_steps": [765.5777997970581, 1276.282429933548, 1786.9266459941864, 2299.611944437027, 2810.1470787525177, 3319.70982503891, 3829.896787405014, 4340.28030872345, 4849.756063222885, 5359.277500867844, 5869.394016981125, 6379.915510892868, 6890.599706411362, 7400.878322839737, 7911.3293516635895, 8417.418448448181, 8922.23031282425, 9427.077699661255, 9931.708455085754, 10435.551394224167, 10939.60024881363, 11443.840565919876, 11947.500741243362, 12452.032074213028, 12957.067985534668, 13463.398207902908, 13969.837563037872, 14473.305812597275, 14976.99942612648, 15480.661535263062, 15984.957101345062, 16488.72510766983, 16993.153270959854, 17497.17004108429, 18001.175001859665, 18506.60824918747, 19013.94259095192, 19520.63814496994, 20026.989137887955, 20531.308545589447], "runtime": 20531.308545589447, "config": {"batch_size": 34.32842360118209, "log2_n_units_2": 5.90590608285586, "log10_learning_rate": -1.0780795879476859, "log2_n_units_3": 9.049672563364897, "log2_n_units_1": 8.984196244382135}, "config_id": 86, "learning_curve": [0.8983593417559655, 0.8996598621272818, 0.8996598621272818, 0.898759501846824, 0.8978591417374254, 0.8978591417374254, 0.9047619028992596, 0.9022609026925195, 0.9020608224443534, 0.8978591417374254, 0.898759501846824, 0.8996598621272818, 0.9022609026925195, 0.9020608224443534, 0.9020608224443534, 0.898759501846824, 0.898759501846824, 0.9047619028992596, 0.9020608224443534, 0.9047619028992596, 0.9022609026925195, 0.8974589816338959, 0.8974589816338959, 0.9002601021875432, 0.9002601021875432, 0.9002601021875432, 0.898659461855787, 0.898759501846824, 0.8974589816338959, 0.898759501846824, 0.9020608224443534, 0.9047619028992596, 0.9047619028992596, 0.8996598621272818, 0.8996598621272818, 0.9022609026925195, 0.8978591417374254, 0.8985594218204014, 0.9020608224443534, 0.8983593417559655]}