{"final_performance": 0.41676954627037044, "time_steps": [457.75001549720764, 673.2071213722229, 888.8217074871063, 1104.7197623252869, 1320.740250825882, 1537.0653192996979, 1753.328688621521, 1969.6350750923157, 2186.21448636055, 2402.815218925476, 2619.421966075897, 2835.980922937393, 3052.3368945121765, 3268.718794107437, 3485.23024725914, 3701.9711701869965, 3918.79558300972, 4135.727872371674, 4352.178633213043, 4569.1583659648895, 4785.6109664440155, 5002.071302175522, 5218.392638206482, 5435.2940101623535, 5652.03417468071, 5868.648238897324, 6085.404584884644, 6302.263891458511, 6518.636606216431, 6734.967300891876, 6951.460702419281, 7167.970115661621, 7384.4848754405975, 7601.138908863068, 7817.500073671341, 8033.902292728424, 8250.19652891159, 8466.741264343262, 8683.043699979782, 8899.321756601334], "runtime": 8899.321756601334, "config": {"batch_size": 324.6500356817241, "log2_n_units_2": 9.282364855398527, "log10_learning_rate": -0.3322669451619218, "log2_n_units_3": 5.3348241149738485, "log2_n_units_1": 6.066212149448424}, "config_id": 231, "learning_curve": [0.7633744860688845, 0.7588477383057276, 0.657716049750646, 0.6644032925367356, 0.5565843611955643, 0.5669753054777782, 0.6331275751193364, 0.5076131621996562, 0.4792181044816971, 0.5449588467677434, 0.49403291940689087, 0.4909464995066325, 0.4632716049750646, 0.4390946507453919, 0.4568930049737294, 0.4528806606928507, 0.4760288039843241, 0.47355967164039614, 0.44310699899991357, 0.4162551442782084, 0.42767490347226456, 0.41419753432273865, 0.4160493830839793, 0.4519547333319982, 0.4465020567178726, 0.4523662567138672, 0.4610082318385442, 0.42006172339121506, 0.47736625572045643, 0.4066872437795003, 0.40082304279009506, 0.46882715721925095, 0.4161522626876831, 0.4161522626876831, 0.4161522666613261, 0.4400205751260121, 0.45432098905245466, 0.43755144377549493, 0.4078189293543498, 0.41676954627037044]}