{"final_performance": 0.18614718975958888, "time_steps": [652.450169801712, 1049.779812335968, 1447.5285890102386, 1845.3094553947449, 2243.368137359619, 2641.43989276886, 3039.4265081882477, 3438.1829199790955, 3837.48158288002, 4236.839833498001, 4636.037445068359, 5035.420351743698, 5434.6569566726685, 5833.273012876511, 6226.261690855026, 6619.200671672821, 7011.743978977203, 7404.726109266281, 7797.146852254868, 8182.7720901966095, 8567.749005317688, 8952.155786514282, 9337.11839723587, 9721.626938581467, 10106.670908689499, 10491.361873626709, 10876.174752473831, 11260.420278549194, 11644.615899562836, 12029.265025138855, 12413.77318763733, 12798.262127876282, 13183.091675519943, 13567.812322616577, 13952.287449598312, 14336.934925317764, 14720.344412565231, 15103.982068538666, 15487.540223360062, 15876.372033834457], "runtime": 15876.372033834457, "config": {"batch_size": 129.74800742858076, "log2_n_units_2": 8.666302576725569, "log10_learning_rate": -3.9185341753320557, "log2_n_units_3": 9.543916792547002, "log2_n_units_1": 7.339126771151757}, "config_id": 97, "learning_curve": [0.3773280993684546, 0.3170240622062188, 0.2957817424427379, 0.29286217766922795, 0.28198933291744877, 0.2592368876779234, 0.25621665298164664, 0.2641699391526061, 0.28933857555513254, 0.23577972356375165, 0.2339675798044576, 0.23517567538595818, 0.2984999534371612, 0.24141749391308076, 0.2030605039039215, 0.18886540075401204, 0.18554314235588176, 0.1854424677885972, 0.1849390926299157, 0.18524111710585556, 0.18403302462070015, 0.18383167084161334, 0.1840330238466139, 0.1858451629613901, 0.18342897412064785, 0.1847377473657782, 0.18574449226453704, 0.18453639668303645, 0.18524111555768297, 0.18624786277870076, 0.18453639513486386, 0.18302627585150977, 0.18624786277870076, 0.18604651364413172, 0.183529650236105, 0.1907782128879002, 0.2946743198803493, 0.22994059788716303, 0.2079935553786042, 0.18614718975958888]}