{"final_performance": 0.35509426395098365, "time_steps": [521.8232996463776, 792.9787485599518, 1064.1370289325714, 1335.3510191440582, 1606.595288515091, 1877.8156299591064, 2149.0001726150513, 2420.274793624878, 2691.440948486328, 2962.5634286403656, 3233.6261134147644, 3506.400043964386, 3777.513070344925, 4048.6199164390564, 4319.916189670563, 4588.252261400223, 4853.235281229019, 5117.958127260208, 5382.781972646713, 5647.612315893173, 5912.229978084564, 6177.023496627808, 6441.743575811386, 6706.500945806503, 6971.339511632919, 7236.0900683403015, 7500.810624837875, 7765.509145021439, 8030.353804588318, 8295.0945250988, 8559.729472875595, 8824.493284463882, 9089.236534118652, 9353.980512142181, 9618.73190331459, 9883.420573711395, 10148.213564395905, 10412.926344394684, 10677.746006011963, 10942.588989019394], "runtime": 10942.588989019394, "config": {"batch_size": 277.0938555262361, "log2_n_units_2": 6.635053209654314, "log10_learning_rate": -5.16006772366152, "log2_n_units_3": 4.289740450553768, "log2_n_units_1": 7.957636851556134}, "config_id": 27, "learning_curve": [0.7000601705577638, 0.6228439642323388, 0.5712996381852362, 0.5410148426890373, 0.515443243086338, 0.495687926808993, 0.47884075840314233, 0.46590453634659446, 0.45838347325722373, 0.4482551150851779, 0.4411351755261421, 0.43752506789233947, 0.4254913743999269, 0.42729642656114364, 0.41716806921694016, 0.41626554396417403, 0.411452066567209, 0.4058363421095742, 0.40433212949170005, 0.3959085394938787, 0.3918973091575835, 0.3907942208978865, 0.39049337473180556, 0.38417569133970475, 0.37906136943234336, 0.376253507203526, 0.37595266600449884, 0.37003610034783685, 0.3697352574931251, 0.36843160788218177, 0.36502206325531006, 0.3673285212781694, 0.3631167279349433, 0.3626153220733007, 0.3592057791021135, 0.3557962311638726, 0.3532892151011361, 0.3575010018216239, 0.3523866848813163, 0.35509426395098365]}