{"final_performance": 0.3023679418328368, "time_steps": [394.99601316452026, 544.7334768772125, 694.6163268089294, 844.6938369274139, 994.743772983551, 1144.5190675258636, 1294.3173742294312, 1444.180640220642, 1594.0801136493683, 1744.008507490158, 1893.865695476532, 2043.7636029720306, 2193.546174287796, 2343.3893048763275, 2493.3397777080536, 2643.1664760112762, 2793.003755569458, 2942.870824813843, 3092.795473098755, 3242.7251584529877, 3392.585815668106, 3542.4663457870483, 3692.1835386753082, 3841.923928260803, 3991.735206604004, 4141.48256444931, 4291.01760840416, 4440.3608655929565, 4589.834671258926, 4739.208077430725, 4888.598358631134, 5038.002999305725, 5187.395606040955, 5336.81228518486, 5486.353394031525, 5635.7764592170715, 5785.124839305878, 5934.544300556183, 6084.150474309921, 6233.676905632019], "runtime": 6233.676905632019, "config": {"batch_size": 122.20460870848405, "log2_n_units_2": 4.687604027663832, "log10_learning_rate": -4.17712725346096, "log2_n_units_3": 5.685971668977391, "log2_n_units_1": 7.136038247655253}, "config_id": 221, "learning_curve": [0.5279295716756656, 0.4571949004391094, 0.4340214600533615, 0.3972880034535019, 0.3774539600183935, 0.3738109719606093, 0.3645011157165339, 0.359036636573297, 0.350333939363927, 0.34001214048008865, 0.3327261695155391, 0.3402145372496711, 0.3487148358498091, 0.3226067615144047, 0.3205828806500376, 0.3297915451320601, 0.3091479473643832, 0.30894555868925877, 0.3067192928290662, 0.31208257542716134, 0.316433921272372, 0.30894555795339895, 0.3011536097820894, 0.31936854639171086, 0.30864198119552044, 0.30651690047464253, 0.3110706349949778, 0.29801659819520554, 0.3064157050332905, 0.3131957113006969, 0.3030762996202634, 0.2982189876061899, 0.31198138145752896, 0.30560615474795116, 0.3071240687075957, 0.3151183981954315, 0.33647035154295557, 0.3104634689696041, 0.2996357002376039, 0.3023679418328368]}