{"final_performance": 0.43374359210332236, "time_steps": [522.777722120285, 794.2567405700684, 1066.2693605422974, 1337.918619632721, 1609.4088389873505, 1881.0569698810577, 2152.6858263015747, 2424.0742971897125, 2695.6563172340393, 2966.676393508911, 3237.8396620750427, 3508.6641438007355, 3779.882970571518, 4051.435277938843, 4321.5224940776825, 4592.4504935741425, 4862.863711833954, 5132.687801122665, 5403.035542726517, 5676.3077754974365, 5947.901094675064, 6219.358795642853, 6489.80580329895, 6760.542195081711, 7030.034463882446, 7299.52977514267, 7571.308836698532, 7842.304473876953, 8113.208987236023, 8384.549970388412, 8656.210744142532, 8927.66408586502, 9199.657101631165, 9471.286639213562, 9742.035084486008, 10013.75271320343, 10283.806733608246, 10553.852872133255, 10822.417379140854, 11091.48194527626], "runtime": 11091.48194527626, "config": {"batch_size": 325.06053114558506, "log2_n_units_2": 5.064068315289854, "log10_learning_rate": -5.329267532801839, "log2_n_units_3": 4.408874341762274, "log2_n_units_1": 8.163331313901041}, "config_id": 41, "learning_curve": [0.7884102572997411, 0.741025639573733, 0.6895384609699249, 0.6561025649309158, 0.6306666652361552, 0.6122051278750102, 0.5991794884204864, 0.5855384637912114, 0.5747692336638768, 0.5629743605852127, 0.5544615358114242, 0.5454359004894893, 0.539999998609225, 0.5298461536566417, 0.5221538464228312, 0.5126153826713562, 0.5089230785767238, 0.5035897433757782, 0.4985641032457352, 0.4974358946084976, 0.48994871675968166, 0.49117948810259504, 0.4839999993642171, 0.47989743053913114, 0.4773333301146825, 0.4763076881567637, 0.4691281974315643, 0.46646154125531514, 0.4644102543592453, 0.4598974287509918, 0.45517948071161907, 0.45579487482706704, 0.44912820160388944, 0.44882051448027294, 0.444615383942922, 0.4416410287221273, 0.44164102077484135, 0.4378461480140686, 0.4367179453372956, 0.43374359210332236]}