{"final_performance": 0.29670330194326544, "time_steps": [846.6138861179352, 1439.3118858337402, 2031.9548935890198, 2624.8217689990997, 3217.735291004181, 3811.6687569618225, 4404.883389472961, 4997.95885848999, 5590.278009653091, 6182.99271774292, 6775.286144018173, 7367.2505469322205, 7958.955331325531, 8551.359966278076, 9144.359213590622, 9737.718348741531, 10331.216116666794, 10924.029562234879, 11516.363773822784, 12109.453957557678, 12701.678126811981, 13295.247045993805, 13887.863073348999, 14480.8441593647, 15073.25022149086, 15666.176340341568, 16258.40251493454, 16851.12700033188, 17444.060817956924, 18038.664267778397, 18631.483152866364, 19224.220967769623, 19817.169447422028, 20409.744574785233, 21002.47334909439, 21594.588237285614, 22186.686737537384, 22778.680341005325, 23370.71498274803, 23963.122764587402], "runtime": 23963.122764587402, "config": {"batch_size": 252.82657404318587, "log2_n_units_2": 6.074817384348362, "log10_learning_rate": -4.810899219438952, "log2_n_units_3": 6.724182061357312, "log2_n_units_1": 9.248110452887483}, "config_id": 148, "learning_curve": [0.5241147791727996, 0.461843708386788, 0.43040292843794214, 0.40659340528341437, 0.38909239188218725, 0.37627187142005336, 0.3710826222713177, 0.35917786145821595, 0.36019536165090704, 0.34717135093150997, 0.3369963398346534, 0.3352665901184082, 0.342490845765823, 0.32580383007342995, 0.31430606658642113, 0.31746031840642297, 0.33078958285160553, 0.31695156983840156, 0.3046398101708828, 0.30647130654408383, 0.3130850700231699, 0.3160358132460178, 0.32946682893312895, 0.303011804054945, 0.3018925526203253, 0.29812780251869786, 0.29965405433605874, 0.3034188120793073, 0.3044363046303774, 0.2958892981211344, 0.3012820619803208, 0.30738706160814333, 0.28021978262143254, 0.29161579639483726, 0.2907000428591019, 0.28673178874529326, 0.29365079678021944, 0.28754578798245156, 0.29059829620214606, 0.29670330194326544]}