{"final_performance": 0.25951522435897434, "time_steps": [1279.5337765216827, 2306.1398248672485, 3332.327524662018, 4359.491025686264, 5386.277890443802, 6413.504253387451, 7441.404502868652, 8469.934437036514, 9497.377680063248, 10525.291844367981, 11552.364253759384, 12580.755617141724, 13608.599489450455, 14636.607503175735, 15665.024696111679, 16693.8754529953, 17721.980484247208, 18749.596651554108, 19778.643898248672, 20807.70470547676, 21835.73520898819, 22863.9017701149, 23892.668250322342, 24921.62678670883, 25950.15395116806, 26978.295956134796, 28007.03970503807, 29035.542375326157, 30063.32129764557, 31092.01311802864, 32122.01547241211, 33151.84500455856, 34180.854348897934, 35209.79199838638, 36238.34890818596, 37267.414360284805, 38295.270190000534, 39322.65799617767, 40350.18560099602, 41334.4707634449], "runtime": 41334.4707634449, "config": {"batch_size": 128.7446495610286, "log2_n_units_2": 7.697623139071897, "log10_learning_rate": -4.766836771275211, "log2_n_units_3": 5.167450112984224, "log2_n_units_1": 9.883526237915298}, "config_id": 78, "learning_curve": [0.43439503205128205, 0.4000400641025641, 0.37009214743589747, 0.3551682692307693, 0.34114583333333337, 0.32752403846153844, 0.3318309294871795, 0.32892628205128205, 0.3134014423076923, 0.29977964743589747, 0.29927884615384615, 0.3023838141025641, 0.3035857371794872, 0.3004807692307693, 0.31260016025641024, 0.2762419871794872, 0.29296875, 0.2872596153846154, 0.2833533653846154, 0.27654246794871795, 0.2847556089743589, 0.29627403846153844, 0.27614182692307687, 0.3026842948717948, 0.3223157051282052, 0.2762419871794872, 0.28735977564102566, 0.28505608974358976, 0.29286858974358976, 0.27954727564102566, 0.2715344551282052, 0.2887620192307693, 0.3609775641025641, 0.2660256410256411, 0.27443910256410253, 0.2862580128205128, 0.2636217948717948, 0.2899639423076923, 0.3239182692307693, 0.25951522435897434]}