{"final_performance": 0.2508163273334503, "time_steps": [450.52278566360474, 648.1864309310913, 845.4641206264496, 1042.8786675930023, 1240.1106889247894, 1437.10111784935, 1634.1381413936615, 1831.33531832695, 2028.3827159404755, 2225.547414302826, 2422.595484495163, 2619.578150033951, 2816.725550174713, 3013.3698387145996, 3210.16241312027, 3406.7165837287903, 3603.5676040649414, 3800.435929298401, 3997.125237464905, 4193.93498301506, 4390.592324495316, 4588.48104429245, 4784.703081607819, 4980.808823823929, 5177.028280973434, 5373.047313451767, 5569.041236400604, 5765.056854486465, 5961.04789018631, 6157.128040790558, 6352.67697930336, 6548.578653812408, 6744.072215795517, 6939.607382297516, 7135.553311109543, 7331.26736497879, 7526.74430847168, 7722.253525972366, 7917.999350070953, 8113.526344537735], "runtime": 8113.526344537735, "config": {"batch_size": 245.1646386268321, "log2_n_units_2": 5.03796321421712, "log10_learning_rate": -1.9156890846326808, "log2_n_units_3": 9.883845925457786, "log2_n_units_1": 7.313955976355745}, "config_id": 187, "learning_curve": [0.6297959186136722, 0.5461224474012851, 0.4586734712123871, 0.42020408660173414, 0.38081632405519483, 0.3394897982478142, 0.30989796072244646, 0.3252040833234787, 0.2960204094648361, 0.2941836684942245, 0.29499999731779103, 0.26714285612106325, 0.2634693875908851, 0.2524489775300026, 0.25418367534875874, 0.24969388097524647, 0.24285714328289032, 0.24969387650489805, 0.25969387739896777, 0.233775506913662, 0.24479592144489293, 0.24510204046964645, 0.26459183543920517, 0.2475510194897652, 0.26020408272743223, 0.2728571429848671, 0.26306122690439226, 0.2588775500655174, 0.24714285433292393, 0.25816326141357426, 0.2669387772679329, 0.2524489805102348, 0.2538775488734245, 0.26571428775787354, 0.26255102306604383, 0.2658163279294967, 0.28418367058038707, 0.252142858505249, 0.26377550661563876, 0.2508163273334503]}