{"final_performance": 0.2115211492837078, "time_steps": [461.95552825927734, 688.2799270153046, 913.9908406734467, 1139.8556661605835, 1365.381982088089, 1590.8193109035492, 1817.3867771625519, 2044.2837707996368, 2269.424851179123, 2494.786331176758, 2721.3003685474396, 2945.9826810359955, 3170.931163787842, 3395.766480922699, 3620.239344358444, 3844.615423679352, 4070.4939794540405, 4295.048274755478, 4520.002140522003, 4744.473273038864, 4967.267843961716, 5191.251094579697, 5415.48451423645, 5639.374765396118, 5862.784902095795, 6086.696637392044, 6310.120892524719, 6535.639994859695, 6759.469078063965, 6983.979759216309, 7209.033147573471, 7434.086472988129, 7659.532185316086, 7882.988643884659, 8106.154327869415, 8329.80572462082, 8553.205761909485, 8776.504174470901, 9000.382259607315, 9223.53926372528], "runtime": 9223.53926372528, "config": {"batch_size": 101.88226057114807, "log2_n_units_2": 5.196456757896747, "log10_learning_rate": -2.4419147911003467, "log2_n_units_3": 9.019031535646125, "log2_n_units_1": 7.594836384194997}, "config_id": 69, "learning_curve": [0.5232523173996897, 0.42814280860351794, 0.29892989180304785, 0.2828282768076117, 0.2624262372652689, 0.23312330848038798, 0.22692268725597498, 0.23252324744908492, 0.22492248783207902, 0.217921788644309, 0.2386238544878333, 0.22082207961515943, 0.22382238055720471, 0.22702269722716972, 0.22862285736835364, 0.21602159979367497, 0.2247224684917566, 0.2325232462449507, 0.23712370371577718, 0.21852184847147782, 0.21242123902446097, 0.23302329670299182, 0.2149214901105322, 0.23052304802518897, 0.22422241803371545, 0.216421639076387, 0.21832182913115528, 0.22692268725597498, 0.2163216303093265, 0.21742173878833504, 0.233923386443745, 0.2364236357236149, 0.21492148710019665, 0.22412240746045353, 0.2213221276649321, 0.21592158861834598, 0.21732172881714018, 0.214421439050424, 0.2138213786211881, 0.2115211492837078]}