{"final_performance": 0.24904098571875155, "time_steps": [492.9059419631958, 734.9621419906616, 977.345166683197, 1219.9844899177551, 1462.2243299484253, 1704.3364267349243, 1946.2624516487122, 2188.0578525066376, 2429.687786102295, 2670.9163279533386, 2912.133321285248, 3153.089562177658, 3394.0966351032257, 3635.219164133072, 3876.023989677429, 4116.636410474777, 4357.215847969055, 4597.630565166473, 4837.824284315109, 5077.938090324402, 5318.030828952789, 5558.1547203063965, 5798.2813358306885, 6038.367342233658, 6278.4080674648285, 6518.073534011841, 6758.294921159744, 6998.206491470337, 7238.168879508972, 7478.221501111984, 7718.281728982925, 7958.215787649155, 8197.983695030212, 8438.83791923523, 8678.72420835495, 8918.315026760101, 9157.89596748352, 9397.349287986755, 9636.867428064346, 9876.559696435928], "runtime": 9876.559696435928, "config": {"batch_size": 254.24890706805516, "log2_n_units_2": 9.932681313971543, "log10_learning_rate": -1.5557492328274023, "log2_n_units_3": 4.7297220115961505, "log2_n_units_1": 4.497576303590694}, "config_id": 220, "learning_curve": [0.6076115507345934, 0.5046436542119735, 0.4272158283453721, 0.36291136955603576, 0.3856248702758398, 0.31051887762852204, 0.29154047446373177, 0.27912375713006043, 0.2892186488860693, 0.3187966866370959, 0.27488390604654944, 0.2727639720990107, 0.2818493766662402, 0.29345850608287716, 0.2651928051924094, 0.248940035318717, 0.2543912759194007, 0.2686250683588859, 0.27145164288007295, 0.27528769694841826, 0.27316776758585226, 0.2687260202872448, 0.27357156460101784, 0.2778114217978257, 0.2522713496134832, 0.25055522032273125, 0.2531798909872006, 0.26731273302665126, 0.24823339474506867, 0.2606501074937674, 0.2755905435635493, 0.2588330308596293, 0.2476277015148065, 0.24429638874836457, 0.24439733762007498, 0.2554007646365043, 0.24631536618257177, 0.28245507295315087, 0.26317382928652644, 0.24904098571875155]}