{"final_performance": 0.15954709464106065, "time_steps": [950.8270390033722, 1656.3744242191315, 2364.5841517448425, 3070.7922554016113, 3776.295513153076, 4482.224875688553, 5188.204045057297, 5894.1272575855255, 6600.045033216476, 7306.576857805252, 8013.406311750412, 8719.371166706085, 9425.822070121765, 10132.070885896683, 10837.982222557068, 11544.079063177109, 12250.029776334763, 12955.12943148613, 13660.357974767685, 14365.32278084755, 15069.668799638748, 15775.368116378784, 16481.34353542328, 17187.871500492096, 17894.14649295807, 18600.45340871811, 19306.67630791664, 20012.29257583618, 20718.182780742645, 21424.347024202347, 22130.187174797058, 22836.280381441116, 23541.89381504059, 24247.836446762085, 24953.861280202866, 25658.988291502, 26364.942370176315, 27070.685523748398, 27776.62925720215, 28482.536238908768], "runtime": 28482.536238908768, "config": {"batch_size": 335.7768370763995, "log2_n_units_2": 7.729777642397559, "log10_learning_rate": -2.9758313960116825, "log2_n_units_3": 7.743312672663052, "log2_n_units_1": 9.303008038637456}, "config_id": 192, "learning_curve": [0.446937730600094, 0.4609366963649618, 0.3053010825453133, 0.3065362798756567, 0.29181678336242145, 0.2663921754935692, 0.2637159002238306, 0.23252701348271865, 0.23468862730881268, 0.2062789510036337, 0.2507462707059137, 0.23973236823904098, 0.21863098596704422, 0.2270715401090425, 0.20895522010737455, 0.2228512599550444, 0.1742665973202936, 0.16685538045291248, 0.1640761761829771, 0.1611940285255169, 0.16304683685302734, 0.16294390374216539, 0.1634585672411425, 0.161605769190295, 0.16294390168683281, 0.16242924229852085, 0.16212042857860698, 0.1626351064649122, 0.16212043063393955, 0.1631497699638893, 0.1615028319687679, 0.16026762847242682, 0.1605764339710104, 0.16170870435648954, 0.1610910974699875, 0.16232630302166118, 0.16037056569395391, 0.16026763052775939, 0.16139990091323853, 0.15954709464106065]}