{"final_performance": 0.3196278320891517, "time_steps": [637.8086559772491, 1024.9448902606964, 1412.1174504756927, 1799.3786182403564, 2186.488707304001, 2573.4778294563293, 2960.648736476898, 3349.1355719566345, 3735.8140687942505, 4122.687026262283, 4509.597353935242, 4895.924309253693, 5282.53559756279, 5661.505019187927, 6040.103033781052, 6418.866727113724, 6797.534686565399, 7176.20330786705, 7554.8702981472015, 7933.485160827637, 8312.161287784576, 8690.772043943405, 9069.350728750229, 9448.057705879211, 9826.603313922882, 10205.277519464493, 10583.94625210762, 10962.69669342041, 11340.324936389923, 11717.16977071762, 12095.360322713852, 12474.098438501358, 12852.171775817871, 13230.071163892746, 13608.100528240204, 13986.43951702118, 14358.992988348007, 14728.778420209885, 15095.497425317764, 15456.536249876022], "runtime": 15456.536249876022, "config": {"batch_size": 119.26341325399582, "log2_n_units_2": 6.289285069485419, "log10_learning_rate": -5.0898906716548895, "log2_n_units_3": 4.332066141779656, "log2_n_units_1": 8.574972582745078}, "config_id": 32, "learning_curve": [0.5933373286610558, 0.5252100740160262, 0.4884953807507243, 0.46058421475546696, 0.44397756883076256, 0.4256702455736342, 0.41726688366560705, 0.4070628015767961, 0.4038615212554023, 0.39175667933055336, 0.38585431909277323, 0.376850717834064, 0.3726490377670243, 0.36994795714105877, 0.36854739735523856, 0.3622448763677052, 0.3599439561367035, 0.35664263580526623, 0.3596438361065728, 0.3506402352026531, 0.34853939499173847, 0.34713883485112873, 0.3408363142183849, 0.34153659428868977, 0.3386354339974267, 0.3356342336961201, 0.3330331934349877, 0.3363345141212145, 0.3406362341982978, 0.33233291336468285, 0.33003199313368115, 0.33423367355551037, 0.33503399363585884, 0.3268307128122875, 0.33213283334459576, 0.32272907240050175, 0.33023207315376824, 0.32232891236032757, 0.3234293524708066, 0.3196278320891517]}