{"final_performance": 0.9049959871917963, "time_steps": [711.5523779392242, 1168.3566176891327, 1625.337924003601, 2082.3806188106537, 2540.2078940868378, 2998.2215473651886, 3457.2520644664764, 3916.5236196517944, 4375.079352617264, 4833.477732181549, 5291.925923109055, 5750.454842090607, 6209.003310441971, 6667.797033548355, 7125.87530040741, 7584.027081251144, 8042.3276426792145, 8500.912508487701, 8958.946474790573, 9417.276534080505, 9876.365181446075, 10335.192768096924, 10792.941596746445, 11251.100307226181, 11710.67193698883, 12168.946200609207, 12627.804950237274, 13085.975458621979, 13544.231893777847, 14002.897069215775, 14460.951402187347, 14919.022265911102, 15377.135334968567, 15835.445412635803, 16293.832010269165, 16752.764637231827, 17211.187126874924, 17670.220199346542, 18129.485987901688, 18587.952091693878], "runtime": 18587.952091693878, "config": {"batch_size": 356.10570367501845, "log2_n_units_2": 4.593137131825196, "log10_learning_rate": -0.3429543286731658, "log2_n_units_3": 8.370285911197808, "log2_n_units_1": 9.060889504292717}, "config_id": 72, "learning_curve": [0.9019863562924522, 0.9049959871917963, 0.9020866775619132, 0.8984751205093094, 0.9049959871917963, 0.8996789732149669, 0.8996789732149669, 0.9021869988313743, 0.8973715896052974, 0.8985754413796323, 0.8973715896052974, 0.8984751205093094, 0.8984751205093094, 0.8976725518171277, 0.8988764049219233, 0.8985754413796323, 0.8973715896052974, 0.8985754413796323, 0.8976725518171277, 0.8988764049219233, 0.8976725518171277, 0.8996789732149669, 0.8984751205093094, 0.8985754413796323, 0.8985754413796323, 0.9003812189080885, 0.8973715896052974, 0.8984751205093094, 0.8996789732149669, 0.9021869988313743, 0.8984751205093094, 0.9049959871917963, 0.8984751205093094, 0.9049959871917963, 0.8973715896052974, 0.9021869988313743, 0.9017857142857143, 0.9003812189080885, 0.9021869988313743, 0.9049959871917963]}