{"final_performance": 0.6986455971544439, "time_steps": [304.15684485435486, 354.3512578010559, 404.6201856136322, 454.938134431839, 505.27445912361145, 555.3596732616425, 605.4470026493073, 655.660311460495, 705.8082401752472, 756.0182144641876, 806.2242650985718, 856.4119772911072, 906.7032337188721, 956.9620759487152, 1007.359049320221, 1057.6496164798737, 1107.83726978302, 1157.9332900047302, 1208.0846445560455, 1258.2918193340302, 1308.5097076892853, 1358.6881999969482, 1408.755068063736, 1458.9730851650238, 1509.2352113723755, 1559.4730503559113, 1609.5210845470428, 1659.684003829956, 1709.8028202056885, 1759.963238954544, 1809.9783782958984, 1860.1548738479614, 1910.3095309734344, 1960.4090104103088, 2010.498161315918, 2060.494924545288, 2110.564674139023, 2160.622482061386, 2210.710223197937, 2260.734345436096], "runtime": 2260.734345436096, "config": {"batch_size": 443.22987285863127, "log2_n_units_2": 4.660684701322364, "log10_learning_rate": -5.776857411645592, "log2_n_units_3": 4.07475076006553, "log2_n_units_1": 5.058252821046159}, "config_id": 163, "learning_curve": [0.887441002171148, 0.8824132978916168, 0.8758464997464961, 0.8695875223387372, 0.8641493926671419, 0.8574799918992952, 0.8519392575729977, 0.8450646434317935, 0.8388056633147326, 0.8344962021166629, 0.82916068082506, 0.8235173401507464, 0.8203365491195158, 0.8177713934670795, 0.8127436895262111, 0.8057664686983281, 0.8005335520614277, 0.7951980300924995, 0.7905807515436953, 0.7842191694812342, 0.778062794696201, 0.7727272734045982, 0.766365688632835, 0.7618510140614076, 0.7581571909514341, 0.7527190629731525, 0.7453314160758799, 0.7418428056619384, 0.7383542006666011, 0.7350708002393895, 0.7291196395050396, 0.7238867242227901, 0.7203981117768721, 0.7169095006856052, 0.712497433478182, 0.7091114277189428, 0.70808536762541, 0.7045967551794918, 0.702647241679105, 0.6986455971544439]}