{"final_performance": 0.9031620550562035, "time_steps": [305.0939495563507, 366.1073889732361, 427.0195050239563, 487.8650915622711, 548.6909143924713, 609.691782951355, 670.6576595306396, 731.6538424491882, 792.5898013114929, 853.4659407138824, 914.2287309169769, 975.157463312149, 1036.1009707450867, 1096.8993804454803, 1157.764158964157, 1218.6210279464722, 1279.5816175937653, 1340.4780416488647, 1401.3727540969849, 1462.3279922008514, 1523.256272315979, 1584.0164613723755, 1645.0020253658295, 1705.8997147083282, 1766.9754724502563, 1827.7521061897278, 1888.5695445537567, 1949.4812014102936, 2010.3349208831787, 2071.193925380707, 2132.118824481964, 2193.052724838257, 2253.8961384296417, 2314.777390241623, 2375.656793117523, 2436.5367205142975, 2497.3392782211304, 2558.2304167747498, 2619.254947423935, 2680.156616449356], "runtime": 2680.156616449356, "config": {"batch_size": 437.82184151325635, "log2_n_units_2": 5.0240779942138944, "log10_learning_rate": -0.34167705069557464, "log2_n_units_3": 6.1639850663496265, "log2_n_units_1": 5.537171176904734}, "config_id": 164, "learning_curve": [0.8768462657251141, 0.8976492610844699, 0.8973372162065723, 0.9020178908990188, 0.8976492610844699, 0.9044102349064567, 0.8976492610844699, 0.9005616808479482, 0.8976492610844699, 0.8985853963954882, 0.9044102349064567, 0.9005616808479482, 0.8973372162065723, 0.8976492610844699, 0.8973372162065723, 0.9044102349064567, 0.8992094864899463, 0.8973372162065723, 0.9031620550562035, 0.8976492610844699, 0.8992094864899463, 0.9044102349064567, 0.9005616808479482, 0.8995215310291811, 0.8973372162065723, 0.8995215310291811, 0.9005616808479482, 0.9044102349064567, 0.9031620550562035, 0.9005616808479482, 0.8973372162065723, 0.8975452462380582, 0.8973372162065723, 0.8985853963954882, 0.8985853963954882, 0.9020178908990188, 0.9005616808479482, 0.9005616808479482, 0.9031620550562035, 0.9031620550562035]}