{"final_performance": 0.3287120716912406, "time_steps": [760.4019842147827, 1269.7270514965057, 1779.1873276233673, 2288.671931028366, 2798.153053998947, 3307.6559002399445, 3817.3422808647156, 4326.9392182827, 4836.609177350998, 5346.100890874863, 5855.618339300156, 6365.350230455399, 6874.844462633133, 7384.714176893234, 7894.270651102066, 8403.604348182678, 8913.00302195549, 9422.20732831955, 9931.372854232788, 10440.870537757874, 10950.408476352692, 11458.746547698975, 11966.531686306, 12474.809740781784, 12983.924764633179, 13491.93231511116, 13999.673345327377, 14507.36525774002, 15015.081111907959, 15523.002463579178, 16031.037119150162, 16538.90387582779, 17046.799860954285, 17554.467434883118, 18062.73366522789, 18570.915409088135, 19079.08436846733, 19587.072396039963, 20096.404673099518, 20606.026387929916], "runtime": 20606.026387929916, "config": {"batch_size": 158.95152088322695, "log2_n_units_2": 6.988660353722394, "log10_learning_rate": -5.328387968938317, "log2_n_units_3": 4.756351742201488, "log2_n_units_1": 8.972579846684031}, "config_id": 202, "learning_curve": [0.587904361505357, 0.5277275466729725, 0.487442232786663, 0.4570022102386232, 0.4434398251866537, 0.42917420324825106, 0.4199316865868039, 0.4071729982656146, 0.4086799347211444, 0.39662447524449185, 0.3885875032061622, 0.37994776358680116, 0.3755274263639299, 0.373216796488989, 0.37160940397353404, 0.36648583601391505, 0.36236689015040324, 0.3601567177545457, 0.36206549879104377, 0.3572433193524679, 0.3487040409966121, 0.3535262204351879, 0.35101466897934197, 0.3451878636602371, 0.3449869373488048, 0.34478601766011074, 0.34508739766620455, 0.3433795495638772, 0.34006429570061825, 0.33805505529282587, 0.3338356434352814, 0.3343379525911241, 0.33283102417749066, 0.3327305591295636, 0.3273056026489015, 0.32167972647954546, 0.3264014427624051, 0.3223829581623986, 0.3243922080312457, 0.3287120716912406]}