{"final_performance": 0.19269777166432345, "time_steps": [584.1461613178253, 914.0157034397125, 1243.6812357902527, 1573.3335242271423, 1903.0788815021515, 2232.6850864887238, 2562.411852121353, 2891.9699232578278, 3221.6135547161102, 3551.3023674488068, 3881.086142539978, 4211.053867101669, 4541.17060136795, 4871.214584350586, 5201.2715673446655, 5531.186372280121, 5861.139752864838, 6191.150583744049, 6521.636466264725, 6851.5847709178925, 7181.659106016159, 7512.083434581757, 7841.827178478241, 8171.9176115989685, 8501.880552053452, 8831.782366037369, 9161.971329450607, 9491.588538885117, 9821.602540493011, 10151.23311328888, 10480.785643815994, 10810.332092761993, 11139.45081448555, 11468.78328037262, 11798.041876792908, 12126.962866306305, 12456.231291532516, 12785.590515851974, 13114.86547589302, 13444.089007377625], "runtime": 13444.089007377625, "config": {"batch_size": 170.6400179357016, "log2_n_units_2": 9.536352347055052, "log10_learning_rate": -3.595465552864418, "log2_n_units_3": 4.898544374834039, "log2_n_units_1": 6.916617363159678}, "config_id": 93, "learning_curve": [0.38417849355730516, 0.31338741964307326, 0.33255577704002115, 0.33529411307696644, 0.27880324063629935, 0.3145030366963354, 0.27545638536584793, 0.2960446230296431, 0.26967545624437006, 0.2747464447185911, 0.24026369534689807, 0.3011156197251945, 0.2916835710920137, 0.2607505074862776, 0.25841784682767144, 0.21957403832468492, 0.23701825737953186, 0.2109533507248451, 0.19939148117756023, 0.1989858068268875, 0.19898580477155492, 0.19868154669630111, 0.19837728553804856, 0.19847870695179903, 0.1996957413081465, 0.197261663346455, 0.1978701866906265, 0.1979716060490444, 0.1969574062988676, 0.196855987968116, 0.19736308167720662, 0.345233259529903, 0.35121703147888184, 0.26186612248420715, 0.23458418147317295, 0.24695740486013473, 0.20233266004200634, 0.19503043026759703, 0.19624746667927706, 0.19269777166432345]}