{"final_performance": 0.2302756871495928, "time_steps": [523.2976295948029, 794.9817364215851, 1066.893325328827, 1338.843725681305, 1610.6947886943817, 1882.6133608818054, 2154.846692800522, 2426.8455395698547, 2698.7226836681366, 2970.8373918533325, 3242.9795985221863, 3514.9605355262756, 3787.2560687065125, 4059.042482614517, 4331.018627882004, 4602.879224538803, 4874.782940626144, 5146.642434120178, 5418.501228570938, 5690.407580137253, 5962.637645483017, 6234.831933498383, 6506.755640745163, 6778.748342752457, 7050.588402271271, 7322.865146398544, 7594.89374423027, 7866.72632932663, 8138.750083208084, 8410.872613430023, 8683.351836681366, 8955.60839676857, 9227.872426748276, 9499.885788202286, 9771.991380214691, 10044.211309194565, 10316.45483636856, 10588.727037906647, 10860.834211826324, 11132.72570848465], "runtime": 11132.72570848465, "config": {"batch_size": 285.31013598020667, "log2_n_units_2": 9.772479270932493, "log10_learning_rate": -3.8540662558149226, "log2_n_units_3": 5.9541230529431015, "log2_n_units_1": 5.650712115251668}, "config_id": 66, "learning_curve": [0.422957398210253, 0.33964911528996056, 0.3308270641735622, 0.3791478719030108, 0.3184962477002825, 0.3257142867360796, 0.36050124849591936, 0.3498746871948242, 0.26015037298202515, 0.2666666609900338, 0.27739348752158033, 0.2783959865570068, 0.2783959882599967, 0.2471177918570382, 0.24751879317419867, 0.24711779526301791, 0.2407017537525722, 0.23849624225071497, 0.23147869450705394, 0.22927318130220686, 0.23408521073205135, 0.24280701705387664, 0.23719298669270106, 0.2302756871495928, 0.23127819299697872, 0.22616541045052663, 0.23408520732607163, 0.2295739327158247, 0.23468671185629708, 0.22646615845816476, 0.2295739327158247, 0.2297744393348694, 0.23057643856321064, 0.23959899459566392, 0.22957393101283485, 0.22847117696489605, 0.22817042384828845, 0.2299749340329852, 0.2278696724346706, 0.2302756871495928]}