{"final_performance": 0.2892266902430304, "time_steps": [371.7003347873688, 497.9108397960663, 624.0939383506775, 750.1769938468933, 876.2598938941956, 1002.3744204044342, 1128.4356980323792, 1254.5576453208923, 1380.7655885219574, 1507.031882762909, 1633.1608645915985, 1759.4832770824432, 1885.6317427158356, 2011.8854887485504, 2138.256491422653, 2264.470095872879, 2390.788623571396, 2517.063378095627, 2643.3376219272614, 2769.709187269211, 2896.0445351600647, 3022.331592798233, 3148.6184017658234, 3274.9121091365814, 3401.272001028061, 3527.6335666179657, 3654.060174226761, 3780.3839292526245, 3906.731659412384, 4033.0492358207703, 4159.326992511749, 4285.637970685959, 4412.124084711075, 4538.58540892601, 4664.8663737773895, 4791.1946675777435, 4917.645618200302, 5044.062699794769, 5170.43736243248, 5296.812027692795], "runtime": 5296.812027692795, "config": {"batch_size": 338.7970887537399, "log2_n_units_2": 7.01437738077059, "log10_learning_rate": -4.563785268475243, "log2_n_units_3": 8.185284242429889, "log2_n_units_1": 6.026423020017132}, "config_id": 180, "learning_curve": [0.507753515037997, 0.4525607012469193, 0.414303208219594, 0.39726585971898043, 0.3755356032272865, 0.3660477461486027, 0.3538053467355925, 0.34645990873205246, 0.351458884518722, 0.3372781132829601, 0.3402366905376829, 0.33666598591311225, 0.31840440939212666, 0.3159559307427242, 0.3146296657364944, 0.31279331034627456, 0.31677208275630553, 0.305141806602478, 0.310548878949264, 0.2999387876740818, 0.3018771738841616, 0.30544787028740195, 0.3054478723427345, 0.30534584357820704, 0.2956539495237942, 0.2960620275859175, 0.29983677124154984, 0.29493981188741225, 0.2932054729297243, 0.29228729215161553, 0.2914711319167038, 0.28983880939154794, 0.29606202964125006, 0.28698224856935695, 0.28932871284156014, 0.29014486485514146, 0.2869822506246895, 0.28667619105043085, 0.2890226491566362, 0.2892266902430304]}