{"final_performance": 0.9045986287963035, "time_steps": [690.0440359115601, 1365.3475692272186, 2040.866047859192, 2710.430200099945, 3369.2345898151398, 4027.769825696945, 4672.758390426636, 5315.495711326599, 5958.082456588745, 6600.896519422531, 7243.540031194687, 7885.996272802353, 8528.157566547394, 9170.431687116623, 9812.518678426743, 10454.85029745102, 11097.041641712189, 11738.86570429802, 12381.051655054092, 13023.095522403717, 13665.087541103363, 14307.305333137512, 14949.563665866852, 15591.714198827744, 16234.032207489014, 16861.75545978546, 17488.63361620903, 18115.449711084366, 18742.35227203369, 19369.15993785858, 19995.98159456253, 20622.956518888474, 21249.845070123672, 21876.76171898842, 22503.594571828842, 23132.268942832947, 23759.141223192215, 24385.87478518486, 25012.565312862396, 25639.650952100754], "runtime": 25639.650952100754, "config": {"batch_size": 148.69010940810332, "log2_n_units_2": 5.846505416765659, "log10_learning_rate": -0.26466152170486357, "log2_n_units_3": 8.512919481154423, "log2_n_units_1": 9.576506691311431}, "config_id": 8, "learning_curve": [0.9003630496227919, 0.8988503427870238, 0.8986486483976912, 0.8988503427870238, 0.9003630496227919, 0.8988503427870238, 0.9020774503474804, 0.8988503427870238, 0.8973376366184719, 0.8973376366184719, 0.9023799915144692, 0.8988503427870238, 0.8973376366184719, 0.8998588142332746, 0.9023799915144692, 0.8973376366184719, 0.8988503427870238, 0.8986486483976912, 0.897640178007866, 0.9023799915144692, 0.8982452604530462, 0.9023799915144692, 0.8973376366184719, 0.8982452604530462, 0.8982452604530462, 0.8988503427870238, 0.897640178007866, 0.8998588142332746, 0.9003630496227919, 0.9045986287963035, 0.8982452604530462, 0.8973376366184719, 0.8986486483976912, 0.8988503427870238, 0.8988503427870238, 0.9023799915144692, 0.9045986287963035, 0.9023799915144692, 0.9045986287963035, 0.9045986287963035]}