{"config": {"log2_n_units_2": 7.701095681153634, "batch_size": 334.7780011536618, "log2_n_units_1": 7.78781612031756, "log2_n_units_3": 4.675158300147978, "log10_learning_rate": -0.7703140636164436}, "valid_loss": [2.1398831564804603, 1.814202070236206, 1.6696491570308292, 1.5938508263949691, 1.4430735152343224, 1.4414977821810493, 1.5806316507273708, 1.3307329662914933, 1.3157549192165505, 1.2442652932528793, 1.2160068174888348, 1.31663061421493, 1.171418177670446, 1.1410682982411877, 1.183048647025536, 1.234902813516814, 1.137313304276302, 1.186620952754185, 1.2023173077353115, 1.0884244092579545, 1.1456406938618626, 1.1659099685734715, 1.2813091565822732, 1.1719882817103946, 1.2855779138104668, 1.1654599288414265, 1.2994345837625965, 1.1865486029920906, 1.1569686675893849, 1.2196288725425457, 1.5598654171516155, 1.3766841436254567, 1.2311348092967067, 1.3290124556113934, 1.2541054446121742, 1.3051942628005455, 1.3527003403367668, 1.3400329186998565, 1.408202417965593, 1.406455549700507], "train_loss": [2.760567007946367, 1.9794636904692449, 1.738761206634906, 1.5944369009562902, 1.4990752705005037, 1.4273437992865299, 1.3540452187802612, 1.2937168864642872, 1.2377548378054835, 1.208297279702515, 1.1309848037086616, 1.1140560758214038, 1.082002904234814, 1.0707374685952644, 1.0359564353437984, 0.9940944930084613, 0.977508980686925, 0.9554190139810578, 0.9311950527319387, 0.9014448508495042, 0.8900691045432532, 0.850161558940631, 0.8370677473164406, 0.830250902837064, 0.814955197963394, 0.7897731326207393, 0.7606958807015619, 0.7492319250307163, 0.7384284188767442, 0.6976398174502269, 0.6883144273477442, 0.6946714114742119, 0.6736210664781201, 0.64609704773967, 0.6298644252184058, 0.5929065061216595, 0.6252409410075981, 0.6042462817761076, 0.562782051683474, 0.5417781251819194], "config_id": 258, "time_steps": [523.911553144455, 795.7088413238525, 1067.3820700645447, 1338.877676486969, 1610.3982005119324, 1881.7840087413788, 2152.8439424037933, 2424.462438583374, 2695.805850982666, 2967.0242607593536, 3238.5196073055267, 3509.917744874954, 3780.9676027297974, 4051.9132585525513, 4323.114665031433, 4594.245033502579, 4865.51137471199, 5136.66277384758, 5408.247299194336, 5679.886851549149, 5951.61736536026, 6222.858071088791, 6494.407527923584, 6765.866970539093, 7037.919492483139, 7309.997381210327, 7582.127328634262, 7854.313170909882, 8126.297576665878, 8398.302177906036, 8670.591069459915, 8942.558165311813, 9214.69147491455, 9486.82024717331, 9758.622524738312, 10030.506182909012, 10302.205361127853, 10574.158587217331, 10846.057413339615, 11117.98731637001], "runtime": 11117.98731637001, "learning_curve": [0.8157134004707994, 0.6891389643323833, 0.6177988853947869, 0.584555027813747, 0.5307660575570732, 0.5499690277823086, 0.5825934348435238, 0.4744992759721033, 0.4735701063583637, 0.4471402024400646, 0.4314474442909504, 0.47036961029315816, 0.42143299661833666, 0.411315303424309, 0.4193681622373646, 0.4443526709901875, 0.4003716789442917, 0.4095601953309158, 0.4159611812953291, 0.3810654590869772, 0.3969646980022562, 0.40202354357160375, 0.4095601953309158, 0.39190584421157837, 0.4282469585024077, 0.3890150703232864, 0.42607888271068706, 0.39871980198498425, 0.3764195729946268, 0.40192029599485724, 0.47284740312346096, 0.44270080122454414, 0.3929382644850632, 0.3974809030006672, 0.39376419988171807, 0.387569692628137, 0.3975841423560833, 0.38880859366778675, 0.3970679332470072, 0.3929382562637329]}