{"final_performance": 0.1695999999046326, "time_steps": [432.5070381164551, 851.5316543579102, 1270.5197257995605, 1689.8059842586517, 2108.7313380241394, 2526.6456129550934, 2938.1430883407593, 3349.559958457947, 3760.9542293548584, 4170.912217378616, 4574.676835536957, 4978.26974272728, 5381.808443546295, 5785.177129507065, 6188.478595256805, 6591.735525369644, 6994.839279651642, 7397.898417472839, 7800.799649953842, 8203.289958715439, 8605.766983747482, 9008.126395702362, 9410.430850505829, 9812.892797231674, 10215.43825507164, 10617.886005401611, 11020.26213669777, 11422.730188846588, 11825.103571414948, 12227.741256713867, 12630.217557430267, 13032.559801101685, 13435.010141849518, 13837.407236099243, 14239.826484441757, 14642.282864570618, 15044.721742153168, 15446.68148469925, 15848.574970960617, 16250.592142820358], "runtime": 16250.592142820358, "config": {"batch_size": 80.8583263582227, "log2_n_units_2": 9.708750873654495, "log10_learning_rate": -3.292825156909905, "log2_n_units_3": 7.6600004207217465, "log2_n_units_1": 6.928322832800754}, "config_id": 10, "learning_curve": [0.34149999713897705, 0.2792999992370605, 0.2672999978065491, 0.2273999996185303, 0.2708999996185303, 0.221800000667572, 0.22260000181198125, 0.2108999991416931, 0.2187000026702881, 0.22030000066757205, 0.2779999976158142, 0.21800000143051146, 0.215500002861023, 0.19140000057220463, 0.2578999981880188, 0.2071999983787537, 0.2088999972343445, 0.19819999980926517, 0.18679999732971186, 0.20779999876022337, 0.21250000095367427, 0.18580000066757207, 0.16600000190734865, 0.15320000123977662, 0.1525000004768372, 0.15300000000000002, 0.1534000005722046, 0.15210000181198124, 0.15170000314712528, 0.15079999876022343, 0.15220000171661374, 0.15090000200271603, 0.15090000009536741, 0.1507000002861023, 0.1498999996185303, 0.15050000143051145, 0.1514000024795532, 0.18739999914169314, 0.1824999966621399, 0.1695999999046326]}