{"final_performance": 0.36651265348186934, "time_steps": [697.6525559425354, 1389.3407139778137, 2078.7238035202026, 2764.7786808013916, 3445.7231554985046, 4127.380345821381, 4808.48965382576, 5490.25100684166, 6170.638753890991, 6852.121312856674, 7533.249638795853, 8204.179315567017, 8872.778198242188, 9540.92866396904, 10210.053160190582, 10879.569034576416, 11548.060119390488, 12216.231687307358, 12884.748855113983, 13553.922966718674, 14222.299579381943, 14890.284060716629, 15558.632863998413, 16226.26471209526, 16890.822359085083, 17555.433730840683, 18220.450885295868, 18884.298979997635, 19549.520272016525, 20214.472437620163, 20879.376789569855, 21544.798441410065, 22209.22317624092, 22875.55853486061, 23540.1089117527, 24204.25683283806, 24869.111610651016, 25534.19463801384, 26206.694346427917, 26881.446099042892], "runtime": 26881.446099042892, "config": {"batch_size": 76.21263659054434, "log2_n_units_2": 9.57298918801116, "log10_learning_rate": -4.077144949137252, "log2_n_units_3": 5.82411945336732, "log2_n_units_1": 8.601442804503808}, "config_id": 9, "learning_curve": [0.3733427078669308, 0.3303535566985152, 0.29208517939079803, 0.3192045010683191, 0.30443953330280216, 0.27812374411648466, 0.26777822461747036, 0.25863800658524494, 0.26355966402374154, 0.24708718288945786, 0.2489955789260282, 0.2487946948932327, 0.2358376834228748, 0.28947368650946004, 0.23794696440223517, 0.2871635224072988, 0.25893933263443814, 0.23754519906662808, 0.2929891538983993, 0.23473282124249994, 0.19837283678637208, 0.1904379270458949, 0.1925472062052661, 0.18893129588993451, 0.1915427851312943, 0.19053836860729534, 0.32874648398115436, 0.23141823970634523, 0.19616311333561676, 0.1911410197956871, 0.18862996711075763, 0.2552229798477115, 0.19164322805768663, 0.19023704346809678, 0.1906388097136985, 0.18702289894336965, 0.18802731774235504, 0.18531538557460292, 0.18571715409519107, 0.36651265348186934]}