{"final_performance": 0.3989575061687204, "time_steps": [421.6048974990845, 607.6725442409515, 793.7027251720428, 979.7113292217255, 1165.8448061943054, 1351.8430891036987, 1537.9669618606567, 1724.0452225208282, 1910.244107723236, 2096.5166568756104, 2282.7183253765106, 2468.8992443084717, 2655.0099296569824, 2841.278135538101, 3027.3303916454315, 3213.3651974201202, 3399.5645558834076, 3585.633777141571, 3771.7463314533234, 3957.9039146900177, 4144.074870109558, 4330.30446767807, 4516.406471252441, 4702.681616306305, 4889.160774469376, 5075.342443227768, 5261.726475954056, 5447.942845106125, 5634.003970861435, 5820.138124227524, 6006.668796300888, 6192.989546775818, 6379.229434251785, 6565.519676923752, 6751.705749988556, 6937.923895597458, 7124.140357971191, 7309.749771118164, 7495.806410551071, 7682.962626695633], "runtime": 7682.962626695633, "config": {"batch_size": 58.00511703028873, "log2_n_units_2": 6.0646603776075825, "log10_learning_rate": -5.9825274982012004, "log2_n_units_3": 7.905815412917378, "log2_n_units_1": 7.130198613491175}, "config_id": 100, "learning_curve": [0.7239374530956495, 0.6577786705348381, 0.6174819583809653, 0.5912189263590546, 0.5736768243964327, 0.5566359257628751, 0.5433039299623911, 0.5278668810808381, 0.5155372893394425, 0.5098235764822294, 0.49859663254992903, 0.4901764262900796, 0.4854651173186857, 0.4800521268747574, 0.4729350450080495, 0.4691259062220884, 0.4655172443667124, 0.45880112658406413, 0.45308741268723507, 0.44997995520053913, 0.4452686493479928, 0.44085806175026787, 0.43835204926341076, 0.43283881697543836, 0.4316359295748001, 0.4289294328800467, 0.42522053333909016, 0.4229149986491647, 0.4183039332545081, 0.4194065786378328, 0.4157979174755341, 0.4137931064117787, 0.4121892601251602, 0.4112870937516523, 0.40948276221752167, 0.4048716976892116, 0.4057738630231037, 0.4025661640389021, 0.399558947703173, 0.3989575061687204]}