{"final_performance": 0.29559559435457794, "time_steps": [299.02293586730957, 345.98135709762573, 393.38112115859985, 440.7796428203583, 488.47562861442566, 535.9829518795013, 583.7589070796967, 631.4351115226746, 679.2352471351624, 727.0031695365906, 774.6430356502533, 822.5665385723114, 870.6507811546326, 918.6728346347809, 966.9498584270477, 1014.991574048996, 1063.1661376953125, 1111.4037926197052, 1159.5128331184387, 1207.4668936729431, 1255.6524777412415, 1303.5802595615387, 1351.642238855362, 1399.209240913391, 1447.1209890842438, 1494.690701007843, 1542.256588459015, 1589.66162443161, 1637.2787630558014, 1684.8558638095856, 1732.7250354290009, 1780.326687335968, 1827.8571455478668, 1875.5061812400818, 1923.2310769557953, 1970.9293096065521, 2018.9463124275208, 2066.888496160507, 2114.775778055191, 2162.6964635849], "runtime": 2162.6964635849, "config": {"batch_size": 270.8455060934675, "log2_n_units_2": 5.545263832853252, "log10_learning_rate": -1.9059783733505622, "log2_n_units_3": 6.770209689159234, "log2_n_units_1": 4.069138729233261}, "config_id": 42, "learning_curve": [0.5903903906409804, 0.47597597176964224, 0.40220220507802185, 0.342742737886068, 0.3369369394070393, 0.30510509980691447, 0.3113113110129898, 0.29289288617469167, 0.29029028963398285, 0.2862862815728059, 0.2711711687010687, 0.2706706668879535, 0.25905906187521444, 0.273273266650535, 0.2867867833859211, 0.2752752739029962, 0.2912912948711498, 0.2725725673340462, 0.2785785778148754, 0.2666666604377128, 0.2723723714416092, 0.266266265430966, 0.26266266043121755, 0.2745745697536984, 0.28328328197066843, 0.2674674633386973, 0.2901901924932325, 0.2702702702702703, 0.2683683649913685, 0.2922922888317624, 0.27027027188120667, 0.27567566890974304, 0.27257257216685526, 0.2760760768039806, 0.2701701715185836, 0.27707707559740224, 0.2833833775004825, 0.27417417152507884, 0.28908909011531525, 0.29559559435457794]}