{"final_performance": 0.23500927375710534, "time_steps": [462.4142735004425, 669.2622857093811, 876.933700799942, 1084.7343542575836, 1292.7968978881836, 1500.9343147277832, 1709.188456773758, 1917.446769952774, 2125.799021959305, 2334.2843103408813, 2542.6861941814423, 2751.1629540920258, 2959.6543831825256, 3168.14422082901, 3376.568843126297, 3585.0846450328827, 3793.4800128936768, 4001.7176971435547, 4210.153230905533, 4418.629207611084, 4627.127440452576, 4835.5833439826965, 5043.935834884644, 5252.113853693008, 5460.251285791397, 5668.496153831482, 5876.826571464539, 6085.055332183838, 6293.239791870117, 6501.34050488472, 6709.122669219971, 6916.9079649448395, 7124.596028327942, 7332.373723983765, 7540.122392416, 7747.9405817985535, 7955.59244966507, 8163.030777931213, 8370.437838315964, 8577.848240613937], "runtime": 8577.848240613937, "config": {"batch_size": 422.2636297137018, "log2_n_units_2": 8.460653248023032, "log10_learning_rate": -1.9064990189829905, "log2_n_units_3": 9.322947860044264, "log2_n_units_1": 5.0895028681161065}, "config_id": 219, "learning_curve": [0.775602721001791, 0.6160107164279274, 0.5179270544777745, 0.442509791125422, 0.40335875231286755, 0.37471667061681335, 0.31774160395497864, 0.30609931375669397, 0.2904389034146848, 0.2746754573739093, 0.2652998203816621, 0.2553059925203738, 0.259221102880395, 0.245930350345114, 0.24984545033911, 0.24943334382513294, 0.2326396107673645, 0.23006387378858484, 0.22862147248309594, 0.22285184652908985, 0.2280032945715863, 0.22975479260734888, 0.25005151396212366, 0.23253656988558558, 0.22532453744307812, 0.2330517198728479, 0.2257366595060929, 0.22656088808308472, 0.22748814717583032, 0.24706367046936695, 0.24737275942512182, 0.24459097696387244, 0.2311972016873567, 0.21718524590782495, 0.23202142767284228, 0.22697300496308703, 0.24634247499963513, 0.24283947633660363, 0.23892437375110132, 0.23500927375710534]}