{"final_performance": 0.41080246810559873, "time_steps": [454.63132095336914, 660.6862351894379, 866.8812894821167, 1073.1166837215424, 1279.2230644226074, 1485.2146546840668, 1691.3014545440674, 1897.5373225212097, 2103.7261888980865, 2309.853989839554, 2515.9759435653687, 2722.201010942459, 2928.3746225833893, 3134.440178871155, 3340.6171226501465, 3546.7408487796783, 3752.900133371353, 3958.722400903702, 4164.949147701263, 4370.956115961075, 4577.216163396835, 4783.476724863052, 4989.556086540222, 5195.68323802948, 5401.992040872574, 5608.112046480179, 5814.2071170806885, 6020.204583406448, 6226.2344443798065, 6432.371773481369, 6638.484698534012, 6844.663697719574, 7050.87375664711, 7257.213952302933, 7463.269175291061, 7668.725226402283, 7874.513055086136, 8080.294630765915, 8286.113895177841, 8491.89122724533], "runtime": 8491.89122724533, "config": {"batch_size": 360.1306174334191, "log2_n_units_2": 7.605926762605593, "log10_learning_rate": -5.82169870027632, "log2_n_units_3": 6.721502449310323, "log2_n_units_1": 7.114741532411839}, "config_id": 123, "learning_curve": [0.7725308664419033, 0.7032921788869081, 0.6635802476494401, 0.6363168756167095, 0.611522634824117, 0.5936213985637382, 0.5764403321124889, 0.5630658423459088, 0.554732511440913, 0.5451646105006889, 0.5343621373176575, 0.526440327918088, 0.5179012362603788, 0.5085390927614989, 0.5007201631863911, 0.4953703692665806, 0.4900205786581393, 0.4861111133186905, 0.4795267526750211, 0.47345679004987085, 0.4703703699288545, 0.4673868285285102, 0.4634773665004306, 0.45936213378553037, 0.4562757169758832, 0.4546296265390184, 0.4483539086801035, 0.4450617255987944, 0.44259258994349726, 0.43755143880844116, 0.4355967133133499, 0.43415637369509097, 0.4297325081295438, 0.4268518531763995, 0.4246913525793288, 0.4215020581527993, 0.418209883901808, 0.41615226312919895, 0.41327160596847534, 0.41080246810559873]}