{"final_performance": 0.2866592041907772, "time_steps": [1043.9148261547089, 1835.1242635250092, 2625.289536714554, 3415.9340217113495, 4207.144880533218, 4997.401303052902, 5787.777673959732, 6577.673542022705, 7369.1212520599365, 8160.5403373241425, 8951.09714460373, 9743.228930711746, 10532.764298915863, 11322.799607276917, 12112.618174791336, 12902.334381341934, 13692.28300857544, 14482.716050863266, 15271.880967617035, 16061.46129655838, 16851.39260172844, 17641.873616456985, 18432.329426765442, 19223.70362305641, 20015.478659391403, 20805.740911245346, 21596.193231105804, 22387.524116754532, 23178.906758785248, 23970.460857391357, 24762.544169664383, 25554.755320072174, 26346.786269664764, 27138.40514564514, 27930.345133066177, 28722.3431327343, 29514.190546035767, 30306.19964671135, 31098.155087947845, 31890.54576778412], "runtime": 31890.54576778412, "config": {"batch_size": 317.66205106919415, "log2_n_units_2": 9.960202230676543, "log10_learning_rate": -5.085080551157828, "log2_n_units_3": 5.109624996578803, "log2_n_units_1": 8.488734253593593}, "config_id": 53, "learning_curve": [0.5013737745823399, 0.43044672089238323, 0.4018520385988297, 0.3921847997173187, 0.373562635913972, 0.3513788561667165, 0.3361147853635973, 0.33296021146159016, 0.3300091566578034, 0.3313320432939837, 0.31423628330230713, 0.3107764240234129, 0.3239035260292792, 0.30487431441583945, 0.31566092660350187, 0.3101658667287519, 0.2935789112121828, 0.2978528449612279, 0.30416200045616393, 0.2979546073944338, 0.29103490037302815, 0.29032258064516125, 0.2930701028916144, 0.299888055170736, 0.28594688061744933, 0.28808384172378043, 0.2872697730218211, 0.28961025899456394, 0.2888979354212361, 0.2848275130794894, 0.285845116261513, 0.2864556850925568, 0.2835046264433092, 0.29256130995288976, 0.29154370484813563, 0.2852345570441215, 0.27841661053319133, 0.29418947235230475, 0.2799430162675919, 0.2866592041907772]}