{"final_performance": 0.1730948278778478, "time_steps": [207.62065434455872, 409.7176420688629, 612.0974967479706, 814.6775617599487, 1016.8663034439087, 1219.391871213913, 1421.8738148212433, 1624.5965464115143, 1827.181895494461, 2030.1011233329773, 2233.018446445465, 2436.0261981487274, 2638.9806337356567, 2841.981787443161, 3045.012451171875, 3248.459235191345, 3451.6031613349915, 3654.8449182510376, 3858.1118178367615, 4061.4315819740295, 4264.8065412044525, 4468.109445333481, 4671.584764719009, 4875.119294643402, 5079.338402271271, 5283.387505531311, 5487.436179161072, 5691.452295303345, 5895.7130444049835, 6099.720709323883, 6303.806432962418, 6507.852155923843, 6711.956779003143, 6916.063845872879, 7120.444662809372, 7324.52840256691, 7528.7691860198975, 7732.987538576126, 7937.172967195511, 8141.352135181427], "runtime": 8141.352135181427, "config": {"batch_size": 509.70500417364815, "log2_n_units_2": 8.276062946870212, "log10_learning_rate": -2.41971978428842, "log2_n_units_3": 9.674918930141073, "log2_n_units_1": 4.978802069501831}, "config_id": 0, "learning_curve": [0.6641505533143094, 0.5293144426847759, 0.48991830882273224, 0.4393547773361206, 0.3609761125163028, 0.33936511529119395, 0.2981077495374178, 0.27535932001314667, 0.28683693471707794, 0.25405852731905487, 0.2758763275648418, 0.2464067810460141, 0.228311444583692, 0.23068969186983612, 0.22014269703312928, 0.2223141318873355, 0.23244752068268626, 0.2068038520060087, 0.2020473574337206, 0.19915209945879486, 0.19346499756762858, 0.17443904123808207, 0.17474924576909923, 0.17547306888981873, 0.1723710047571283, 0.17278461707265758, 0.17371522752862223, 0.17206080336319773, 0.17371523066570882, 0.17247440940455383, 0.1741288398441515, 0.1727846107984844, 0.17268120928814534, 0.1731982168398405, 0.17247441254164042, 0.17319821997692708, 0.17412883670706503, 0.17257781091489288, 0.17278461393557099, 0.1730948278778478]}