{"final_performance": 0.32151515483856197, "time_steps": [915.3802621364594, 1576.0902817249298, 2237.2976620197296, 2898.846188545227, 3561.4409925937653, 4223.605978727341, 4885.473279476166, 5547.090837955475, 6208.9764223098755, 6871.82864356041, 7535.319546222687, 8198.013224124908, 8860.65035033226, 9523.947301626205, 10186.553140163422, 10849.543374538422, 11512.413884401321, 12175.278513669968, 12837.581993818283, 13499.813226938248, 14162.552139520645, 14825.384185791016, 15489.40177822113, 16153.367780447006, 16817.368317127228, 17481.37434196472, 18144.85914850235, 18807.998799562454, 19471.599252939224, 20136.21458005905, 20801.223641633987, 21465.409801721573, 22129.270487308502, 22794.106418848038, 23457.495232582092, 24121.066982269287, 24782.9586186409, 25445.393941640854, 26106.768300056458, 26769.228031635284], "runtime": 26769.228031635284, "config": {"batch_size": 396.5673508321006, "log2_n_units_2": 9.547123368773866, "log10_learning_rate": -1.2397012613525646, "log2_n_units_3": 9.994673322407525, "log2_n_units_1": 7.526572080410137}, "config_id": 211, "learning_curve": [0.8592929285764694, 0.7784848481416702, 0.7393939405679703, 0.6890909087657928, 0.6264646422863007, 0.5757575738430023, 0.5525252532958984, 0.5175757598876953, 0.4780808103084564, 0.45646464705467227, 0.4443434381484985, 0.4204040384292602, 0.4109090852737427, 0.3870707106590271, 0.39252525091171264, 0.36525252342224124, 0.3824242448806763, 0.3556565618515015, 0.3605050492286682, 0.3618181848526001, 0.3359595942497253, 0.3308080816268921, 0.3201010060310364, 0.33525253057479854, 0.3300000071525574, 0.30919191598892215, 0.3595959568023681, 0.31131313085556034, 0.30484848260879516, 0.3106060600280762, 0.29040404081344606, 0.29767676353454586, 0.31909090757369996, 0.2912121272087097, 0.29494949579238894, 0.29535353660583497, 0.30424242734909057, 0.32525253057479864, 0.29707070589065554, 0.32151515483856197]}