{"final_performance": 0.17197580821812153, "time_steps": [381.89708399772644, 512.2160394191742, 642.8103823661804, 773.9436457157135, 904.6246626377106, 1035.7539410591125, 1166.3300333023071, 1297.017519235611, 1427.625231742859, 1558.1921062469482, 1688.901569366455, 1819.458396434784, 1949.9466197490692, 2080.6283264160156, 2211.225152015686, 2341.6446764469147, 2472.0217518806458, 2602.4161949157715, 2732.7937009334564, 2863.5822446346283, 2993.9907460212708, 3124.3323702812195, 3255.105685710907, 3385.4912016391754, 3515.909563302994, 3646.234706878662, 3776.8827385902405, 3907.268821001053, 4037.653962135315, 4168.416294574738, 4298.767399787903, 4429.405230045319, 4559.802921533585, 4690.161699056625, 4820.265126466751, 4950.582973480225, 5080.711906671524, 5211.165878772736, 5341.403741121292, 5471.6096432209015], "runtime": 5471.6096432209015, "config": {"batch_size": 155.88158263111512, "log2_n_units_2": 7.730016156601799, "log10_learning_rate": -2.908653600640265, "log2_n_units_3": 6.765369270246173, "log2_n_units_1": 5.872888077418631}, "config_id": 137, "learning_curve": [0.3636088715866208, 0.3056451603770256, 0.3017137087881565, 0.27137096878141165, 0.2718749986961484, 0.22691532503813505, 0.2256048396229744, 0.2363911308348179, 0.23780242260545492, 0.21784274652600288, 0.22923387214541435, 0.21874999906867743, 0.2032258091494441, 0.2224798398092389, 0.22308467887341976, 0.19697580579668283, 0.1933467760682106, 0.21421371400356293, 0.21935483999550343, 0.18971774727106094, 0.18598790373653173, 0.17419354617595673, 0.17237902898341417, 0.17247983813285828, 0.17358871083706617, 0.1715725790709257, 0.17096774186939, 0.17258064355701208, 0.17157258093357086, 0.17106854543089867, 0.171270159073174, 0.1722782263532281, 0.171270159073174, 0.49667339120060205, 0.2398185497149825, 0.20534274633973837, 0.17903225868940353, 0.17570564150810242, 0.17328628804534674, 0.17197580821812153]}