{"final_performance": 0.21459537744522095, "time_steps": [200.51872944831848, 395.3741776943207, 590.3568706512451, 785.5922029018402, 980.6606426239014, 1175.9322760105133, 1370.7035119533539, 1565.3104298114777, 1760.1507620811462, 1954.9627139568329, 2149.763820886612, 2344.6700847148895, 2539.224990606308, 2729.6452679634094, 2920.195919275284, 3110.5809586048126, 3301.010777950287, 3491.360023498535, 3681.8616461753845, 3872.4818184375763, 4063.2874386310577, 4253.668315410614, 4443.866775274277, 4634.135642051697, 4824.560479640961, 5015.051830291748, 5205.674668550491, 5395.904107093811, 5586.104964256287, 5776.488716840744, 5966.761189937592, 6156.970054626465, 6347.285267353058, 6537.551413536072, 6727.823677539825, 6918.057455778122, 7108.393703699112, 7298.587140798569, 7488.80593419075, 7679.021478652954], "runtime": 7679.021478652954, "config": {"batch_size": 346.8920240288384, "log2_n_units_2": 7.835498140454941, "log10_learning_rate": -3.5655126380985314, "log2_n_units_3": 5.809469964992738, "log2_n_units_1": 7.015135299298851}, "config_id": 7, "learning_curve": [0.4308422761304038, 0.3409372440406254, 0.31647399067878723, 0.32772502303123474, 0.31151940141405376, 0.28199834695884163, 0.2822047855172839, 0.27590833604335785, 0.31750619411468506, 0.26816680388791225, 0.2737407088279724, 0.3213253532137189, 0.27301817068031853, 0.24514863959380562, 0.2653798524822507, 0.23854252483163563, 0.2524772946323667, 0.24618084090096615, 0.23348471948078697, 0.22192403248378212, 0.22533030595098225, 0.21851775475910729, 0.21820809372833794, 0.21707266994885033, 0.2130470722913742, 0.2220272464411599, 0.2190338586057935, 0.21769199201038902, 0.21170520782470703, 0.21149876500879017, 0.21583402156829834, 0.21944673572267803, 0.21222130741391865, 0.21139553827898838, 0.2155243647950036, 0.21325350659234188, 0.21521469737802235, 0.21562758088111877, 0.21325351084981647, 0.21459537744522095]}