{"final_performance": 0.23246411949980494, "time_steps": [693.4695031642914, 1135.6940259933472, 1577.7860841751099, 2019.8245363235474, 2461.135997772217, 2902.6899740695953, 3344.454575061798, 3785.9684772491455, 4226.572542667389, 4667.345148324966, 5107.390437364578, 5547.6768436431885, 5987.82540845871, 6427.242170572281, 6866.759512662888, 7306.374939918518, 7745.401992082596, 8184.086843729019, 8623.01254940033, 9061.788952350616, 9500.270645141602, 9938.078838825226, 10375.931861639023, 10813.750109672546, 11251.806494235992, 11689.512471914291, 12127.123774528503, 12564.90378165245, 13001.93367099762, 13438.786467075348, 13875.710997104645, 14312.551583528519, 14748.777978658676, 15185.03992486, 15620.762967586517, 16056.16881608963, 16491.30969452858, 16926.44649028778, 17360.9573264122, 17795.46786546707], "runtime": 17795.46786546707, "config": {"batch_size": 194.5074902498079, "log2_n_units_2": 5.941915895229613, "log10_learning_rate": -1.9356346867573047, "log2_n_units_3": 5.673880008731811, "log2_n_units_1": 8.928041933671695}, "config_id": 204, "learning_curve": [0.46735396163136356, 0.35516474994958613, 0.30200121449489215, 0.28006873177547076, 0.2801698025535134, 0.24509804272184188, 0.2743076623654833, 0.2549019584468767, 0.23822518423491834, 0.24934303760528564, 0.24823125203450525, 0.25399231676961864, 0.23974125993018058, 0.2499494669484157, 0.25005053772645836, 0.2510612525191962, 0.24206589483747298, 0.2434808950798184, 0.23761875606050675, 0.25085910862567373, 0.23236304989048084, 0.2491408937117633, 0.24459267948188035, 0.2525773176959917, 0.2313523315915874, 0.23923589785893762, 0.2469173249076394, 0.23782090229146624, 0.23458661518844903, 0.2399433991488289, 0.2366080447739246, 0.2637962406756831, 0.23084697653265562, 0.22569233880323525, 0.22670305242725453, 0.2416616093878653, 0.23347483312382422, 0.2533858897639256, 0.23751768645118265, 0.23246411949980494]}