{"final_performance": 0.4712325966719425, "time_steps": [575.3784503936768, 899.4597103595734, 1223.4405341148376, 1547.698106765747, 1871.6794469356537, 2195.752175092697, 2519.8616976737976, 2843.7416303157806, 3167.748256444931, 3491.616982460022, 3815.4008371829987, 4139.391086816788, 4463.581323385239, 4787.516859531403, 5111.406368732452, 5435.223685026169, 5758.719125032425, 6082.213183641434, 6405.763916969299, 6729.200208187103, 7052.698771476746, 7376.24772310257, 7699.715060710907, 8023.5098440647125, 8346.92868757248, 8670.455880880356, 8994.138656139374, 9317.899347782135, 9641.736105680466, 9965.48244857788, 10289.145097732544, 10612.723609924316, 10936.161846637726, 11260.287084817886, 11583.972013950348, 11909.19670701027, 12233.118135213852, 12557.108692646027, 12880.765642881393, 13204.406632900238], "runtime": 13204.406632900238, "config": {"batch_size": 296.57214530699923, "log2_n_units_2": 4.671967099832049, "log10_learning_rate": -5.5239257395949055, "log2_n_units_3": 4.1141101548191035, "log2_n_units_1": 8.520411458249951}, "config_id": 167, "learning_curve": [0.8029279279889483, 0.7598280080340125, 0.7141687106905561, 0.6839680581381826, 0.6627764141920841, 0.6444512668884161, 0.6318591327378245, 0.6199836207158638, 0.6060606069637067, 0.5964373431422494, 0.5857903343258481, 0.5792383280667392, 0.5700245680231036, 0.5630630625016761, 0.555589682225025, 0.5515970515482354, 0.5457616701270595, 0.5395167894435651, 0.5343980355696245, 0.5319410327709082, 0.5273341518459898, 0.5224201462485574, 0.5173013923746167, 0.5122850076718763, 0.5090090072516239, 0.5063472570795001, 0.5046068809249185, 0.49785012367999915, 0.4970311242522616, 0.4936527465329026, 0.49109336733818054, 0.48822686437404517, 0.485872237068234, 0.48208436008655664, 0.48187960639144434, 0.4795249790856333, 0.4743038524280895, 0.47379197586666455, 0.4719492178974729, 0.4712325966719425]}