{"final_performance": 0.30936488757530844, "time_steps": [335.1167929172516, 418.3401849269867, 501.9992923736572, 585.5955989360809, 669.0360879898071, 752.6131162643433, 836.1866717338562, 919.7640917301178, 1003.611394405365, 1087.2681033611298, 1170.9158146381378, 1254.6693229675293, 1338.5184247493744, 1422.7568471431732, 1506.022659778595, 1589.4973266124725, 1673.4619576931, 1757.3503675460815, 1840.6904492378235, 1924.2039878368378, 2007.8371818065643, 2091.1828236579895, 2174.663694381714, 2258.1698853969574, 2342.302144765854, 2426.683160305023, 2511.1751458644867, 2595.4058680534363, 2680.010540485382, 2763.652346134186, 2847.096485853195, 2930.5860199928284, 3014.241022348404, 3098.0259923934937, 3181.71733379364, 3265.3113021850586, 3349.3757240772247, 3433.0979845523834, 3516.6183154582977, 3600.226103782654], "runtime": 3600.226103782654, "config": {"batch_size": 412.7817853898256, "log2_n_units_2": 5.540656707624416, "log10_learning_rate": -4.420249028398866, "log2_n_units_3": 9.266291318920157, "log2_n_units_1": 4.639667879322254}, "config_id": 43, "learning_curve": [0.5773665035764377, 0.5060679589708645, 0.4739077687263489, 0.44619740918278694, 0.4308252284924189, 0.4202063033978144, 0.4137338101863861, 0.39148463060458505, 0.3830906177560488, 0.385315532485644, 0.37166262666384375, 0.36670711884895957, 0.36245955278476083, 0.3530542080601057, 0.3505258957544962, 0.3469862466057142, 0.3414239461223284, 0.33940129478772485, 0.3395024289687475, 0.33565938721100486, 0.3337378725409508, 0.3335356066624323, 0.32483819127082825, 0.32595065484444297, 0.3281755720575651, 0.3219053397576014, 0.3265574499964714, 0.3161407758792242, 0.31816343466440833, 0.3180623004833857, 0.31432039539019263, 0.3131068001190821, 0.3153317173322042, 0.31371359775463736, 0.3127022782961527, 0.30916262666384375, 0.3113875389099121, 0.30683657278617227, 0.30713997036218643, 0.30936488757530844]}