{"final_performance": 0.26783324726696667, "time_steps": [500.2308666706085, 747.2833499908447, 994.2946002483368, 1241.3706631660461, 1488.482084274292, 1735.4640946388245, 1982.6739284992218, 2229.8104865550995, 2476.9602284431458, 2724.188781261444, 2971.706263065338, 3219.022638320923, 3466.278032541275, 3713.447138786316, 3960.8029737472534, 4208.110760688782, 4455.32088971138, 4702.599406003952, 4949.997852087021, 5197.203288793564, 5444.52987074852, 5691.915251255035, 5938.877712249756, 6185.777519702911, 6432.970184326172, 6679.892263412476, 6926.760086774826, 7173.816347837448, 7420.817654132843, 7667.915590047836, 7914.955338716507, 8161.959061384201, 8408.962761640549, 8655.610834360123, 8901.681367397308, 9147.654067277908, 9393.706681013107, 9639.712636709213, 9885.840700864792, 10130.311165094376], "runtime": 10130.311165094376, "config": {"batch_size": 335.6007965815874, "log2_n_units_2": 7.265787139666148, "log10_learning_rate": -4.38362254446341, "log2_n_units_3": 6.589261110767248, "log2_n_units_1": 7.647265110879631}, "config_id": 95, "learning_curve": [0.4728769937465931, 0.41276376617365873, 0.3711785879628412, 0.3630468249320984, 0.34884200219450323, 0.3608852213826673, 0.33000514425080396, 0.31857952167247905, 0.30735975092854995, 0.32063819211104816, 0.30849202336936166, 0.29799279262279643, 0.31116829041776983, 0.3042717391046984, 0.2868759529343967, 0.2920226393074825, 0.2949047807989449, 0.2789500807893688, 0.2915079758085054, 0.2884199619293213, 0.28183221611483344, 0.2967575829604576, 0.274935664801762, 0.2863612956014173, 0.2825527520015322, 0.2886258343170429, 0.28872877153857, 0.2828615554447832, 0.28697889632192153, 0.28522903343726846, 0.2656716375515379, 0.2704065873705107, 0.2717447219223812, 0.27627380140896496, 0.2965517249600641, 0.28142048778205087, 0.27915594290042745, 0.2753473993005424, 0.2932578428038235, 0.26783324726696667]}