{"final_performance": 0.35766497135162356, "time_steps": [314.85756492614746, 378.1717736721039, 441.51677775382996, 504.94290041923523, 568.3019313812256, 631.6443111896515, 695.0524697303772, 758.5381047725677, 822.0324952602386, 885.4646644592285, 949.0366158485413, 1012.2966349124908, 1075.7133905887604, 1139.0776689052582, 1202.4492616653442, 1265.6744709014893, 1329.0527939796448, 1392.3516702651978, 1455.737186908722, 1519.3104240894318, 1582.7976922988892, 1646.1843857765198, 1709.4042115211487, 1772.7882554531097, 1836.1106679439545, 1899.4803488254547, 1962.7663202285767, 2026.1916348934174, 2089.427994251251, 2152.9539234638214, 2216.2175862789154, 2279.618596792221, 2343.0759081840515, 2406.4492630958557, 2469.9761803150177, 2533.3545894622803, 2596.788989305496, 2660.1076200008392, 2723.46089553833, 2786.7510526180267], "runtime": 2786.7510526180267, "config": {"batch_size": 394.4048364638384, "log2_n_units_2": 6.506497609247034, "log10_learning_rate": -4.777525859688683, "log2_n_units_3": 5.951368346638732, "log2_n_units_1": 4.861022602624688}, "config_id": 139, "learning_curve": [0.6722842669486999, 0.6042639589309693, 0.5695431482791901, 0.5409137070178985, 0.5249746191501617, 0.5081218290328979, 0.496649751663208, 0.4868020308017731, 0.4730964505672455, 0.466091376543045, 0.45614212989807124, 0.4494416248798371, 0.4439593911170959, 0.43522842884063717, 0.42954314470291133, 0.4217258930206299, 0.4180710673332214, 0.4134010195732116, 0.408934006690979, 0.4088324928283691, 0.39979695320129394, 0.4024365496635437, 0.3974619293212891, 0.39208121776580807, 0.3930964517593384, 0.3885279226303101, 0.39157360315322876, 0.3864974570274353, 0.38416243314743037, 0.3856852769851684, 0.3781725883483886, 0.37654822826385503, 0.37522842884063723, 0.3725888347625732, 0.36944162607193, 0.3665989851951599, 0.3634517741203308, 0.3633502554893494, 0.36345177650451665, 0.35766497135162356]}