{"final_performance": 0.8985772361047566, "time_steps": [350.20738983154297, 466.5058362483978, 582.6849112510681, 699.166166305542, 815.5943763256073, 932.0960824489594, 1048.7713463306427, 1164.8220520019531, 1280.9739096164703, 1397.09801363945, 1512.9482998847961, 1629.1078624725342, 1745.1564185619354, 1861.271540403366, 1977.076861858368, 2093.2439658641815, 2208.9852166175842, 2325.0102212429047, 2440.9174540042877, 2556.9111046791077, 2672.8792555332184, 2788.604921579361, 2904.5826473236084, 3020.2641384601593, 3135.963940143585, 3251.724195241928, 3367.71626663208, 3483.340178489685, 3599.193436861038, 3715.084062576294, 3830.7014026641846, 3947.0648794174194, 4063.7734055519104, 4180.0506274700165, 4296.157199621201, 4412.451230287552, 4529.089595317841, 4645.40868973732, 4761.891420125961, 4878.705148220062], "runtime": 4878.705148220062, "config": {"batch_size": 205.2465679554742, "log2_n_units_2": 4.592090516723521, "log10_learning_rate": -0.15590438560491648, "log2_n_units_3": 8.179989372670542, "log2_n_units_1": 6.692628857342877}, "config_id": 141, "learning_curve": [0.8979674802782635, 0.8979674802006533, 0.898882114716495, 0.8985772361047566, 0.8979674802782635, 0.9044715450145304, 0.8974593504487226, 0.8998983743755767, 0.8974593504487226, 0.8979674802006533, 0.9019308954011649, 0.9044715450145304, 0.8974593504487226, 0.8979674802006533, 0.8979674802006533, 0.9019308954011649, 0.8979674802006533, 0.898882114716495, 0.8985772361047566, 0.8974593504487226, 0.8998983743755767, 0.8974593504487226, 0.8985772361047566, 0.9025406505291661, 0.9019308954011649, 0.8979674802006533, 0.9025406505291661, 0.8974593504487226, 0.8998983743755767, 0.9025406505291661, 0.9003048779753348, 0.8979674802006533, 0.9025406505291661, 0.9044715450145304, 0.9003048779753348, 0.8979674802006533, 0.9019308954011649, 0.9019308954011649, 0.9003048779753348, 0.8985772361047566]}