{"config": {"log2_n_units_2": 9.498556095885453, "batch_size": 343.7211881841649, "log2_n_units_1": 6.3850251223800285, "log2_n_units_3": 7.006720482950815, "log10_learning_rate": -2.704696353295988}, "valid_loss": [1.3382438832315906, 1.0261839730986233, 0.9935704510787438, 1.1950447641569992, 0.7464140078117107, 0.8666083689393669, 0.7065862006154554, 0.6866932963502819, 0.6600733543264454, 0.7175382601803747, 0.8750143626640583, 0.990804491371944, 0.796886121404582, 0.9761491870057994, 0.8227650050459236, 0.8904623861970573, 0.8481473429449673, 0.9358607592253849, 1.1573966967648472, 0.9971122371739355, 0.8634211626546137, 0.9212626568202315, 0.789207768851313, 0.7580900603327257, 0.7636031159039202, 0.7669600947149868, 0.775079110573078, 0.7814321312411078, 0.7865936571154101, 0.7894365088693027, 0.795494716742943, 0.8016373432915787, 0.8027651186647087, 0.8087915428753557, 0.814311814719233, 0.8176649870543644, 0.8222576646969236, 0.8267206631857773, 0.8290217724339716, 0.83284991979599], "train_loss": [1.7057560302060226, 1.0753255476211678, 0.8568301653039867, 0.7183318405315794, 0.602674119431397, 0.5066682601283337, 0.42751613310698805, 0.34796173729259394, 0.2865404866892716, 0.20442085392002401, 0.15639304427494263, 0.10786202273749072, 0.07293453687352353, 0.046659304021761334, 0.0455284015725142, 0.04500129258517047, 0.03285453773649602, 0.02916377751509948, 0.06155326883790308, 0.0756014993028908, 0.039880344242756736, 0.022337185612333745, 0.006240745607948187, 0.0014330640009700738, 0.000662590602838338, 0.0004832057115734266, 0.0004033460153832807, 0.00034359201828041916, 0.00029726540830371707, 0.00026344780856342025, 0.00023894223441261445, 0.00021226649287514035, 0.0001895603186155846, 0.0001731426010368962, 0.000159282493204328, 0.00014669503911261865, 0.00013330598925802344, 0.00012235816932937676, 0.00011484775301329952, 0.00010459936198332861], "config_id": 262, "time_steps": [534.6789014339447, 827.2807695865631, 1120.4801998138428, 1414.1924674510956, 1707.266883611679, 2000.571575641632, 2293.876323223114, 2587.4730274677277, 2880.881984949112, 3174.075143814087, 3467.12349486351, 3760.476080417633, 4053.7809607982635, 4346.623529911041, 4639.86045217514, 4932.858184576035, 5225.989483594894, 5519.576308965683, 5812.421607494354, 6105.176869630814, 6397.546649217606, 6690.441531419754, 6983.064939498901, 7275.383799314499, 7567.810084104538, 7860.265690326691, 8152.955282926559, 8445.918615341187, 8738.867672204971, 9031.53961610794, 9324.205748081207, 9617.090523481369, 9909.14874625206, 10201.996277809143, 10494.544699668884, 10787.110834360123, 11079.739035844803, 11372.838808298111, 11665.66069149971, 11959.085984945297], "runtime": 11959.085984945297, "learning_curve": [0.48044636126222284, 0.3580979108810425, 0.33527695927126655, 0.39358600460249804, 0.2582688269944027, 0.27958178520202637, 0.22810897744935132, 0.22609832163514765, 0.20719814095003852, 0.21302905164915942, 0.23675479560062807, 0.24489795750585097, 0.21272745625726108, 0.24087664382211094, 0.1925203512454855, 0.2147381100161322, 0.19684326648712158, 0.21312958413156968, 0.25203579047630575, 0.22046848001151254, 0.1960390086831718, 0.19674273194937875, 0.1750276417567812, 0.16457223275612143, 0.16236050786643197, 0.1625615789972502, 0.16145571346940668, 0.16175731297197016, 0.1624610424041748, 0.16115411191151063, 0.16145571552473925, 0.1621594449569439, 0.1624610424041748, 0.16155624595181695, 0.16125464644925347, 0.16065145361012423, 0.1616567784342272, 0.16075198403720203, 0.1616567784342272, 0.1605509190723814]}