{"final_performance": 0.21734620275951566, "time_steps": [387.73040294647217, 519.5437982082367, 651.5159866809845, 783.703439950943, 915.7382574081421, 1048.1220948696136, 1180.0067610740662, 1311.744786977768, 1444.0057215690613, 1576.1108541488647, 1707.9537115097046, 1840.064873456955, 1972.3241314888, 2104.6107234954834, 2236.4615383148193, 2368.2245647907257, 2500.4679062366486, 2632.274604320526, 2763.9757483005524, 2895.8227400779724, 3027.749013900757, 3159.756337404251, 3291.8420310020447, 3424.2073748111725, 3556.3263890743256, 3688.343237400055, 3820.543208360672, 3952.9128267765045, 4084.685085773468, 4216.563439846039, 4348.649910449982, 4480.887300252914, 4612.726689815521, 4744.812378644943, 4876.1778655052185, 5007.739713191986, 5139.264202594757, 5270.98313331604, 5402.484172821045, 5534.290972948074], "runtime": 5534.290972948074, "config": {"batch_size": 459.49757760283427, "log2_n_units_2": 5.839379912224892, "log10_learning_rate": -1.8441671116562155, "log2_n_units_3": 6.79049247853099, "log2_n_units_1": 6.857885685670191}, "config_id": 94, "learning_curve": [0.6451914125964755, 0.5006743371486664, 0.44548189072381883, 0.4021163980166117, 0.3323996265729269, 0.3055296199662345, 0.2838468721934727, 0.3070857950619289, 0.252412083603087, 0.2601929704348246, 0.2533457903634935, 0.2554206876527696, 0.26413529259817936, 0.2923539876937866, 0.2516858691260928, 0.2712937082563128, 0.2679738572665623, 0.2402738900411696, 0.24359373251597083, 0.2717086899848211, 0.24701733248574398, 0.23581285136086605, 0.24670609406062538, 0.23612408694766818, 0.24183006797518047, 0.24857350758143837, 0.2521008508546012, 0.2607117011433556, 0.24120760247820905, 0.2386139659654527, 0.22699450311206637, 0.23373795123327346, 0.2453574140866598, 0.2578068318821135, 0.297437500386011, 0.24151883238837835, 0.24670609689894174, 0.23415292444683256, 0.22222222884496057, 0.21734620275951566]}