{"final_performance": 0.3573945471734712, "time_steps": [386.88887000083923, 523.246160030365, 660.3335440158844, 797.4194693565369, 934.4290738105774, 1071.1437208652496, 1207.806922674179, 1344.4599661827087, 1481.1998858451843, 1617.368331193924, 1753.5842475891113, 1890.0853080749512, 2027.054012298584, 2164.1010694503784, 2301.200090408325, 2438.1872968673706, 2575.2493829727173, 2711.4008889198303, 2847.658191680908, 2983.824872970581, 3120.048387527466, 3256.781858921051, 3393.854179382324, 3530.172122001648, 3666.948987007141, 3803.536384820938, 3940.2773971557617, 4077.107948064804, 4214.305132389069, 4351.184412956238, 4487.582862377167, 4624.00884103775, 4760.47331237793, 4897.736612796783, 5034.172986745834, 5171.077803134918, 5307.722424030304, 5444.798085689545, 5581.017274618149, 5717.160621404648], "runtime": 5717.160621404648, "config": {"batch_size": 301.41125464989466, "log2_n_units_2": 8.813851211128375, "log10_learning_rate": -5.253850778478679, "log2_n_units_3": 5.4551728727860915, "log2_n_units_1": 4.52132581354687}, "config_id": 54, "learning_curve": [0.6897211309635278, 0.6139132190834392, 0.579281185612534, 0.5458572443687555, 0.522198731249029, 0.5021645038416891, 0.48766737905415625, 0.4794120589892069, 0.4681365146781459, 0.4581697447733446, 0.45253196629610926, 0.4448807022788308, 0.44014899387504114, 0.4326990842819214, 0.4281687303022905, 0.4215242140220873, 0.4196113980177677, 0.41145676735675696, 0.4091412443103213, 0.4045102162794634, 0.40098661364931054, 0.3982684034289736, 0.39645625966967957, 0.3929326516209226, 0.38880499926480383, 0.3879996032425852, 0.3829658735882152, 0.38044900785792957, 0.37732809601408057, 0.3788382176196936, 0.3707842573975072, 0.3705829111012545, 0.36796536770733923, 0.367562675114834, 0.3649451317209186, 0.3650458057721456, 0.3631329843492219, 0.36021343325123645, 0.3568911769173362, 0.3573945471734712]}