{"final_performance": 0.3509072565263317, "time_steps": [317.605215549469, 398.3586027622223, 479.0286409854889, 559.4877712726593, 640.6212387084961, 721.0576841831207, 801.8259048461914, 882.2393867969513, 963.1936824321747, 1044.174956560135, 1125.2808260917664, 1206.28004860878, 1287.4141101837158, 1368.2257943153381, 1449.3841469287872, 1530.0911557674408, 1611.0056710243225, 1691.6381282806396, 1773.0991723537445, 1854.1375379562378, 1935.3569693565369, 2016.136947631836, 2097.324776172638, 2178.2999210357666, 2259.9791719913483, 2340.908323764801, 2421.6679105758667, 2502.5275268554688, 2583.3975925445557, 2663.8840625286102, 2744.4422311782837, 2825.7054381370544, 2906.4412915706635, 2987.237090587616, 3068.354058265686, 3148.9387526512146, 3229.603061437607, 3310.106731414795, 3390.3230044841766, 3470.939538002014], "runtime": 3470.939538002014, "config": {"batch_size": 160.36959716621163, "log2_n_units_2": 7.776757801824482, "log10_learning_rate": -4.08887590582469, "log2_n_units_3": 4.9377445916416685, "log2_n_units_1": 4.004429310124962}, "config_id": 189, "learning_curve": [0.4930443537812079, 0.44102822724849944, 0.4109879030335334, 0.39828629166849194, 0.37086693894478584, 0.3736895178594897, 0.35483870679332363, 0.36955645103608403, 0.3474798404401348, 0.337096776693098, 0.36633064381537894, 0.34082661040367623, 0.3567540328348836, 0.3309475779533386, 0.3356854867550635, 0.3266129061099021, 0.3277217736167293, 0.3436491941252062, 0.3286290322580645, 0.3302419377911475, 0.33326612557134316, 0.3294354811791451, 0.33245968434118456, 0.33659274155093777, 0.3353830662465864, 0.3417338738518376, 0.33870967645798955, 0.3481854806023259, 0.3255040328348836, 0.3252016161718676, 0.3354838730827454, 0.33074596331965533, 0.3348790339885219, 0.33739919624020975, 0.335483871160015, 0.3334677450118526, 0.3469758062593399, 0.334475806643886, 0.3311491935483871, 0.3509072565263317]}