{"final_performance": 0.2066140789538622, "time_steps": [1005.4981362819672, 1772.6900563240051, 2540.5278079509735, 3308.169928789139, 4076.9017956256866, 4844.8581120967865, 5613.335047721863, 6380.616711139679, 7147.823523283005, 7915.648789405823, 8681.736135005951, 9449.092139720917, 10215.014564275742, 10981.829645395279, 11748.418384552002, 12513.933257818222, 13279.665043354034, 14046.565939188004, 14811.950580358505, 15577.15360546112, 16342.42663192749, 17107.0499253273, 17871.548268795013, 18636.452424764633, 19402.561388015747, 20167.05384707451, 20931.20914697647, 21695.128592967987, 22458.76873230934, 23225.712206602097, 23991.777879476547, 24758.322474718094, 25525.875902175903, 26292.352308034897, 27058.35690331459, 27824.646067380905, 28589.944849729538, 29354.66471338272, 30119.35479235649, 30883.3305683136], "runtime": 30883.3305683136, "config": {"batch_size": 309.4574895724243, "log2_n_units_2": 9.735527994952639, "log10_learning_rate": -1.9663807149417396, "log2_n_units_3": 9.064971786088908, "log2_n_units_1": 8.254357552636804}, "config_id": 92, "learning_curve": [0.7211771821603179, 0.5792880272492766, 0.4881674703210592, 0.40705905854701996, 0.3507281579077244, 0.3164441753178835, 0.2803398109972477, 0.2721480615437031, 0.26375405117869377, 0.24089805595576763, 0.26345064491033554, 0.23745954036712646, 0.2234021034091711, 0.23129045218229294, 0.21895226277410984, 0.20995145849883556, 0.20843446627259254, 0.20327669940888882, 0.2299757283180952, 0.2055016215890646, 0.22016585804522038, 0.20873785950243473, 0.21541262231767178, 0.20499595440924168, 0.19943365827202797, 0.24878640659153461, 0.21450242586433887, 0.22188511490821838, 0.20802993513643742, 0.19569174572825432, 0.19427588768303394, 0.20074838027358055, 0.21399676240980625, 0.20580500923097134, 0.19417475536465645, 0.22775081172585487, 0.222593042999506, 0.24281957745552063, 0.22309870645403862, 0.2066140789538622]}