{"final_performance": 0.2330227749688285, "time_steps": [383.4416403770447, 521.2277643680573, 659.0624423027039, 796.9991166591644, 934.9225132465363, 1072.8627264499664, 1210.8888478279114, 1348.8302533626556, 1486.8339734077454, 1624.8097677230835, 1762.901986837387, 1900.9636211395264, 2038.99440908432, 2177.126590490341, 2315.2197275161743, 2453.2819855213165, 2591.3611345291138, 2729.5765068531036, 2867.7448835372925, 3005.9244441986084, 3144.042671442032, 3282.147203683853, 3420.2121942043304, 3558.313225507736, 3696.526440382004, 3834.7183980941772, 3972.850028514862, 4110.918289899826, 4249.184332847595, 4387.403983831406, 4525.465747356415, 4663.5854115486145, 4801.771896600723, 4939.87576174736, 5077.955044746399, 5216.074235200882, 5354.146034955978, 5492.2597777843475, 5630.343690633774, 5768.570529699326], "runtime": 5768.570529699326, "config": {"batch_size": 460.462611403538, "log2_n_units_2": 7.490195113844697, "log10_learning_rate": -3.638392518698566, "log2_n_units_3": 7.450789678954898, "log2_n_units_1": 6.271293619759547}, "config_id": 147, "learning_curve": [0.40600413651693434, 0.34171842961084276, 0.3378881982394627, 0.3308488527933756, 0.3196687357766288, 0.30393374533880324, 0.2890269131887526, 0.2717391337667193, 0.29627329111099243, 0.2627329201925368, 0.29265009789239793, 0.2815735027903602, 0.2606625216347831, 0.2731884065128508, 0.27981366430010113, 0.2535196656272525, 0.2813664674758911, 0.2509316830408006, 0.25186335189001896, 0.23985507090886438, 0.23840579532441641, 0.2446169796444121, 0.24544513509387067, 0.2368529949869428, 0.244927534035274, 0.239648027079446, 0.2374741207985651, 0.2338509275799706, 0.23975154899415518, 0.23674948442549937, 0.23291925589243567, 0.23788819426581975, 0.2360248480524335, 0.23892339638301308, 0.2366459596724737, 0.2364389186813718, 0.23447204771496, 0.2357142851466224, 0.23405796857107253, 0.2330227749688285]}