{"final_performance": 0.24062500894069672, "time_steps": [766.8509922027588, 1279.4900615215302, 1792.7390253543854, 2306.2569365501404, 2820.080812692642, 3334.1581568717957, 3848.257824897766, 4362.264748096466, 4876.0293662548065, 5390.163200855255, 5904.319617033005, 6417.4940004348755, 6931.087248325348, 7444.268382549286, 7957.618380784988, 8470.329763889313, 8982.945842027664, 9495.50792503357, 10008.094132900238, 10520.883071422577, 11033.317954540253, 11545.203625202179, 12056.646706819534, 12568.597896814346, 13080.345072746277, 13592.30798792839, 14103.493048667908, 14613.806287288666, 15124.473637342453, 15634.730346918106, 16144.673337936401, 16654.218736886978, 17163.81911945343, 17673.46254634857, 18182.350036621094, 18691.741310596466, 19201.376878023148, 19710.489428281784, 20220.51562356949, 20729.738664865494], "runtime": 20729.738664865494, "config": {"batch_size": 480.6880168144103, "log2_n_units_2": 9.70950982231544, "log10_learning_rate": -1.6241633575356893, "log2_n_units_3": 7.909145959284036, "log2_n_units_1": 7.605558882654851}, "config_id": 110, "learning_curve": [0.7668749988079071, 0.6638541698455811, 0.5890625014901161, 0.535729169845581, 0.48885416686534877, 0.42041666507720943, 0.4090624988079071, 0.36958333551883693, 0.32843749821186063, 0.31135416626930235, 0.3147916674613953, 0.28125, 0.3109374970197678, 0.27895833849906926, 0.25666666626930235, 0.2479166626930237, 0.2439583331346512, 0.27145833075046544, 0.2420833259820938, 0.2476041585206985, 0.23322916626930235, 0.25104166269302364, 0.2368749976158142, 0.2547916680574417, 0.23979166746139524, 0.2339583396911621, 0.24447917044162748, 0.22104167044162748, 0.2348958343267441, 0.23427083790302272, 0.24062499403953552, 0.2288541674613953, 0.2795833349227905, 0.24249999225139618, 0.25031249523162846, 0.2338541656732559, 0.22010416686534884, 0.2169791668653488, 0.23208333551883698, 0.24062500894069672]}