{"final_performance": 0.3273887911313017, "time_steps": [873.841551065445, 1497.5172672271729, 2120.142073869705, 2742.4193048477173, 3362.8912539482117, 3982.7249624729156, 4602.203768253326, 5223.1617166996, 5845.517427682877, 6466.739028453827, 7086.832458257675, 7706.001132249832, 8324.183938026428, 8944.053092002869, 9565.013839006424, 10186.278513908386, 10807.31054019928, 11427.209188222885, 12046.203132152557, 12665.122013807297, 13284.65752196312, 13904.871381521225, 14525.220168828964, 15146.615574359894, 15765.928897857666, 16384.254245758057, 17002.563113212585, 17620.233015060425, 18239.156101465225, 18857.70268726349, 19477.5889108181, 20094.950555324554, 20711.9608771801, 21328.943909406662, 21946.176078557968, 22564.541741609573, 23183.10121321678, 23803.40657234192, 24423.115427732468, 25041.107582330704], "runtime": 25041.107582330704, "config": {"batch_size": 139.30045378350255, "log2_n_units_2": 6.2974640381036675, "log10_learning_rate": -0.6251086033097986, "log2_n_units_3": 6.228772520536027, "log2_n_units_1": 9.386376489892527}, "config_id": 45, "learning_curve": [0.8011956630458295, 0.6298510465823428, 0.6230621123817606, 0.5062316370681977, 0.4680312078603557, 0.443003343864226, 0.4281082207887945, 0.4441179473635176, 0.5306515332678674, 0.38980646872184643, 0.4190900837871391, 0.36437329440049726, 0.39700071492665245, 0.37247948075684023, 0.379572396547022, 0.3757219600005889, 0.37683656224062745, 0.36670382006067626, 0.3621440857229098, 0.37835646934912237, 0.35728037399305423, 0.3645759468347254, 0.3666024955225663, 0.3312392335542491, 0.3782551414530042, 0.33823082228781476, 0.3301246300549574, 0.3585976303463251, 0.32799676018701474, 0.34846489110463097, 0.33559631293928116, 0.35880028362005534, 0.33245516075214865, 0.368122399692804, 0.34400648718148885, 0.34116931952221297, 0.3259702114991738, 0.36072550693028405, 0.3271861361785674, 0.3273887911313017]}