{"final_performance": 0.15959183424711232, "time_steps": [468.62433671951294, 684.2503130435944, 900.335559129715, 1116.7339434623718, 1333.3846685886383, 1549.8499834537506, 1766.753017425537, 1983.7100837230682, 2200.549085378647, 2417.427666902542, 2634.3561038970947, 2851.21923828125, 3068.3580338954926, 3285.826781272888, 3503.402505159378, 3721.2279658317566, 3939.059626340866, 4156.683376312256, 4374.344496011734, 4591.927926063538, 4809.609315395355, 5027.478179216385, 5245.375262737274, 5463.275194883347, 5681.077473640442, 5898.842777252197, 6116.566015481949, 6334.321778535843, 6552.205350399017, 6770.2277801036835, 6988.208347558975, 7206.15895152092, 7424.282337665558, 7642.564521789551, 7860.684720993042, 8078.637249708176, 8296.58177614212, 8514.811493396759, 8732.845255851746, 8950.60979270935], "runtime": 8950.60979270935, "config": {"batch_size": 245.44539636611395, "log2_n_units_2": 7.994429657536332, "log10_learning_rate": -2.961143035780451, "log2_n_units_3": 9.583548452399999, "log2_n_units_1": 5.923937213082505}, "config_id": 75, "learning_curve": [0.47408163025975225, 0.3819387763738632, 0.3293877497315407, 0.3305102020502091, 0.2828571438789368, 0.2931632667779922, 0.2846938744187355, 0.26173469871282573, 0.2347959205508232, 0.24887755066156392, 0.2654081642627716, 0.20204080939292912, 0.22061225026845932, 0.18010203838348393, 0.1721428513526917, 0.16387755125761028, 0.1625510215759277, 0.16071428507566454, 0.1596938744187355, 0.15969388037919996, 0.1604081615805626, 0.15969387292861936, 0.1596938744187355, 0.1579591810703278, 0.15938775390386584, 0.1596938744187355, 0.15867346674203875, 0.16040816009044645, 0.15989795774221416, 0.16010204106569292, 0.1592857122421265, 0.16010203808546064, 0.1594897970557213, 0.16030612587928772, 0.1596938773989678, 0.15908163040876389, 0.1599999994039536, 0.16020407825708394, 0.1594897970557213, 0.15959183424711232]}