{"final_performance": 0.4919547375879789, "time_steps": [643.1508581638336, 1035.2093489170074, 1426.921879529953, 1818.6258409023285, 2210.3774201869965, 2602.232589006424, 2993.8493258953094, 3385.8079397678375, 3777.9658296108246, 4169.846344709396, 4561.714419841766, 4953.791136026382, 5345.743729352951, 5737.73877286911, 6129.810697078705, 6521.527307987213, 6913.3593027591705, 7305.073232650757, 7696.84792637825, 8088.08441901207, 8480.316076993942, 8872.692213773727, 9265.054583311081, 9657.389767169952, 10049.472798109055, 10441.697211027145, 10833.992117404938, 11225.844702005386, 11617.877314329147, 12010.258795976639, 12402.4571018219, 12794.55884718895, 13186.416043758392, 13578.3200340271, 13970.212825775146, 14362.342697143555, 14754.074577331543, 15145.793778896332, 15537.57874250412, 15929.034893512726], "runtime": 15929.034893512726, "config": {"batch_size": 507.21874319682473, "log2_n_units_2": 7.047570921113646, "log10_learning_rate": -0.25486333558352214, "log2_n_units_3": 7.816560594137956, "log2_n_units_1": 8.535794074347136}, "config_id": 214, "learning_curve": [0.8988892339954251, 0.8986816151361716, 0.8693034358714756, 0.8062908751399893, 0.7789888930948157, 0.7481573773057837, 0.7020658207567114, 0.7240734955197887, 0.6614761744674884, 0.6429980271740964, 0.6380151604351245, 0.6471504223974127, 0.6156960459131944, 0.6155922318759717, 0.5854873829766324, 0.5826845231809115, 0.5721997320652008, 0.5404339260176608, 0.5878750117201554, 0.5116785999975706, 0.5048271527415829, 0.5525796727130288, 0.48230042739918355, 0.5358662903308868, 0.49309664494112915, 0.4824042320251465, 0.5116786031346572, 0.4925775967146221, 0.4571784515129892, 0.44015363956752573, 0.46745562082842773, 0.45499844300119496, 0.4499117606564572, 0.4548946273954291, 0.42696979798768697, 0.43662410347085245, 0.4323679020530299, 0.45094985554092804, 0.4321602802527579, 0.4919547375879789]}