{"final_performance": 0.2803634507315499, "time_steps": [873.4426465034485, 1495.4232811927795, 2117.419199705124, 2741.754819393158, 3365.6441910266876, 3990.179562330246, 4614.227490663528, 5238.896581888199, 5862.523244380951, 6487.27343082428, 7111.135755062103, 7736.03559422493, 8359.902254343033, 8984.89478135109, 9608.83067560196, 10233.579106807709, 10857.493926763535, 11482.151132106781, 12106.310011148453, 12731.114741325378, 13355.273396968842, 13980.256439447403, 14604.233037471771, 15229.385315179825, 15853.661504983902, 16478.835211515427, 17102.91598391533, 17727.576599121094, 18351.884563446045, 18977.266189336777, 19601.857717752457, 20227.384729146957, 20851.923956871033, 21477.436233520508, 22101.961364030838, 22727.408015966415, 23351.8097178936, 23977.313992738724, 24602.050310611725, 25229.352214574814], "runtime": 25229.352214574814, "config": {"batch_size": 283.9495566928788, "log2_n_units_2": 4.542522333763583, "log10_learning_rate": -3.354755386610151, "log2_n_units_3": 4.579464099599327, "log2_n_units_1": 9.493211315226834}, "config_id": 111, "learning_curve": [0.4692579507827759, 0.40696617705481397, 0.36274608543940956, 0.3817264028957912, 0.3430590612547738, 0.33134780270712716, 0.34921757323401315, 0.3291267037391663, 0.29914184638432095, 0.29944472142628265, 0.29338717460632324, 0.3027763724327087, 0.3129732438496181, 0.29288238286972046, 0.2983341744967869, 0.31145886012486046, 0.301463908808572, 0.29066127708980016, 0.3143866726330349, 0.28278646639415195, 0.30106006860733037, 0.31317516735621864, 0.2936900547572545, 0.2919737543378558, 0.2869258012090411, 0.3099444764001029, 0.33791014977863854, 0.27874810865947175, 0.292276622567858, 0.32216052327837263, 0.27804139341626843, 0.29591115372521537, 0.3309439676148551, 0.2826855097498212, 0.32650176797594344, 0.2813730444226946, 0.2887430565697806, 0.3376072730336871, 0.27864714690617154, 0.2803634507315499]}