{"final_performance": 0.3187679116215024, "time_steps": [108.44087553024292, 211.47393202781677, 314.4795961380005, 417.43626832962036, 520.3805179595947, 623.533135175705, 726.6048772335052, 829.6689419746399, 932.6438426971436, 1035.5936691761017, 1138.621811389923, 1241.764077425003, 1344.803819656372, 1447.7950692176819, 1551.0392501354218, 1654.1441524028778, 1757.3189454078674, 1860.4313304424286, 1963.6204705238342, 2066.706186056137, 2169.7684693336487, 2272.9998276233673, 2376.1224479675293, 2478.6888511180878, 2579.4496784210205, 2680.238558292389, 2780.9271037578583, 2881.5233595371246, 2982.23969912529, 3082.971293926239, 3183.723737716675, 3284.4464037418365, 3385.156108856201, 3485.8143730163574, 3586.5581724643707, 3687.742824316025, 3788.4932191371918, 3889.1929087638855, 3989.8952872753143, 4090.5689508914948], "runtime": 4090.5689508914948, "config": {"batch_size": 349.78529741232313, "log2_n_units_2": 5.341349248524945, "log10_learning_rate": -4.384433921600065, "log2_n_units_3": 5.96331629298808, "log2_n_units_1": 6.430475699952058}, "config_id": 12, "learning_curve": [0.6120548450521061, 0.5374539483870779, 0.49467867932149345, 0.4734957005296435, 0.45016373055321834, 0.4364510881049293, 0.4197707772254944, 0.4051371259348733, 0.39838314056396484, 0.3830331627811704, 0.3900941546474185, 0.37586983825479237, 0.36502251667635777, 0.3665575193507331, 0.35888252088001793, 0.3583708575793675, 0.34742120546954014, 0.34997953474521637, 0.34302087766783573, 0.3400532156229019, 0.3392345458269119, 0.33452721791608, 0.3391322174242565, 0.33493655494281227, 0.33155956225735805, 0.33473188962255207, 0.32552189699241096, 0.32296357197420933, 0.3284895654235568, 0.3345272221735546, 0.32337289409978054, 0.3232705699545997, 0.3222472327096122, 0.32050756897245136, 0.31467457967145107, 0.3172329068183899, 0.30689725279808044, 0.3085345817463738, 0.3109905826193946, 0.3187679116215024]}