{"final_performance": 0.28815628753768074, "time_steps": [593.3777410984039, 952.0978851318359, 1309.8805122375488, 1666.786740064621, 2024.0373704433441, 2381.5289647579193, 2738.5336406230927, 3096.17445397377, 3454.6398737430573, 3812.849491596222, 4170.576942205429, 4528.6599979400635, 4886.695029497147, 5244.963405609131, 5603.818930387497, 5962.2695343494415, 6319.997683048248, 6678.091303825378, 7035.8829917907715, 7394.159487724304, 7752.677555561066, 8110.836711645126, 8468.76071357727, 8826.719231128693, 9184.95439529419, 9543.109270811081, 9900.897829771042, 10259.090480089188, 10617.395748138428, 10976.091797828674, 11334.407114744186, 11692.79422044754, 12051.792489767075, 12409.728190422058, 12770.745968580246, 13129.852795124054, 13488.58419084549, 13847.414737701416, 14206.291896104813, 14564.571712732315], "runtime": 14564.571712732315, "config": {"batch_size": 182.3266830534774, "log2_n_units_2": 9.604009997393582, "log10_learning_rate": -4.972290173077596, "log2_n_units_3": 9.006487736030639, "log2_n_units_1": 4.692596154076503}, "config_id": 51, "learning_curve": [0.4405779303223999, 0.3952991344310619, 0.36619860706505947, 0.3519535991880629, 0.3482905924320221, 0.3314000765482584, 0.3244810711454462, 0.32071631153424585, 0.3303825777989847, 0.32712657252947486, 0.3240740674513357, 0.31949531811254994, 0.301994299447095, 0.29802604185210335, 0.31084655721982324, 0.2995522949430678, 0.2989417932651661, 0.28988603530106716, 0.30311355436289755, 0.292022791173723, 0.3090150554974874, 0.29466829366154146, 0.2988400470327448, 0.2873422823570393, 0.28958078446211644, 0.2876475365073593, 0.28968253952485545, 0.28184777829382157, 0.2827635319144638, 0.2797110279401144, 0.29242978824509513, 0.28357753267994634, 0.28795278403494096, 0.2793040264535833, 0.2779812779691484, 0.29181928987856265, 0.2837810317675272, 0.2730972700648837, 0.27808302640914917, 0.28815628753768074]}