{"final_performance": 0.33357347973755425, "time_steps": [543.1377050876617, 831.4791831970215, 1120.0736405849457, 1408.4950790405273, 1696.8147644996643, 1985.7230315208435, 2274.10497379303, 2562.6212017536163, 2851.526007413864, 3139.8910236358643, 3428.38564658165, 3716.8856122493744, 4005.263724565506, 4293.8525450229645, 4582.435514688492, 4870.772805929184, 5159.328312397003, 5447.827616691589, 5736.19805932045, 6024.75203537941, 6313.449683904648, 6601.875015497208, 6891.988752603531, 7180.156975746155, 7468.42143034935, 7756.91673207283, 8045.305850744247, 8333.639514923096, 8622.067591905594, 8909.8926486969, 9197.94246673584, 9486.230331420898, 9774.388027668, 10062.496142148972, 10350.434016227722, 10638.541422843933, 10926.528742551804, 11214.5784304142, 11502.601860284805, 11790.78421998024], "runtime": 11790.78421998024, "config": {"batch_size": 347.71660858260486, "log2_n_units_2": 5.4760241218708465, "log10_learning_rate": -4.16086686909633, "log2_n_units_3": 4.497843381310211, "log2_n_units_1": 8.276071295739598}, "config_id": 181, "learning_curve": [0.5424042780484473, 0.4848703156624522, 0.422396046774728, 0.41086867238794056, 0.39944422245025635, 0.377727461712701, 0.3625977741820472, 0.3461300879716873, 0.35951008966990883, 0.3461300943578992, 0.3499382414988109, 0.3476739376783371, 0.3256484142371586, 0.3780362265450614, 0.3234870327370507, 0.33748455771378105, 0.325236724955695, 0.3176204179014478, 0.3425277897289821, 0.3115479626825878, 0.3066076615027019, 0.3267805661473956, 0.3142239621707371, 0.32626594815935406, 0.32955948582717354, 0.35240839847496574, 0.30526966495173313, 0.3120625785418919, 0.32379580395562313, 0.31134211591311867, 0.3285302519798279, 0.30928365034716465, 0.304549195936748, 0.3195759547608239, 0.2892136701515743, 0.30557842552661896, 0.3086661228111812, 0.30146150078092304, 0.3040345843349185, 0.33357347973755425]}