{"final_performance": 0.8988244745981049, "time_steps": [550.4662086963654, 865.167643070221, 1180.6216068267822, 1495.8897740840912, 1810.927648305893, 2125.246855735779, 2439.7689275741577, 2754.7514324188232, 3069.490106344223, 3384.301698207855, 3698.2829043865204, 4012.5844056606293, 4326.701161146164, 4640.48469543457, 4954.659941673279, 5268.468432664871, 5585.022852897644, 5900.676812171936, 6217.649405002594, 6533.577493190765, 6848.973711013794, 7164.963181257248, 7480.398859024048, 7796.381059169769, 8112.087487220764, 8427.95092511177, 8743.97410082817, 9059.434114456177, 9375.02769947052, 9690.334211826324, 10006.66126704216, 10322.24311375618, 10638.599835395813, 10955.004120349884, 11271.197386264801, 11586.988953113556, 11903.155874729156, 12219.401238679886, 12535.478395700455, 12850.723016500473], "runtime": 12850.723016500473, "config": {"batch_size": 269.89055155024687, "log2_n_units_2": 4.946293552034966, "log10_learning_rate": -0.3326689913468215, "log2_n_units_3": 9.649627563770867, "log2_n_units_1": 8.394835201185941}, "config_id": 186, "learning_curve": [0.8985230578361331, 0.8983221133617131, 0.8974178626730636, 0.9049532794066377, 0.9022405296564102, 0.9003315567970276, 0.8983221133617131, 0.8976188070468001, 0.8999296683516051, 0.9049532794066377, 0.9018386409089372, 0.8984225853472143, 0.9018386409089372, 0.8976188070468001, 0.8999296683516051, 0.9049532794066377, 0.8976188070468001, 0.9022405296564102, 0.8983221133617131, 0.9018386409089372, 0.8999296683516051, 0.8976188070468001, 0.8983221133617131, 0.8999296683516051, 0.9049532794066377, 0.8983221133617131, 0.9003315567970276, 0.8976188070468001, 0.9022405296564102, 0.9018386409089372, 0.8974178626730636, 0.8976188070468001, 0.8999296683516051, 0.9022405296564102, 0.9018386409089372, 0.8974178626730636, 0.8999296683516051, 0.9022405296564102, 0.9003315567970276, 0.8988244745981049]}