{"final_performance": 0.4886111725460399, "time_steps": [311.89271998405457, 388.19035267829895, 464.87944769859314, 541.2011189460754, 617.5193271636963, 694.1753675937653, 770.401829957962, 846.6481823921204, 923.5899953842163, 999.9074447154999, 1076.2655153274536, 1152.2508647441864, 1228.5992562770844, 1304.8805730342865, 1381.3561697006226, 1457.8156597614288, 1534.3171572685242, 1610.5527174472809, 1686.6208899021149, 1762.7622518539429, 1839.0096085071564, 1915.2959632873535, 1991.5645897388458, 2067.768609046936, 2144.078778028488, 2220.4057960510254, 2296.5950927734375, 2372.8312134742737, 2448.968595981598, 2525.2826821804047, 2601.4784636497498, 2677.663573741913, 2753.886289834976, 2830.086646795273, 2906.4105982780457, 2982.684462785721, 3058.921826839447, 3135.099977016449, 3211.219812631607, 3287.3581364154816], "runtime": 3287.3581364154816, "config": {"batch_size": 451.006279049568, "log2_n_units_2": 7.338632419334088, "log10_learning_rate": -5.853572174722909, "log2_n_units_3": 7.303745805910655, "log2_n_units_1": 4.315300088189176}, "config_id": 233, "learning_curve": [0.8883289664306424, 0.8148558769713748, 0.7572062062946233, 0.7186051180416888, 0.6928038691932505, 0.6739568615501577, 0.6579318696802312, 0.6463414620269429, 0.6339447715065696, 0.6262850233099677, 0.6141906881874257, 0.602297922427004, 0.5954444679346951, 0.58667607199062, 0.5787139724601399, 0.5725660161538557, 0.5692400715567849, 0.563293691385876, 0.5561378774317829, 0.5526103634725917, 0.5492844215848229, 0.5428341058167545, 0.5380971553650769, 0.5329570661891591, 0.5281193324110725, 0.5236847400665283, 0.5207619423216039, 0.5183430761098862, 0.517335213043473, 0.5122959099032662, 0.5083652518012307, 0.506047171625224, 0.5035275180231441, 0.5013102252374996, 0.49758113785223523, 0.49556541442871094, 0.4948599108240821, 0.4911308275027708, 0.4899213923649355, 0.4886111725460399]}