{"final_performance": 0.16724419322880835, "time_steps": [457.9159438610077, 669.7978069782257, 881.6956121921539, 1093.668704032898, 1305.8155994415283, 1517.9250781536102, 1730.2744460105896, 1942.5270121097565, 2154.644686937332, 2366.846870660782, 2579.2261657714844, 2791.198536634445, 3003.3681204319, 3215.6224443912506, 3429.1504113674164, 3641.1500992774963, 3852.985144138336, 4065.3656866550446, 4277.056944847107, 4488.9286642074585, 4700.8276154994965, 4912.679101228714, 5124.71594452858, 5336.514775753021, 5548.3140478134155, 5760.09162068367, 5971.819443464279, 6183.788207530975, 6395.651267051697, 6607.545189619064, 6819.532905340195, 7030.037331581116, 7238.246307134628, 7446.458179950714, 7654.452380180359, 7862.869282722473, 8071.379106998444, 8279.500791788101, 8487.883311510086, 8695.972676992416], "runtime": 8695.972676992416, "config": {"batch_size": 446.6278130854925, "log2_n_units_2": 8.180366304130228, "log10_learning_rate": -2.4517820775406824, "log2_n_units_3": 6.564400544160058, "log2_n_units_1": 6.936082232813965}, "config_id": 25, "learning_curve": [0.5342437868768519, 0.42876070466908545, 0.34641256115653296, 0.33336730707775464, 0.29249897599220276, 0.3247044411572543, 0.27384834939783265, 0.22869955138726672, 0.26824296875433484, 0.21483896808190783, 0.25560538877140393, 0.2448022907430475, 0.22350182858380407, 0.2403179759329016, 0.2214635177092119, 0.2194251878695055, 0.1966979205608368, 0.1962902545928955, 0.2233999181877483, 0.21922136436809192, 0.222992246801203, 0.20169181173497985, 0.2018956352363933, 0.17886261506514112, 0.17254382913762878, 0.1676518537781455, 0.1696901754899458, 0.16856909611008386, 0.16836526448076417, 0.16846717487681995, 0.16754994067278772, 0.1676518537781455, 0.16846718300472607, 0.1678556826981631, 0.1659192822196267, 0.16714226928624243, 0.1659192822196267, 0.16754993796348572, 0.16663269563154737, 0.16724419322880835]}