{"final_performance": 0.15282866074925372, "time_steps": [655.9485895633698, 1058.556122303009, 1461.9923639297485, 1865.2372467517853, 2268.4238183498383, 2671.80322432518, 3074.737201690674, 3477.9339945316315, 3881.204753637314, 4284.04327082634, 4686.779159545898, 5089.544810056686, 5492.430823802948, 5894.928641080856, 6297.65412569046, 6700.183096170425, 7102.382859945297, 7504.220569372177, 7905.866767644882, 8307.660486459732, 8709.243960380554, 9110.770060539246, 9512.433158874512, 9914.249634742737, 10315.932203531265, 10717.718878269196, 11119.365638256073, 11521.146896839142, 11923.01165342331, 12324.937436580658, 12726.546602725983, 13128.075463533401, 13529.689633369446, 13931.436292648315, 14332.920279502869, 14734.334509849548, 15135.918425559998, 15537.378484010696, 15938.589467287064, 16339.966793298721], "runtime": 16339.966793298721, "config": {"batch_size": 234.1614330724467, "log2_n_units_2": 9.633008300341384, "log10_learning_rate": -2.7464501970962, "log2_n_units_3": 6.875546738990771, "log2_n_units_1": 7.192552983989827}, "config_id": 84, "learning_curve": [0.48911272982756293, 0.36253560440880916, 0.29324379563331604, 0.30993080848739263, 0.27981277306874597, 0.2601750124068487, 0.2388074894746145, 0.24603174697785146, 0.23168498703411644, 0.22385022611845107, 0.23962149024009705, 0.2890720339048476, 0.18284493542852853, 0.19444444917497183, 0.21011396107219515, 0.20431420774686904, 0.29375254114468896, 0.20634920824141734, 0.18915344136101864, 0.19149369569051833, 0.18172568366641095, 0.16249492054893855, 0.15974766725585576, 0.155982908748445, 0.1563899119695028, 0.15659340790339882, 0.1560846538770766, 0.15496540495327538, 0.15588115936233882, 0.1547619104385376, 0.15557591546149485, 0.1549654106299082, 0.15404965905916124, 0.15425315783137372, 0.15343915990420753, 0.15394790825389681, 0.15333741051810124, 0.153846161706107, 0.15364266151473638, 0.15282866074925372]}