{"final_performance": 0.5315757830475651, "time_steps": [362.6804823875427, 462.34841775894165, 561.652158498764, 660.8743784427643, 760.561470746994, 860.0092985630035, 959.3749787807465, 1058.3464879989624, 1157.7963960170746, 1256.8011791706085, 1356.7801525592804, 1456.52600979805, 1556.0108320713043, 1655.3052504062653, 1754.5796027183533, 1853.8124990463257, 1953.0496706962585, 2052.3203399181366, 2151.891539812088, 2251.364746570587, 2350.9946718215942, 2450.8996591567993, 2550.529693841934, 2649.6157500743866, 2749.1337587833405, 2848.7203278541565, 2948.200585603714, 3047.288665533066, 3147.052872657776, 3245.670123577118, 3345.213423728943, 3444.192019224167, 3543.5043466091156, 3642.6466846466064, 3741.9427456855774, 3842.060938358307, 3941.0804035663605, 4040.6530017852783, 4140.473789930344, 4239.801847934723], "runtime": 4239.801847934723, "config": {"batch_size": 232.79536351163753, "log2_n_units_2": 4.8278354935449, "log10_learning_rate": -5.567369908308422, "log2_n_units_3": 4.118578736379595, "log2_n_units_1": 6.362789576477065}, "config_id": 85, "learning_curve": [0.8550521254886029, 0.8218724945949953, 0.7926022445046624, 0.7656375294507936, 0.7453889323528422, 0.7278468331625295, 0.7084001604207726, 0.6934643131355906, 0.6814354425945948, 0.6683039290960444, 0.6591820370319278, 0.6506615891013035, 0.6410384926685067, 0.6334202095519665, 0.6245990360892096, 0.6170809955097909, 0.6113672824793084, 0.6067562151786893, 0.6016439435093902, 0.5949278265930886, 0.5929230146629866, 0.5890136312606723, 0.5850040101727774, 0.5811948672283527, 0.5751804349034332, 0.5710705691991851, 0.5653568568617798, 0.5633520449316779, 0.5604450695736464, 0.5579390546610189, 0.5560344831888067, 0.5522253388582274, 0.5492181237353835, 0.547313554342403, 0.5458099467809809, 0.5420008017573246, 0.5380914169688558, 0.5352846820687138, 0.5334803579851639, 0.5315757830475651]}