{"final_performance": 0.1893970876932144, "time_steps": [410.6364233493805, 570.2199273109436, 730.3948745727539, 890.0661759376526, 1049.8083183765411, 1209.815716266632, 1369.9490332603455, 1530.9620616436005, 1690.914219379425, 1850.9369225502014, 2011.537674665451, 2171.794018268585, 2332.038901567459, 2492.797201871872, 2653.1772162914276, 2813.487622976303, 2973.629932641983, 3134.4726123809814, 3294.601838827133, 3454.615492105484, 3615.154362678528, 3775.365984916687, 3935.20911192894, 4095.9536962509155, 4256.323210000992, 4416.532166004181, 4576.728340625763, 4736.614829301834, 4896.691780328751, 5057.677197694778, 5217.5813908576965, 5377.455427646637, 5537.59938287735, 5697.618777036667, 5857.5968425273895, 6018.070673942566, 6178.163021564484, 6338.077486276627, 6499.138054132462, 6659.095373630524], "runtime": 6659.095373630524, "config": {"batch_size": 481.42259457629257, "log2_n_units_2": 5.469330555050391, "log10_learning_rate": -2.284316513536397, "log2_n_units_3": 7.697577078826612, "log2_n_units_1": 7.198882526513363}, "config_id": 67, "learning_curve": [0.5827442795038223, 0.4681912705302238, 0.3675675630569458, 0.3276507288217545, 0.3280665308237076, 0.30000000000000004, 0.2589397102594375, 0.29490644335746763, 0.2295218348503113, 0.24896050095558164, 0.2341995865106583, 0.24844074845314024, 0.2630977094173431, 0.21943867206573486, 0.21340955793857574, 0.22370061874389646, 0.21881496310234072, 0.21392931044101715, 0.23877338469028475, 0.22598752677440648, 0.20353430211544032, 0.20841995179653172, 0.2043659031391144, 0.19251558780670164, 0.1929313868284226, 0.1920997887849808, 0.19054054021835332, 0.19168398976325984, 0.188877335190773, 0.19085238873958588, 0.1903326332569122, 0.19054053425788875, 0.191372138261795, 0.1902286827564239, 0.18950103819370268, 0.18960497975349422, 0.18960497975349422, 0.19095633625984187, 0.18981288671493535, 0.1893970876932144]}