{"final_performance": 0.26065162608498016, "time_steps": [777.9693174362183, 1300.5651512145996, 1821.3425087928772, 2343.3850960731506, 2867.3693103790283, 3390.2635021209717, 3913.4471468925476, 4437.041179895401, 4959.02553153038, 5482.093632936478, 6004.419086694717, 6527.09078836441, 7049.4806315898895, 7571.461173772812, 8093.5506937503815, 8615.464140176773, 9137.53431725502, 9658.31590127945, 10179.722553014755, 10701.504098892212, 11221.77017402649, 11742.949525356293, 12266.252233505249, 12786.875238656998, 13308.264914274216, 13829.70223903656, 14350.817665338516, 14872.646605014801, 15393.316590547562, 15914.45645737648, 16436.011354207993, 16957.137425899506, 17477.368565559387, 17998.871671915054, 18519.496161937714, 19040.246196508408, 19561.63608622551, 20081.85287618637, 20603.216048955917, 21124.077954769135], "runtime": 21124.077954769135, "config": {"batch_size": 504.26275481796023, "log2_n_units_2": 7.6462014217494865, "log10_learning_rate": -1.5086497395725047, "log2_n_units_3": 9.766157297958355, "log2_n_units_1": 8.634299955905984}, "config_id": 52, "learning_curve": [0.8945279854692911, 0.8877401830334413, 0.8019005867995714, 0.669068505889491, 0.5780075192451477, 0.5443817879024304, 0.5140977470498336, 0.5139933197121871, 0.4816207164212277, 0.4616750196406716, 0.4671052662949813, 0.3992272364465814, 0.37458229064941406, 0.3471177879132723, 0.40528404398968343, 0.34868420738922923, 0.32487468343032033, 0.30096073213376495, 0.29897660958139516, 0.2879072678716559, 0.2680660047029194, 0.27579365278545176, 0.3329156197999653, 0.2710944069059271, 0.2578320785572654, 0.29469507305245646, 0.27109440376884064, 0.29876774549484253, 0.2560568106801886, 0.26984127571708283, 0.2586675003955239, 0.25657893795716136, 0.25992064413271454, 0.2639933165751005, 0.2766290746237102, 0.2555346677177831, 0.25710108719374003, 0.27704678711138275, 0.30513784132505717, 0.26065162608498016]}