{"final_performance": 0.24649859994065526, "time_steps": [678.8324568271637, 1105.3688116073608, 1529.742924451828, 1953.3582699298859, 2376.791608095169, 2800.181134700775, 3223.588985681534, 3647.8783395290375, 4066.209799051285, 4479.748450279236, 4892.8831877708435, 5306.289372205734, 5719.29604268074, 6131.760672569275, 6543.713330984116, 6955.375435590744, 7367.693217039108, 7778.990642547607, 8190.940309286118, 8602.227253198624, 9013.811447620392, 9425.26491355896, 9835.907643079758, 10246.728302955627, 10653.79999256134, 11055.06485581398, 11456.97692489624, 11858.559794902802, 12259.725191116333, 12661.106309890747, 13062.300799369812, 13463.469371318817, 13865.322515964508, 14266.393112182617, 14667.231637239456, 15068.202328205109, 15469.40018248558, 15870.699989557266, 16273.752559185028, 16681.64708161354], "runtime": 16681.64708161354, "config": {"batch_size": 196.12550377333932, "log2_n_units_2": 8.838154492974832, "log10_learning_rate": -1.4869920940756653, "log2_n_units_3": 4.128802597964124, "log2_n_units_1": 8.16238916045437}, "config_id": 34, "learning_curve": [0.5589235693800683, 0.4238695443845263, 0.38905562606512334, 0.3141256512380114, 0.2982192880967084, 0.3136254467216193, 0.2972188872449538, 0.26040416020973056, 0.25870347957985074, 0.24589836129955212, 0.23889556001214418, 0.2881152419482961, 0.25220087813396075, 0.2445978405428868, 0.25140056189368754, 0.2517006782924428, 0.2401960807688096, 0.26520607985702216, 0.3051220447409386, 0.24729891968708417, 0.2507002786094067, 0.25180071826074635, 0.2585033973058065, 0.2738095171311322, 0.25220087813396075, 0.2534013600910411, 0.24759904076071348, 0.23449380140678555, 0.2488995615173789, 0.24249700120851103, 0.24319727981791772, 0.2506002398098216, 0.24729891968708417, 0.2355942387206882, 0.2327931219456243, 0.22979191939036048, 0.2322929232728248, 0.25380152113297405, 0.23579431982601395, 0.24649859994065526]}