{"final_performance": 0.3006202301808766, "time_steps": [942.804612159729, 1640.1335105895996, 2339.086517572403, 3038.703064441681, 3737.1547882556915, 4437.110017776489, 5133.836518764496, 5829.256719827652, 6527.401627779007, 7226.910120725632, 7923.944432020187, 8620.719442129135, 9318.365990161896, 10012.252748966217, 10713.007777452469, 11408.991433143616, 12104.92826795578, 12803.929853439331, 13500.7341299057, 14195.796416521072, 14891.89799785614, 15586.985833644867, 16281.617572784424, 16982.039301395416, 17679.835903406143, 18373.516646146774, 19069.438675880432, 19765.421570301056, 20465.334761857986, 21166.16152381897, 21864.08989572525, 22562.934773683548, 23259.0028693676, 23957.405254364014, 24655.77000284195, 25356.20195198059, 26055.734502077103, 26755.827226638794, 27454.703333854675, 28154.077616930008], "runtime": 28154.077616930008, "config": {"batch_size": 51.2132066874929, "log2_n_units_2": 4.465769937226917, "log10_learning_rate": -5.4505606107953515, "log2_n_units_3": 9.306353209733476, "log2_n_units_1": 9.617416315784718}, "config_id": 238, "learning_curve": [0.5812324846581537, 0.5159063500409223, 0.4762904989172001, 0.4525810130396668, 0.4402760901317304, 0.4284713677301699, 0.4190676067860759, 0.41586632585647154, 0.3983593236426918, 0.3880552007835738, 0.38005199921982624, 0.3696478372629808, 0.36714683746805, 0.3599439564408088, 0.3521408356574117, 0.3508403158309509, 0.34453779519820704, 0.3389355541796101, 0.342737074561265, 0.3405361947964649, 0.33423367385961567, 0.33183271346651777, 0.32753099318669765, 0.32292915257264154, 0.3247298727534256, 0.32242895252242376, 0.3165265919298542, 0.3151260317892445, 0.31322527159841695, 0.31032411130715387, 0.3091236311866312, 0.3095237912268055, 0.30332131060410517, 0.3075229908738818, 0.3053221108049763, 0.30572227069309776, 0.30582231085519407, 0.3076230308839253, 0.29931971020236303, 0.3006202301808766]}