{"final_performance": 0.30290290315945945, "time_steps": [682.5675640106201, 1115.5893931388855, 1549.4461085796356, 1984.6248795986176, 2419.3831675052643, 2854.6256799697876, 3289.1471717357635, 3723.2932403087616, 4157.625645875931, 4591.905007839203, 5025.827041149139, 5459.699158191681, 5893.032115936279, 6326.298735618591, 6759.7054607868195, 7193.0198357105255, 7625.486220598221, 8058.77437543869, 8490.814566612244, 8923.114281654358, 9354.605637311935, 9786.66459608078, 10219.502701759338, 10651.682027101517, 11083.914107322693, 11515.790406227112, 11947.994482517242, 12379.311402797699, 12810.178303718567, 13241.905272960663, 13672.52319741249, 14103.349093437195, 14533.763923168182, 14964.030356884003, 15394.702112913132, 15825.746484994888, 16256.755144834518, 16688.212976932526, 17119.19723391533, 17550.44231891632], "runtime": 17550.44231891632, "config": {"batch_size": 333.3586677626604, "log2_n_units_2": 9.511561305531215, "log10_learning_rate": -1.3346205416511108, "log2_n_units_3": 4.936224081822833, "log2_n_units_1": 7.687627055766175}, "config_id": 122, "learning_curve": [0.7655655657251677, 0.6697697718938191, 0.5540540526310602, 0.48828828930854795, 0.41081081032752986, 0.39729729692141214, 0.3525525510311127, 0.35885885953903196, 0.336136132478714, 0.3344344278176625, 0.3553553581237793, 0.32742742300033567, 0.31681681474049883, 0.3182182133197784, 0.31591591040293376, 0.3233233213424682, 0.3159159163633982, 0.3151151100794475, 0.29239239096641545, 0.29479479988416035, 0.3193193157513936, 0.2968968987464905, 0.3316316286722819, 0.3214214185873667, 0.29889889756838484, 0.2983983973662059, 0.298798797527949, 0.32262262105941775, 0.3249249219894409, 0.317217214902242, 0.3258258203665415, 0.2830830872058868, 0.2862862884998322, 0.3049048980077108, 0.29899899959564213, 0.3695695718129476, 0.3101101100444794, 0.3030030012130738, 0.29399399956067407, 0.30290290315945945]}