{"final_performance": 0.27173477564102566, "time_steps": [356.16388463974, 468.51450657844543, 580.9815194606781, 693.3180456161499, 805.6075024604797, 917.7764594554901, 1029.8984215259552, 1141.7711308002472, 1253.7575516700745, 1365.7903518676758, 1477.8493509292603, 1589.901401758194, 1701.9003522396088, 1813.8985204696655, 1925.9050559997559, 2037.9027438163757, 2150.014666557312, 2262.0270602703094, 2373.9677579402924, 2485.9161009788513, 2597.8536903858185, 2709.8125145435333, 2821.7580242156982, 2933.8140437602997, 3045.784860610962, 3157.7421741485596, 3269.636839866638, 3381.4748618602753, 3493.389987707138, 3605.399953365326, 3717.2972178459167, 3829.1767456531525, 3941.1172745227814, 4053.091668367386, 4165.035373687744, 4276.899695158005, 4388.802758932114, 4500.772938966751, 4612.643590688705, 4724.343901634216], "runtime": 4724.343901634216, "config": {"batch_size": 128.18205261282029, "log2_n_units_2": 8.011917110539045, "log10_learning_rate": -1.3730008151465976, "log2_n_units_3": 4.536516132163062, "log2_n_units_1": 5.1101569731654815}, "config_id": 114, "learning_curve": [0.554286858974359, 0.4204727564102564, 0.3535657051282052, 0.3311298076923077, 0.3139022435897436, 0.29567307692307687, 0.2975761217948718, 0.2854567307692307, 0.2874599358974359, 0.2887620192307693, 0.2647235576923077, 0.2809495192307693, 0.2794471153846154, 0.2628205128205128, 0.3048878205128205, 0.2660256410256411, 0.3014823717948718, 0.2805488782051282, 0.2835536858974359, 0.25010016025641024, 0.2541065705128205, 0.2528044871794872, 0.2904647435897436, 0.26782852564102566, 0.28665865384615385, 0.26642628205128205, 0.2569110576923077, 0.2613181089743589, 0.25861378205128205, 0.2613181089743589, 0.2626201923076923, 0.27423878205128205, 0.2658253205128205, 0.26171875, 0.2606169871794872, 0.2558092948717948, 0.26231971153846156, 0.26161858974358976, 0.2614182692307693, 0.27173477564102566]}