{"final_performance": 0.34560162106225656, "time_steps": [922.22660779953, 1589.399611711502, 2256.4535398483276, 2924.5283200740814, 3593.8005578517914, 4262.746748685837, 4931.968747615814, 5600.799073934555, 6269.4394454956055, 6938.341535329819, 7608.156425952911, 8277.323584794998, 8945.91056728363, 9613.674967765808, 10281.25706243515, 10948.992110490799, 11617.00456237793, 12284.854809045792, 12954.045933246613, 13622.872107744217, 14292.892914295197, 14962.465708971024, 15618.917659759521, 16273.215008974075, 16927.26174068451, 17567.845123291016, 18203.067112207413, 18839.564096212387, 19476.9221265316, 20113.69004368782, 20747.963505506516, 21384.10618686676, 22019.86052465439, 22654.837316274643, 23290.619525909424, 23926.595761299133, 24563.74338054657, 25204.74636030197, 25835.233052015305, 26466.30331516266], "runtime": 26466.30331516266, "config": {"batch_size": 115.59489663290432, "log2_n_units_2": 6.526835783285279, "log10_learning_rate": -5.633043466073136, "log2_n_units_3": 5.055372340797053, "log2_n_units_1": 9.417382139566346}, "config_id": 91, "learning_curve": [0.6417593564404998, 0.5724974770185559, 0.5335692680159281, 0.5072800849759301, 0.484732057812602, 0.47199191430280374, 0.46036400559336643, 0.44600607108238133, 0.4344792774943418, 0.4271991952907207, 0.42012133847835453, 0.4120323585216389, 0.4069767452256624, 0.40151668391948525, 0.39959555483141607, 0.3953488382489182, 0.38776542211687837, 0.39160768722378936, 0.3827098109001337, 0.38240646969440373, 0.3806875639183577, 0.37674418854158975, 0.3735085947569027, 0.37462082539880004, 0.36582406385000366, 0.36673407568488015, 0.3649140589458998, 0.36208291386449065, 0.36046511766522427, 0.362082912478336, 0.35692618821942534, 0.3554095057554023, 0.35409504729647967, 0.3528817004935686, 0.35146612760632534, 0.34711830214012496, 0.34924166077791263, 0.3473205309967662, 0.34327604119167776, 0.34560162106225656]}