{"config": {"log2_n_units_2": 4.147573965191884, "batch_size": 185.5465729305797, "log2_n_units_1": 6.239451650771652, "log2_n_units_3": 5.44334776065297, "log10_learning_rate": -5.76157296650869}, "valid_loss": [3.0500730452714144, 2.747687092533818, 2.528631152930083, 2.375333582913434, 2.269475490958602, 2.192331583411605, 2.1374491409019187, 2.092519168500547, 2.055853929784563, 2.0251639904799283, 1.9975511166784499, 1.971583660002108, 1.948946065372891, 1.9266769930168435, 1.9060874139821087, 1.88748304049174, 1.869183498400229, 1.852807621161143, 1.836307583031831, 1.8212435687029804, 1.8063911729388766, 1.792616883913676, 1.7786828721011128, 1.766158143679301, 1.7533681856261358, 1.7416260728129633, 1.730140584486502, 1.7187861424905282, 1.7080443700154622, 1.697884495611544, 1.688180852819372, 1.6782216120649267, 1.6697259236265112, 1.6605704779978152, 1.651787645286984, 1.6433898166373924, 1.6352510584725275, 1.6283679803212483, 1.6207702226108975, 1.6134038611694619], "train_loss": [3.2348668498021587, 2.877178836751867, 2.6221041833912886, 2.44054083470945, 2.3128131330013275, 2.224200624006766, 2.16063709281109, 2.110852328163606, 2.0696764847746603, 2.0350035142015526, 2.0040868989847325, 1.9774888715258352, 1.9509105754119378, 1.927775126364496, 1.9049913651413388, 1.885295029591631, 1.8647509311084394, 1.847213997885033, 1.8301635456305962, 1.8129451026519139, 1.797328445094603, 1.7820757141819707, 1.7680046751543328, 1.7546190442862335, 1.7415676199727588, 1.7286352167526882, 1.7161202938468367, 1.7031126276210502, 1.6923093972382721, 1.6815063506364822, 1.6704686675910596, 1.6604457845290501, 1.6501959413290024, 1.6419859754818458, 1.6332370274596744, 1.623026583481718, 1.6148874980432015, 1.6057703252191897, 1.5989266032422031, 1.5915751390986972], "config_id": 263, "time_steps": [347.8258032798767, 442.30289125442505, 536.68492603302, 630.8326351642609, 725.0157458782196, 819.2651720046997, 913.5674862861633, 1008.0767178535461, 1102.5943944454193, 1196.9454197883606, 1291.326266527176, 1385.777009487152, 1480.1054639816284, 1574.4058978557587, 1668.7731659412384, 1763.1713871955872, 1857.3142750263214, 1951.591474533081, 2045.7600815296173, 2140.0367789268494, 2234.2283947467804, 2328.4992306232452, 2422.594055891037, 2516.808032989502, 2610.979368686676, 2705.228452682495, 2799.323439359665, 2893.391492843628, 2987.4727857112885, 3081.419585943222, 3175.0924010276794, 3268.8744192123413, 3362.9859035015106, 3457.21467089653, 3551.7360005378723, 3646.292604446411, 3740.85999584198, 3835.53337430954, 3930.0792729854584, 4024.634905099869], "runtime": 4024.634905099869, "learning_curve": [0.9034034034444226, 0.8771771776179472, 0.8576576584191233, 0.8320320328628575, 0.80870870983711, 0.7856856866015328, 0.7699699721954487, 0.7504504538244672, 0.7388388390342395, 0.7283283292695328, 0.7189189203911357, 0.705705706719999, 0.7003003002868758, 0.6907907920303168, 0.6843843868485204, 0.6785785779356956, 0.670870872007476, 0.6670670680425785, 0.6615615608515563, 0.6576576586122866, 0.6529529547249829, 0.6466466464378215, 0.6424424444083814, 0.639139140093768, 0.6313313317519647, 0.6260260271805305, 0.6244244249882521, 0.6196196200671019, 0.6157157156202528, 0.6114114109012816, 0.6073073093537931, 0.603103103461089, 0.6011011009966886, 0.5972972986874757, 0.5968968989672484, 0.5936936940307971, 0.5902902914418114, 0.5884884899413144, 0.5842842873599794, 0.5829829838540819]}