{"final_performance": 0.3052525222301483, "time_steps": [305.61124777793884, 365.4638702869415, 425.51127409935, 485.66806077957153, 545.9289886951447, 606.1305611133575, 666.5601029396057, 726.8442280292511, 787.0658798217773, 847.5327455997467, 907.8457567691803, 968.2896692752838, 1028.5915958881378, 1088.7687044143677, 1149.1353664398193, 1209.4937500953674, 1269.9990377426147, 1330.357419013977, 1390.7773942947388, 1451.1371114253998, 1511.6094028949738, 1572.2797622680664, 1632.5813310146332, 1692.9228885173798, 1753.377825498581, 1813.7710399627686, 1874.3050065040588, 1934.8483035564423, 1995.2930481433868, 2055.550306558609, 2115.975438117981, 2176.423964738846, 2236.909835100174, 2297.2653942108154, 2357.6276602745056, 2418.02507352829, 2478.431587457657, 2538.895521879196, 2599.457185983658, 2660.043070077896], "runtime": 2660.043070077896, "config": {"batch_size": 150.36418819318774, "log2_n_units_2": 4.6862711687148275, "log10_learning_rate": -4.352776342343646, "log2_n_units_3": 8.524136230942997, "log2_n_units_1": 4.324053697967495}, "config_id": 140, "learning_curve": [0.5353535332463004, 0.4772727263696266, 0.453737372250268, 0.42313131373940094, 0.40939394271734986, 0.3981818209091822, 0.38666666457147314, 0.3809090924985481, 0.3728282821900917, 0.3652525264205355, 0.3648484827894153, 0.3567676760933616, 0.34858585939262854, 0.3422222236792246, 0.34404040376345313, 0.3383838398890062, 0.33505050702528516, 0.332525251489697, 0.3340404051722903, 0.33020201776966907, 0.3267676730950674, 0.3306060577883865, 0.32454545479832275, 0.32353535023602575, 0.3215151537548412, 0.3169696954163638, 0.3169696981256659, 0.31797979546315747, 0.31474747350721644, 0.31161616336215625, 0.3138383834651022, 0.31686868450858374, 0.3080808059735731, 0.31060606060606055, 0.3052525222301483, 0.3124242415933898, 0.3099999978686824, 0.3087878769094293, 0.3059595940691052, 0.3052525222301483]}