{"final_performance": 0.37533484593681665, "time_steps": [580.7871057987213, 928.6044747829437, 1276.179119348526, 1622.6833057403564, 1970.3383474349976, 2317.0237984657288, 2665.0551664829254, 3012.169180393219, 3359.466564178467, 3706.148590564728, 4053.198152065277, 4399.945800542831, 4748.790417909622, 5096.559614181519, 5444.92120051384, 5793.1809804439545, 6142.293751478195, 6490.36937379837, 6838.382371664047, 7187.032420635223, 7533.847704648972, 7881.641652584076, 8229.073020219803, 8577.298121213913, 8924.253204345703, 9271.041934013367, 9617.991508722305, 9965.402967214584, 10311.623805046082, 10659.609316110611, 11007.026245355606, 11354.825408935547, 11702.53428721428, 12050.113596439362, 12397.640926122665, 12745.09559392929, 13092.464028835297, 13440.374865055084, 13789.78109717369, 14137.989734649658], "runtime": 14137.989734649658, "config": {"batch_size": 422.50338124932114, "log2_n_units_2": 5.710584062786039, "log10_learning_rate": -5.644715105631982, "log2_n_units_3": 9.884353122565118, "log2_n_units_1": 8.390962002045185}, "config_id": 146, "learning_curve": [0.7304759977952293, 0.659901095473248, 0.6253863611946935, 0.5988048626028973, 0.5745930360711139, 0.5552235725133315, 0.5398722420568052, 0.5258602927560392, 0.5132907460565153, 0.503399960372759, 0.49423037275024084, 0.4820729481137317, 0.4748609117839647, 0.4680609936299531, 0.4599216995031937, 0.45518236056618067, 0.4481763813806616, 0.4416855573654175, 0.43643107103264855, 0.43364929375441175, 0.42736451781314355, 0.4236554762591487, 0.42375850159188977, 0.4167525198148645, 0.4129404503366222, 0.4099526068438655, 0.4059344737426095, 0.40315269387286645, 0.4012981653213501, 0.3965588315673496, 0.397073973780093, 0.39274675690609473, 0.390171027701834, 0.38738924264907837, 0.38635895044907276, 0.3821347589078157, 0.3803832608720531, 0.3784257225368334, 0.3760560491810674, 0.37533484593681665]}