{"final_performance": 0.17218749225139618, "time_steps": [491.4929401874542, 730.8737859725952, 970.8985877037048, 1211.2011613845825, 1451.4934849739075, 1691.913362979889, 1932.4033360481262, 2172.766157388687, 2413.3537697792053, 2653.5568697452545, 2894.0739352703094, 3134.5769782066345, 3374.86674284935, 3614.7728028297424, 3854.8471648693085, 4095.664836883545, 4336.0696794986725, 4576.443686723709, 4816.676435470581, 5056.899033784866, 5297.105099439621, 5537.348114967346, 5777.623357057571, 6017.697736978531, 6257.792296886444, 6498.197137117386, 6738.645702362061, 6978.693966150284, 7219.0018222332, 7459.248323440552, 7699.7473022937775, 7940.055925130844, 8180.316932916641, 8420.785002470016, 8661.250442743301, 8901.78238248825, 9142.447652101517, 9382.804373025894, 9623.05357503891, 9863.413179636002], "runtime": 9863.413179636002, "config": {"batch_size": 480.2975341675375, "log2_n_units_2": 9.422852688521152, "log10_learning_rate": -2.484514340596364, "log2_n_units_3": 7.372448293752088, "log2_n_units_1": 5.245299144613566}, "config_id": 71, "learning_curve": [0.546354167163372, 0.45385417044162746, 0.3902083367109299, 0.30510416924953465, 0.33229166865348814, 0.272604164481163, 0.32437499761581423, 0.26249999999999996, 0.2761458307504654, 0.23875000774860378, 0.23197916746139524, 0.2079166680574417, 0.21593750417232516, 0.22635416686534882, 0.23833332359790804, 0.20791666507720952, 0.20927082896232607, 0.1899999976158142, 0.17499999403953548, 0.17281250357627864, 0.17104167044162755, 0.17166666388511653, 0.1712500065565109, 0.171249994635582, 0.170520830154419, 0.17166666090488436, 0.17114583253860471, 0.17166665792465208, 0.170416671037674, 0.17145833373069763, 0.17083333730697636, 0.17166667282581327, 0.17197916805744173, 0.1697916626930237, 0.17125000059604645, 0.17156250178813937, 0.17114582955837254, 0.171145835518837, 0.17125000059604645, 0.17218749225139618]}