{"final_performance": 0.19062406584720482, "time_steps": [518.9269428253174, 782.360604763031, 1047.4593858718872, 1312.4989442825317, 1576.9998898506165, 1841.2201399803162, 2105.650168657303, 2371.3523807525635, 2635.0256009101868, 2899.6580998897552, 3163.3961131572723, 3428.5076537132263, 3693.1623406410217, 3957.622147798538, 4222.477689504623, 4486.026574373245, 4751.18253827095, 5016.565500736237, 5280.625013828278, 5544.021106004715, 5807.832539558411, 6072.736389636993, 6337.436256885529, 6602.872189044952, 6868.235347032547, 7132.739734888077, 7399.038010835648, 7664.37463927269, 7928.8315806388855, 8193.42220568657, 8457.719089984894, 8722.798457860947, 8987.268103599548, 9252.462790489197, 9517.528254508972, 9783.755589485168, 10048.873717546463, 10314.088565587997, 10579.341798305511, 10844.430564641953], "runtime": 10844.430564641953, "config": {"batch_size": 67.25065893952893, "log2_n_units_2": 8.612986824148482, "log10_learning_rate": -3.9588382489917926, "log2_n_units_3": 6.137337786073195, "log2_n_units_1": 7.042563724994723}, "config_id": 80, "learning_curve": [0.38265050277613954, 0.3181408411704454, 0.37633977760404547, 0.2843834553788972, 0.26114394720768763, 0.26124411821365356, 0.2970049101234282, 0.24401482759706128, 0.27076029417498804, 0.27306421091092514, 0.24651908354471197, 0.2806771525600612, 0.2720625060516716, 0.30431734275497846, 0.24832214885110027, 0.24762095740977552, 0.2299909887697873, 0.2377040998247646, 0.2376039308189546, 0.21316238097696494, 0.25523390025900516, 0.2422117626907041, 0.2051487577041523, 0.19743564584911266, 0.19643393858967206, 0.1991385377493481, 0.19953921937302455, 0.27907442886557354, 0.23820495045425105, 0.20224381973279404, 0.1944305372718197, 0.19392968264202148, 0.19392968264202148, 0.192527299759372, 0.35590503579818167, 0.22608434593917537, 0.1998397303907663, 0.19483121929552727, 0.19292798138304845, 0.19062406584720482]}