{"final_performance": 0.2821821908156077, "time_steps": [298.53178453445435, 345.6918203830719, 392.8967761993408, 440.09099078178406, 487.271390914917, 534.5478940010071, 581.9780120849609, 629.3069543838501, 676.6185529232025, 723.9977941513062, 771.3245420455933, 818.6504979133606, 865.957484960556, 913.1938309669495, 960.4447734355927, 1007.737596988678, 1055.0899322032928, 1102.394365310669, 1149.7326257228851, 1197.0290789604187, 1244.3501434326172, 1291.5927424430847, 1338.8201940059662, 1386.145269870758, 1433.585785627365, 1481.0267324447632, 1528.467874288559, 1575.9096956253052, 1623.3201398849487, 1670.6768300533295, 1718.027248620987, 1765.368941783905, 1812.7426669597626, 1860.1016774177551, 1907.4357707500458, 1954.7961552143097, 2002.1329476833344, 2049.55259680748, 2097.025239467621, 2144.458971261978], "runtime": 2144.458971261978, "config": {"batch_size": 333.4700394917746, "log2_n_units_2": 4.670135559616203, "log10_learning_rate": -1.7113726270415501, "log2_n_units_3": 4.967271188342981, "log2_n_units_1": 4.872759978769071}, "config_id": 65, "learning_curve": [0.6147147168715794, 0.46236237287521365, 0.3876876870791117, 0.35305305520693464, 0.4090090076128642, 0.3298298299312592, 0.31311311125755314, 0.3160160104433696, 0.3126126110553742, 0.318918913602829, 0.2886886934439341, 0.2939939955870311, 0.309609607855479, 0.27217218081156414, 0.26676677465438847, 0.26636637250582373, 0.2793793857097626, 0.27437438368797307, 0.2775775849819183, 0.308608603477478, 0.2735735774040222, 0.2864864885807037, 0.2760760804017385, 0.3190190116564433, 0.2677677710851033, 0.2902902921040853, 0.2756756842136383, 0.2914914945761363, 0.27057057817776997, 0.29269269307454426, 0.2705705761909485, 0.284684685866038, 0.2733733773231506, 0.2809809843699137, 0.32912912567456565, 0.30480480591456094, 0.29279279708862305, 0.282782789071401, 0.29389389753341677, 0.2821821908156077]}