{"final_performance": 0.3108480543625064, "time_steps": [702.3456206321716, 1159.980972290039, 1616.7608890533447, 2073.091921567917, 2529.3522481918335, 2985.7326426506042, 3442.023092985153, 3898.0012533664703, 4353.78585934639, 4810.090193033218, 5265.590484619141, 5721.4540338516235, 6177.243548870087, 6633.265127420425, 7089.118816137314, 7545.208448648453, 8001.621633529663, 8457.820901632309, 8913.865530252457, 9369.748138904572, 9825.531624794006, 10281.60000538826, 10737.519488096237, 11194.092559814453, 11650.39436841011, 12106.763332128525, 12563.058562755585, 13019.37705898285, 13475.795246124268, 13932.08577132225, 14388.738929986954, 14845.560302734375, 15302.115342140198, 15758.67332649231, 16214.999085187912, 16671.58210873604, 17128.233946084976, 17585.027054786682, 18041.770319223404, 18498.372960090637], "runtime": 18498.372960090637, "config": {"batch_size": 239.7848838895644, "log2_n_units_2": 9.841995677998167, "log10_learning_rate": -5.906936432559318, "log2_n_units_3": 9.264066569762338, "log2_n_units_1": 5.540433490049301}, "config_id": 109, "learning_curve": [0.5886314940161821, 0.5173997355670463, 0.4855597528015695, 0.46851719516079604, 0.4424941307160912, 0.4286151681004501, 0.411878764629364, 0.4080008224743169, 0.3977956946303205, 0.388304929907729, 0.3810592933398921, 0.37677314077935564, 0.37534442325917683, 0.3618736674145955, 0.3612613547139052, 0.35350545877363626, 0.3527911029210905, 0.352995209577607, 0.3473823884638344, 0.3434023871654417, 0.3410552100437444, 0.3367690560294361, 0.33615675641269216, 0.33554444516577375, 0.3325849567971578, 0.3323808588632723, 0.32554342833960925, 0.32584958105552486, 0.3239106070704576, 0.3210531691225563, 0.322073683506105, 0.318808046782889, 0.31891009574983176, 0.32003265619277954, 0.31605266070947413, 0.3122767675213698, 0.31666496468753347, 0.30982753416387043, 0.3094193310272403, 0.3108480543625064]}