{"final_performance": 0.16836734414100651, "time_steps": [763.0281369686127, 1273.1199033260345, 1782.9092907905579, 2292.6357283592224, 2802.4750366210938, 3312.200296163559, 3821.6650955677032, 4330.582773923874, 4839.408980607986, 5347.817492008209, 5856.339165687561, 6364.823028802872, 6873.181789636612, 7381.41422700882, 7889.742602109909, 8397.450689077377, 8905.205456018448, 9413.04132938385, 9920.903590917587, 10428.115350961685, 10935.336428403854, 11441.457874536514, 11947.298992872238, 12453.309747457504, 12959.273358106613, 13465.672238826752, 13972.25972366333, 14478.62913775444, 14984.654433965683, 15490.883092164993, 15997.361662387848, 16504.47282552719, 17011.102448940277, 17517.370248794556, 18023.452378749847, 18529.73176240921, 19036.075561523438, 19542.337973594666, 20048.865393400192, 20554.88016629219], "runtime": 20554.88016629219, "config": {"batch_size": 245.22495693703598, "log2_n_units_2": 8.128413207671958, "log10_learning_rate": -2.663102391840217, "log2_n_units_3": 5.832088421756964, "log2_n_units_1": 8.718411516740836}, "config_id": 207, "learning_curve": [0.43683673515915866, 0.3385714292526245, 0.3425510182976723, 0.269999997317791, 0.2564285740256309, 0.24734694361686704, 0.2343877539038658, 0.24551020562648773, 0.22642857432365415, 0.23469388186931606, 0.22479591816663747, 0.20632653385400768, 0.21173469275236134, 0.22989795953035352, 0.22255102097988133, 0.2204081609845161, 0.284795917570591, 0.19887755215168001, 0.24346938878297808, 0.20969387143850327, 0.24387755244970322, 0.24081632941961284, 0.20591836571693423, 0.199795912206173, 0.18071428388357158, 0.173979589343071, 0.17061224281787868, 0.1694897904992103, 0.17000000327825548, 0.1689795836806297, 0.1679591819643974, 0.16785714030265808, 0.16846938133239742, 0.16683672517538073, 0.1684693843126297, 0.16673469245433803, 0.16857142299413685, 0.1679591849446297, 0.16765306144952774, 0.16836734414100651]}