{"final_performance": 0.3989715740598482, "time_steps": [455.91645193099976, 675.8485627174377, 896.1766686439514, 1116.2504243850708, 1336.3744699954987, 1556.6772141456604, 1775.873354434967, 1995.6197316646576, 2215.2913703918457, 2436.1801512241364, 2657.8577387332916, 2878.130986213684, 3098.9463732242584, 3318.86057806015, 3539.4094960689545, 3759.3909232616425, 3979.1123085021973, 4199.09495639801, 4419.505188703537, 4639.256174564362, 4859.837386608124, 5080.050403833389, 5301.346005678177, 5520.541948080063, 5741.393584251404, 5961.6703560352325, 6180.92596912384, 6401.0294308662415, 6619.889403104782, 6840.616475820541, 7060.157950162888, 7280.184092283249, 7501.138671159744, 7721.72034907341, 7942.239882707596, 8163.145634651184, 8383.93226146698, 8603.701849937439, 8823.302296638489, 9042.643614053726], "runtime": 9042.643614053726, "config": {"batch_size": 342.289152609172, "log2_n_units_2": 6.889081209520377, "log10_learning_rate": -0.6632369562448126, "log2_n_units_3": 4.208592395224416, "log2_n_units_1": 7.748330918797555}, "config_id": 242, "learning_curve": [0.7998588429442768, 0.7356321832229351, 0.6543657985226861, 0.6173623707787743, 0.6189755992642765, 0.5913490622208036, 0.5384150003564769, 0.566646499880429, 0.5156281487695102, 0.49455535514601345, 0.4907239356945301, 0.5261141349529398, 0.452006459236145, 0.46793708719056226, 0.4410163390225378, 0.45735027050149857, 0.4858842461273588, 0.42528735769206083, 0.5220810637391846, 0.44676346203376505, 0.43002621880893055, 0.4784230754293245, 0.4433353502174904, 0.4080459763263834, 0.42044766606955697, 0.41207904856780475, 0.442125429367197, 0.4550312572512133, 0.4217584215361496, 0.42286751188080884, 0.44504940201496257, 0.4310344807032881, 0.44656180924382705, 0.4233716561876494, 0.41550715832874696, 0.4711635410785675, 0.4033071131541811, 0.4051219985402864, 0.40048396587371826, 0.3989715740598482]}