{"final_performance": 0.8997854705040271, "time_steps": [445.4465112686157, 640.9615671634674, 836.2432944774628, 1031.3624875545502, 1226.5864400863647, 1421.7157337665558, 1616.7415103912354, 1811.9711813926697, 2007.1789445877075, 2202.397720813751, 2397.633868932724, 2592.9038546085358, 2788.1914935112, 2983.3780431747437, 3178.5113492012024, 3375.432476758957, 3570.4145216941833, 3763.384979248047, 3953.7964227199554, 4144.099939584732, 4334.235989570618, 4520.415215730667, 4705.788913726807, 4891.278722047806, 5076.658061742783, 5262.141572475433, 5447.515620946884, 5632.921682834625, 5818.315589666367, 6003.931565761566, 6189.304239273071, 6374.937871932983, 6560.595965385437, 6746.175915718079, 6931.7137286663055, 7117.078058242798, 7302.61914896965, 7488.214877128601, 7673.741092205048, 7859.144065380096], "runtime": 7859.144065380096, "config": {"batch_size": 251.8502395820466, "log2_n_units_2": 4.942612028228119, "log10_learning_rate": -0.5325933524205944, "log2_n_units_3": 4.812531215959752, "log2_n_units_1": 7.756495441274681}, "config_id": 41, "learning_curve": [0.9027479795309213, 0.8997854705040271, 0.898559604699795, 0.9042803117862115, 0.9042803117862115, 0.8997854705040271, 0.898559604699795, 0.8997854705040271, 0.8997854705040271, 0.9042803117862115, 0.9003984034061432, 0.898559604699795, 0.9027479795309213, 0.8979466717976791, 0.8979466717976791, 0.9022372021124914, 0.897333738895563, 0.9027479795309213, 0.9042803117862115, 0.8990703821182251, 0.897333738895563, 0.9022372021124914, 0.9027479795309213, 0.897640205346621, 0.9042803117862115, 0.8979466717976791, 0.9003984034061432, 0.898559604699795, 0.8997854705040271, 0.8997854705040271, 0.8997854705040271, 0.898559604699795, 0.9022372021124914, 0.8997854705040271, 0.9042803117862115, 0.897640205346621, 0.8997854705040271, 0.897333738895563, 0.9027479795309213, 0.8997854705040271]}