{"final_performance": 0.28399034727991157, "time_steps": [247.27489805221558, 465.20574498176575, 683.0353097915649, 900.4905588626862, 1118.107592344284, 1335.6250095367432, 1552.889282464981, 1770.0793001651764, 1987.0475177764893, 2204.058039188385, 2418.5252945423126, 2630.5228927135468, 2842.395004272461, 3054.410988330841, 3266.334674835205, 3478.2380254268646, 3690.2399110794067, 3901.9767763614655, 4113.801930427551, 4325.603286981583, 4536.962709188461, 4744.200595855713, 4951.291226863861, 5158.146446943283, 5364.843604326248, 5571.7464718818665, 5778.431126832962, 5985.237301826477, 6191.465703964233, 6395.739635229111, 6596.790000200272, 6798.174904584885, 6999.5704870224, 7200.839980602264, 7402.475970983505, 7603.691939592361, 7805.174255132675, 8006.469289302826, 8207.569464206696, 8408.853029966354], "runtime": 8408.853029966354, "config": {"batch_size": 88.69567682324845, "log2_n_units_2": 7.005822741557351, "log10_learning_rate": -1.3638063798744673, "log2_n_units_3": 4.5856011121596785, "log2_n_units_1": 7.445157637717587}, "config_id": 15, "learning_curve": [0.5652654864619264, 0.43041029888971716, 0.3732904274906732, 0.3641391792128571, 0.3342719199383153, 0.3492558313682016, 0.3552896179984101, 0.30953338504892536, 0.3274336277911093, 0.2931415945027782, 0.2963596144608692, 0.316371679833505, 0.30028157793315113, 0.28700724270491473, 0.2998793251746523, 0.2784593738285841, 0.3008849541697882, 0.2820796476001233, 0.30450522899627686, 0.27323008796810044, 0.28087288932462706, 0.2938455348521207, 0.2910297676525285, 0.26478278478689954, 0.282381337300866, 0.3154666107312768, 0.276448106871242, 0.2796661305216561, 0.2881134384501297, 0.27604585833254114, 0.2824819003586221, 0.3149637975523957, 0.2946500398416435, 0.2824819003586221, 0.28529766861316375, 0.29183427000467754, 0.278157680962993, 0.2780571189601865, 0.273230086913151, 0.28399034727991157]}