{"final_performance": 0.6306426727771759, "time_steps": [296.3663158416748, 340.05483388900757, 383.79015851020813, 427.5812301635742, 471.3638792037964, 515.12464594841, 558.8350787162781, 602.4452219009399, 646.3357994556427, 690.1562006473541, 733.906907081604, 777.6480476856232, 821.4167563915253, 865.1675350666046, 909.0259811878204, 952.7757403850555, 996.4183073043823, 1039.9773576259613, 1083.5026071071625, 1127.214176416397, 1171.1325497627258, 1214.9466412067413, 1258.7562086582184, 1302.6104130744934, 1346.4034991264343, 1390.1802093982697, 1433.8036658763885, 1477.4218864440918, 1521.2761209011078, 1565.198677778244, 1609.0891196727753, 1652.8367233276367, 1696.6366243362427, 1740.4218876361847, 1784.2294051647186, 1827.9866585731506, 1871.752541065216, 1915.6661100387573, 1959.5369489192963, 2003.3094067573547], "runtime": 2003.3094067573547, "config": {"batch_size": 389.4974795490374, "log2_n_units_2": 4.807846430628828, "log10_learning_rate": -5.715215276825843, "log2_n_units_3": 6.00010662641737, "log2_n_units_1": 4.4767896038665285}, "config_id": 248, "learning_curve": [0.9050899744033813, 0.8892544987797737, 0.870951155424118, 0.8557326474785805, 0.840822622179985, 0.8277634966373444, 0.8163496154546738, 0.8017480707168579, 0.7913624680042267, 0.7805655533075333, 0.7705912584066391, 0.7604113107919693, 0.750745500922203, 0.7424164539575577, 0.7375835472345352, 0.7291516691446305, 0.720719792842865, 0.7141388154029846, 0.7096143943071365, 0.7029305911064148, 0.6969665789604187, 0.6918251955509186, 0.6858611822128295, 0.6821593821048737, 0.6774293041229248, 0.6728020572662354, 0.6706426751613617, 0.6694087398052215, 0.6641645264625549, 0.6608740365505219, 0.659228789806366, 0.6549100279808044, 0.65038560628891, 0.6479177403450012, 0.6453470420837402, 0.6406169664859771, 0.6381491005420685, 0.6367095136642456, 0.6342416429519653, 0.6306426727771759]}