{"final_performance": 0.22709083306689226, "time_steps": [444.11360335350037, 643.3207106590271, 842.4584321975708, 1041.4536383152008, 1240.524286031723, 1439.6823811531067, 1638.701826095581, 1837.7862615585327, 2036.7302010059357, 2235.626098394394, 2434.7269916534424, 2633.542606115341, 2832.5608661174774, 3031.6326065063477, 3230.692021369934, 3429.813650369644, 3628.7312614917755, 3827.5571794509888, 4026.377238035202, 4225.244653940201, 4424.151978254318, 4622.939088106155, 4821.832560539246, 5020.512367486954, 5219.4702026844025, 5418.336647033691, 5617.0833530426025, 5815.858205080032, 6014.561770439148, 6213.314329624176, 6412.001482963562, 6610.66098690033, 6809.346961975098, 7007.84706902504, 7206.468154907227, 7405.018029212952, 7603.519286870956, 7801.997111797333, 8000.343688011169, 8198.709991693497], "runtime": 8198.709991693497, "config": {"batch_size": 84.53560865891308, "log2_n_units_2": 4.375889097532552, "log10_learning_rate": -3.007731294557405, "log2_n_units_3": 9.262522372638152, "log2_n_units_1": 7.395223932116975}, "config_id": 142, "learning_curve": [0.39625850169598553, 0.32302921058750955, 0.326630654455233, 0.28211284635447653, 0.25060023930894226, 0.24499800075002076, 0.2673069243671513, 0.26840736335065185, 0.2607042834538371, 0.2203881540218321, 0.2379951997965324, 0.24519807851615072, 0.23059223429495546, 0.2647058798485443, 0.2326930756328487, 0.23539415728144286, 0.23689475680599692, 0.26270508265294945, 0.21478591245763445, 0.2261904768583154, 0.23509403787741145, 0.22869147473022722, 0.2338935552524919, 0.24169667979248433, 0.23059223329319678, 0.24619847986878463, 0.21808723191253276, 0.21078431255677166, 0.2538015201312154, 0.2238895542481366, 0.2227891132611186, 0.23579431481722024, 0.22919167791094097, 0.24189675755861428, 0.22058823278972084, 0.23889555750774738, 0.22178871341112283, 0.22539015477444946, 0.2243897539226949, 0.22709083306689226]}