{"final_performance": 0.31134723653567253, "time_steps": [301.43129205703735, 597.3078515529633, 892.9154191017151, 1188.779397726059, 1484.9334199428558, 1780.7277014255524, 2072.848070859909, 2364.235002040863, 2655.2867517471313, 2946.709093093872, 3237.012569665909, 3530.006171941757, 3823.7028617858887, 4113.319168806076, 4401.707892656326, 4689.957593917847, 4979.716724157333, 5268.054680347443, 5557.040538787842, 5845.399399280548, 6134.29897403717, 6422.927064657211, 6711.00187754631, 6999.309154987335, 7287.930056333542, 7576.857897520065, 7865.577388048172, 8155.123832702637, 8443.488954305649, 8732.183232069016, 9021.328749895096, 9309.593407154083, 9598.311001300812, 9886.519572496414, 10176.535056352615, 10466.972937107086, 10756.202623844147, 11045.04057431221, 11333.694547176361, 11622.391058683395], "runtime": 11622.391058683395, "config": {"batch_size": 43.95239212402063, "log2_n_units_2": 9.61800074192746, "log10_learning_rate": -5.741878412349524, "log2_n_units_3": 6.300907633313654, "log2_n_units_1": 5.5564766580450256}, "config_id": 3, "learning_curve": [0.5628508384628543, 0.5060144317304266, 0.467923012273065, 0.44506816000773985, 0.4298315925587868, 0.42121090251823956, 0.40797914641684496, 0.39695268471179335, 0.39314354313858624, 0.3830192442341097, 0.3788091408024574, 0.37540096288611147, 0.373596630476672, 0.36257016890007876, 0.3580593437213322, 0.36086607724428177, 0.3529470727361482, 0.3524458696102274, 0.34532878920435905, 0.34653167388048667, 0.3419206115449297, 0.3410184447621477, 0.3369085813133881, 0.3416198868432949, 0.3358059346932789, 0.3330994390978895, 0.33340015968885917, 0.3319967941477381, 0.32558139721895085, 0.32668404499518455, 0.32407778617123073, 0.3245789901963596, 0.32237369901147384, 0.32117081150926396, 0.3205693671158676, 0.3231756251690716, 0.31776263128066884, 0.32016840641354694, 0.3134522860677078, 0.31134723653567253]}