{"final_performance": 0.2528534722328186, "time_steps": [597.2280583381653, 950.2459826469421, 1303.0939245224, 1656.1887273788452, 2009.4618186950684, 2362.625591278076, 2716.261128425598, 3069.214930295944, 3422.362212896347, 3775.1144032478333, 4128.335700511932, 4481.24259185791, 4834.522862434387, 5187.444806575775, 5540.536244392395, 5893.413382768631, 6246.524651050568, 6599.556822061539, 6952.78893828392, 7305.859992027283, 7659.088989496231, 8012.493837594986, 8365.401996612549, 8718.555247306824, 9071.851316213608, 9425.28317975998, 9778.948556900024, 10131.942083835602, 10485.06683087349, 10838.187141895294, 11191.469290018082, 11544.915108442307, 11897.867991685867, 12250.967058897018, 12604.125585079193, 12957.448937892914, 13310.731781721115, 13664.023522377014, 14017.327768564224, 14370.7477145195], "runtime": 14370.7477145195, "config": {"batch_size": 389.66772177449394, "log2_n_units_2": 9.709967352274667, "log10_learning_rate": -4.47387600102484, "log2_n_units_3": 6.375420439340171, "log2_n_units_1": 6.779029044990799}, "config_id": 218, "learning_curve": [0.44349613904953, 0.3860154271125793, 0.3520822644233703, 0.3332647895812988, 0.3138303351402283, 0.3162981963157654, 0.3310025715827942, 0.29727506160736084, 0.3137275052070617, 0.2939845776557922, 0.2995372724533081, 0.2922365045547486, 0.29686375617980953, 0.2906940865516663, 0.3045758318901062, 0.2723907470703125, 0.28812339067459103, 0.2686889457702637, 0.2782519268989563, 0.26827763795852666, 0.27825192928314213, 0.2627249264717102, 0.26282776594161983, 0.27105398893356325, 0.2627249383926391, 0.26560411214828494, 0.2649871444702149, 0.2619023108482361, 0.2658097696304321, 0.26005141496658324, 0.25984576225280764, 0.2608740353584289, 0.2649871444702149, 0.25840617656707765, 0.25850899696350094, 0.2639588642120362, 0.2594344544410706, 0.2616966581344604, 0.2668380427360535, 0.2528534722328186]}