{"final_performance": 0.2794386798685248, "time_steps": [316.51679491996765, 383.9961395263672, 451.5704152584076, 519.0506608486176, 586.6365413665771, 654.203400850296, 721.74675822258, 789.3453550338745, 857.0091779232025, 924.5828444957733, 992.1341016292572, 1059.8574340343475, 1127.6815674304962, 1195.3093876838684, 1262.9696040153503, 1330.6722102165222, 1398.3285131454468, 1466.0318322181702, 1533.7992630004883, 1601.4964954853058, 1669.3347079753876, 1737.0341863632202, 1804.6889922618866, 1872.4504141807556, 1940.0827305316925, 2007.8438167572021, 2075.646698951721, 2143.450383901596, 2211.140305042267, 2278.856293439865, 2346.554162502289, 2414.1431727409363, 2481.8027000427246, 2549.5518810749054, 2617.295456647873, 2685.129980325699, 2752.9140207767487, 2820.679676294327, 2888.397768497467, 2956.1411266326904], "runtime": 2956.1411266326904, "config": {"batch_size": 447.70212085067635, "log2_n_units_2": 6.860664574363932, "log10_learning_rate": -3.5613391411370454, "log2_n_units_3": 7.564365326487321, "log2_n_units_1": 4.047462275531567}, "config_id": 128, "learning_curve": [0.47681512886827637, 0.3810250163078308, 0.36800894683057617, 0.3372991681098938, 0.34095993367108435, 0.3251982981508429, 0.3390278653665022, 0.31828350370580505, 0.3501118529926647, 0.32387634569948365, 0.29764083840630273, 0.3133007911118594, 0.2839129567146301, 0.2971324026584625, 0.34726459329778503, 0.30536912788044324, 0.2918446253646504, 0.28737035664645105, 0.2922513782978058, 0.2898108606988733, 0.2850315245715055, 0.3042505600235679, 0.3021151125431061, 0.31919869238680054, 0.2853365946899761, 0.2868619100614027, 0.2923530611124906, 0.2984543388540094, 0.2798454355109822, 0.2809640006585554, 0.28269270062446594, 0.2803538712588224, 0.2898108579895713, 0.2936750054359436, 0.2903193018653176, 0.2820825685154308, 0.28015050021084875, 0.2751677849076011, 0.2824893214485862, 0.2794386798685248]}