{"final_performance": 0.36118951632130536, "time_steps": [487.64527440071106, 726.0876591205597, 964.5076758861542, 1202.5555622577667, 1440.6794548034668, 1678.7103927135468, 1916.754055738449, 2154.7473125457764, 2392.5622968673706, 2630.435457468033, 2868.4541399478912, 3106.3383219242096, 3344.310848236084, 3582.1293098926544, 3819.935707092285, 4057.716387987137, 4295.417391300201, 4533.179524421692, 4771.300455331802, 5009.1578640937805, 5247.094803571701, 5484.968642234802, 5722.7084131240845, 5960.328754663467, 6198.377703905106, 6436.178167819977, 6674.0702583789825, 6911.897697925568, 7149.735577106476, 7387.5761477947235, 7624.805592298508, 7861.928188323975, 8099.307900905609, 8336.679673433304, 8573.949650764465, 8811.0573720932, 9048.557826757431, 9286.199053049088, 9523.728965520859, 9761.015968322754], "runtime": 9761.015968322754, "config": {"batch_size": 160.8101496440043, "log2_n_units_2": 7.191076754056466, "log10_learning_rate": -0.9534590426939431, "log2_n_units_3": 7.325618901836847, "log2_n_units_1": 7.6427726358878445}, "config_id": 125, "learning_curve": [0.8043346770348088, 0.6820564507957427, 0.6971774211814327, 0.5950604845439234, 0.5692540335078393, 0.5757056469878843, 0.505040320177232, 0.4566532243644038, 0.44354838853882206, 0.41774193798342063, 0.4032258016447867, 0.41451612595588927, 0.3973790339885219, 0.384375000192273, 0.3808467763085519, 0.38104838805813945, 0.3544354823327833, 0.3613911280708928, 0.3806451616748687, 0.3505040330271567, 0.3560483907499621, 0.36149193875251273, 0.3862903185429112, 0.35201612499452406, 0.3348790339885219, 0.4412298399594522, 0.3563508074129781, 0.3510080624011255, 0.34516129089939984, 0.34495967530435134, 0.3528225816065266, 0.3631048404401348, 0.34838709812010493, 0.3496975831447109, 0.3575604865627904, 0.3380040305276071, 0.35302419431747933, 0.3728830650929482, 0.34949597043375813, 0.36118951632130536]}