{"final_performance": 0.23412699074972243, "time_steps": [530.5006320476532, 806.372074842453, 1082.3163788318634, 1357.7633302211761, 1632.959570646286, 1908.1738395690918, 2183.546267747879, 2458.784462451935, 2733.9347784519196, 3008.983357667923, 3284.164677619934, 3559.019313097, 3833.915108680725, 4108.6347460746765, 4383.391233205795, 4657.734791755676, 4932.045109272003, 5206.396098136902, 5480.551747083664, 5754.575012683868, 6028.633060932159, 6302.851238250732, 6577.48611831665, 6851.557230472565, 7125.561272859573, 7399.314658641815, 7673.1831929683685, 7946.866747140884, 8219.889387369156, 8493.12162065506, 8766.321498632431, 9039.570944309235, 9312.524284124374, 9585.30540728569, 9858.235679149628, 10131.035260677338, 10403.529695034027, 10676.438728809357, 10949.145070075989, 11221.7527282238], "runtime": 11221.7527282238, "config": {"batch_size": 456.22831673934724, "log2_n_units_2": 5.976363682399553, "log10_learning_rate": -2.2478843521463645, "log2_n_units_3": 4.552929076475901, "log2_n_units_1": 8.178828783879874}, "config_id": 232, "learning_curve": [0.49112364365940997, 0.39661654120399836, 0.3727025928951445, 0.31046366691589355, 0.2963659138906569, 0.28289474475951426, 0.31610275734038584, 0.26785714853377574, 0.2798663377761841, 0.2733918144589379, 0.25156641006469727, 0.24832914840607412, 0.2657685790743146, 0.27360066913423087, 0.24592732247852145, 0.23485797927493146, 0.234544697261992, 0.2485380115963164, 0.2265037610417321, 0.26743942782992414, 0.26117377337955294, 0.2543859623727345, 0.22921888033548987, 0.25616122995104107, 0.2421679156167167, 0.24916458129882812, 0.2591896426110041, 0.2449874679247538, 0.24039264520009362, 0.2318295779682341, 0.25000000567663283, 0.24926900295984178, 0.27109440451576594, 0.23590225548971266, 0.25490810189928326, 0.2408103602273124, 0.25772765420732047, 0.23684210152853102, 0.227130325067611, 0.23412699074972243]}