{"final_performance": 0.2691076270171574, "time_steps": [391.22557282447815, 530.8876247406006, 671.0014894008636, 811.2176651954651, 951.3674149513245, 1091.662662744522, 1231.870180606842, 1371.5331301689148, 1511.1055874824524, 1651.4116888046265, 1791.3005464076996, 1931.109604358673, 2071.489644765854, 2211.7478585243225, 2351.5799593925476, 2491.8703696727753, 2631.5415740013123, 2771.4741699695587, 2911.384966611862, 3051.850198507309, 3192.266823530197, 3332.7269551754, 3473.2355618476868, 3613.1579728126526, 3752.719492673874, 3892.3912501335144, 4032.8692989349365, 4172.771769762039, 4312.729318141937, 4453.191115617752, 4593.609798908234, 4733.476204395294, 4873.891238451004, 5013.711216211319, 5153.750265598297, 5293.803822517395, 5434.385075569153, 5574.35878610611, 5714.175709247589, 5854.300518751144], "runtime": 5854.300518751144, "config": {"batch_size": 357.8868848155709, "log2_n_units_2": 4.1946338814279684, "log10_learning_rate": -3.601029907834305, "log2_n_units_3": 7.51998827441972, "log2_n_units_1": 7.037551181797152}, "config_id": 247, "learning_curve": [0.5032012664846012, 0.3948579196419034, 0.39235691939081463, 0.35644255578517914, 0.3434373544795173, 0.32012803213936947, 0.3045217905725751, 0.32963183309350697, 0.3073229108537946, 0.32563023269176483, 0.28931570904595516, 0.2858143086944308, 0.304321710552488, 0.29211682932717464, 0.29891955001013615, 0.2884153489555631, 0.2906162291765213, 0.2623049063341958, 0.30882351100444794, 0.2817126682826451, 0.28021206813199184, 0.27280910738876885, 0.2672068668263299, 0.2688075069870267, 0.2710083872079849, 0.26510602661541527, 0.2698079070874623, 0.2787114679813385, 0.2663065067359379, 0.2792116680315563, 0.2670067868062428, 0.28891554900578087, 0.2691076270171574, 0.26520606662545887, 0.2699079470975059, 0.27751098786081585, 0.261804706283978, 0.2579031458922795, 0.2593037060328892, 0.2691076270171574]}