{"final_performance": 0.1700700698672114, "time_steps": [361.35091733932495, 486.5634253025055, 611.722697019577, 736.6474657058716, 861.6479365825653, 986.7021346092224, 1111.5988612174988, 1236.8500685691833, 1362.0082333087921, 1487.1093249320984, 1612.1898443698883, 1736.9176859855652, 1861.7716987133026, 1986.5032351016998, 2111.3865773677826, 2236.3367359638214, 2361.6103410720825, 2486.678368806839, 2611.439968109131, 2736.165099143982, 2860.811208486557, 2985.5755417346954, 3110.2807562351227, 3235.07164645195, 3359.6155304908752, 3484.349942922592, 3609.22265791893, 3734.037350654602, 3858.7761776447296, 3983.7025928497314, 4108.8533635139465, 4233.741695404053, 4358.0488295555115, 4482.638377189636, 4607.439815759659, 4732.214514493942, 4856.579069137573, 4980.871381521225, 5105.344001531601, 5230.011710882187], "runtime": 5230.011710882187, "config": {"batch_size": 270.4170293283744, "log2_n_units_2": 6.704214776407271, "log10_learning_rate": -2.436358101053679, "log2_n_units_3": 8.15859550174055, "log2_n_units_1": 6.260987726615368}, "config_id": 222, "learning_curve": [0.5496496493751939, 0.39889889633333364, 0.3214214170301283, 0.30170170197615753, 0.2659659643430967, 0.2720720719646763, 0.2833833823332915, 0.20930931213739756, 0.23393393851615285, 0.24314314288062022, 0.23433432546821797, 0.2200200251630835, 0.20970971197695343, 0.21271271480096354, 0.20810811422966624, 0.21521521903373098, 0.22782783089457337, 0.25615614813727305, 0.20550550480146668, 0.18808809003314453, 0.21121121580536306, 0.205505511245212, 0.20090090423016937, 0.19079079338022176, 0.1733733721681543, 0.1715715753065573, 0.17027027381433024, 0.17317317949758992, 0.17097097474175527, 0.17127127260775177, 0.1707707724055728, 0.17097097474175527, 0.17167167405824402, 0.17137137619224752, 0.17057057006939036, 0.1704704745395763, 0.17157158013936635, 0.1715715672518756, 0.17107107510437836, 0.1700700698672114]}