{"final_performance": 0.26079499366737546, "time_steps": [591.5703494548798, 927.5464987754822, 1263.4568102359772, 1598.494662284851, 1933.6963906288147, 2268.4325034618378, 2602.7086787223816, 2936.7120292186737, 3270.7437438964844, 3604.4029636383057, 3937.4448380470276, 4270.486243009567, 4603.006223201752, 4935.359437227249, 5267.874923467636, 5600.50704407692, 5933.143204450607, 6264.81490278244, 6596.3238797187805, 6927.997778177261, 7259.332332611084, 7590.250924825668, 7921.534686565399, 8251.872387886047, 8582.43175816536, 8912.661839962006, 9242.77568435669, 9572.99588227272, 9903.141179800034, 10233.637434005737, 10563.556419849396, 10893.63639831543, 11223.585769414902, 11553.346467018127, 11882.801139116287, 12212.33902144432, 12542.11112499237, 12871.130119562149, 13200.787117481232, 13530.145469427109], "runtime": 13530.145469427109, "config": {"batch_size": 118.15260812561844, "log2_n_units_2": 5.035154765646397, "log10_learning_rate": -1.5397917010649476, "log2_n_units_3": 4.654545879133465, "log2_n_units_1": 8.555898691098426}, "config_id": 108, "learning_curve": [0.4817393038954053, 0.3932606939758573, 0.34907182838235584, 0.3061945076499667, 0.2957021771442323, 0.2985270328464962, 0.29963679966472445, 0.2779459222441628, 0.29650928151039846, 0.3064971679732913, 0.28379741523947033, 0.2860169460376104, 0.2852098402522859, 0.26795802797589985, 0.2536319593588511, 0.26624293696312673, 0.2702784495694297, 0.2637207444225039, 0.25131154131321676, 0.2474778053306398, 0.25857546570755185, 0.25756658542723887, 0.2623083137330555, 0.2630145273038319, 0.2539346239396504, 0.25615415260905317, 0.2624092016901288, 0.2519168662173408, 0.25544794613406774, 0.2543381786062604, 0.25484261626289006, 0.2577683634701229, 0.2575665847176597, 0.260794997215271, 0.2735068620670409, 0.265435836144856, 0.26614204616773696, 0.24969733187130516, 0.2767352674688611, 0.26079499366737546]}