{"final_performance": 0.2050301815782275, "time_steps": [473.30980348587036, 694.3864326477051, 915.1016271114349, 1136.2353870868683, 1357.5142722129822, 1578.385755777359, 1799.369526386261, 2020.466811656952, 2241.4104297161102, 2462.5159339904785, 2683.5043394565582, 2904.4152324199677, 3125.7685544490814, 3346.8083477020264, 3567.763018131256, 3788.825736284256, 4010.0068974494934, 4230.990617752075, 4452.024488687515, 4673.61487197876, 4895.294659376144, 5116.62891626358, 5337.975925445557, 5559.2395787239075, 5780.433122396469, 6001.6744730472565, 6222.888689041138, 6444.318036556244, 6665.518164157867, 6886.54443526268, 7107.853417158127, 7329.112244844437, 7550.623059988022, 7771.896615982056, 7993.265726327896, 8216.15371632576, 8437.185044288635, 8658.70860171318, 8879.893464803696, 9101.201685905457], "runtime": 9101.201685905457, "config": {"batch_size": 355.2081959906742, "log2_n_units_2": 5.774034970662833, "log10_learning_rate": -3.5019965209924546, "log2_n_units_3": 7.50185943062586, "log2_n_units_1": 7.756126235778236}, "config_id": 176, "learning_curve": [0.4387323962790626, 0.3467806833130973, 0.33108651425157276, 0.334808851991381, 0.2979879272835595, 0.2766599591289248, 0.2750503037657056, 0.2889335985694613, 0.27525150988783154, 0.3110663997275489, 0.2576458752155304, 0.26348088255950386, 0.2823943666049412, 0.2453722379037312, 0.2527163007429668, 0.2461770602634975, 0.23571428443704334, 0.2644869216850826, 0.2533199191093445, 0.23048289971692226, 0.22706236796719692, 0.2327967797006879, 0.2273641803434917, 0.22947686059134342, 0.2295774647167751, 0.2483903467655182, 0.2423541226557323, 0.24356136577469967, 0.22173038125038147, 0.21549295314720696, 0.21961770951747894, 0.23521126593862263, 0.2303822934627533, 0.22756538220814293, 0.22404426123414722, 0.3317907473870686, 0.246981897524425, 0.21408450603485107, 0.21408450177737648, 0.2050301815782275]}