{"final_performance": 0.405096567910293, "time_steps": [351.6982915401459, 467.9695739746094, 584.9904294013977, 701.8779265880585, 818.3270926475525, 935.5859177112579, 1052.1316390037537, 1169.2554776668549, 1285.749362230301, 1402.985863685608, 1519.749478816986, 1637.5693893432617, 1754.1237857341766, 1870.6366639137268, 1987.1639201641083, 2103.8571105003357, 2220.3906190395355, 2336.9292182922363, 2453.548969745636, 2569.999092578888, 2686.549281835556, 2803.060850381851, 2919.3616013526917, 3035.8446292877197, 3152.3266475200653, 3268.66890335083, 3385.682928085327, 3502.825377225876, 3620.357127904892, 3737.2168786525726, 3854.724619626999, 3971.1606266498566, 4087.571845769882, 4204.831408262253, 4321.499652862549, 4438.841126203537, 4556.158595085144, 4672.475419521332, 4789.650302886963, 4907.141457557678], "runtime": 4907.141457557678, "config": {"batch_size": 341.83407514023565, "log2_n_units_2": 6.128210337380474, "log10_learning_rate": -5.318935063002419, "log2_n_units_3": 5.87171746821405, "log2_n_units_1": 6.586176234833328}, "config_id": 154, "learning_curve": [0.7719688549123962, 0.6909697641586435, 0.6539589444111134, 0.6268581275282235, 0.6067347557380282, 0.5881282235014027, 0.5723531174248663, 0.5609262832279863, 0.5474769925249034, 0.5373647500728739, 0.5294771965207725, 0.5181514826314202, 0.5102639331899841, 0.5031853605960978, 0.4984326033756651, 0.4914551582829706, 0.48407321037917306, 0.4757811735416281, 0.4703205577258406, 0.46910709142684937, 0.4623318848938778, 0.4566690284630348, 0.4553544315798529, 0.44918595922404325, 0.4453433073800186, 0.44109616402922003, 0.4379613687252176, 0.4348265734212152, 0.4320962696239866, 0.42865810928673576, 0.42724239004069364, 0.42350086261486186, 0.42157953566518325, 0.4186469830315689, 0.41702902728113633, 0.41288300218253304, 0.41288300218253304, 0.40995045160425125, 0.4094448336239519, 0.405096567910293]}