{"final_performance": 0.2691686877182552, "time_steps": [1094.4640755653381, 1941.7310252189636, 2793.664203643799, 3646.83838224411, 4499.391564846039, 5350.236872434616, 6199.42468380928, 7048.509636640549, 7897.977138757706, 8745.919299125671, 9594.003506183624, 10440.406512260437, 11287.540771722794, 12134.598264455795, 12980.070813655853, 13825.830013513565, 14671.7329287529, 15517.621081590652, 16362.761001586914, 17206.96004676819, 18051.10657811165, 18895.33535885811, 19740.11069869995, 20584.930710077286, 21429.30095267296, 22272.773832559586, 23117.408097743988, 23962.217346429825, 24804.559331655502, 25647.98739361763, 26490.59512281418, 27334.398314237595, 28178.823714017868, 29021.51797580719, 29867.27158999443, 30711.128156900406, 31553.900851249695, 32398.472814321518, 33242.165340662, 34084.63021564484], "runtime": 34084.63021564484, "config": {"batch_size": 236.26703801044138, "log2_n_units_2": 9.505734154667888, "log10_learning_rate": -1.4448011936630705, "log2_n_units_3": 6.249868863880567, "log2_n_units_1": 8.978238960058988}, "config_id": 133, "learning_curve": [0.898607748782351, 0.8997175144475131, 0.7529257450784956, 0.6561743333226159, 0.5243139621757326, 0.45944310228029883, 0.39447134733200073, 0.3508878066426232, 0.36551654480752493, 0.3161824075948625, 0.32102501960027785, 0.3090193697384426, 0.2990314733414423, 0.30437852938969934, 0.3101291372662499, 0.2996368053413573, 0.28329297616368243, 0.27078288935479666, 0.276129941145579, 0.3249596399920327, 0.2848062941006252, 0.2728006442387899, 0.29671106026286176, 0.29005246361096704, 0.27340597481954665, 0.2885391456740243, 0.2833938627015977, 0.26644471571559003, 0.27683615542593454, 0.29085956442923777, 0.27461663172358564, 0.28662227448962985, 0.2730024229912531, 0.2682606932662782, 0.27401129546619596, 0.30125100697789875, 0.27542373254185626, 0.27300242157209487, 0.2661420475868952, 0.2691686877182552]}