{"final_performance": 0.19011056603807397, "time_steps": [580.1747233867645, 925.5138690471649, 1271.5739042758942, 1618.3227560520172, 1965.8231508731842, 2311.3493864536285, 2657.5863919258118, 3002.0561480522156, 3346.564048051834, 3690.9747231006622, 4035.541316509247, 4380.31809091568, 4724.895086765289, 5069.654033899307, 5414.17821097374, 5758.860593795776, 6103.3213765621185, 6447.707500457764, 6792.244641780853, 7136.66698050499, 7481.272684574127, 7825.617914199829, 8170.372164726257, 8515.090716600418, 8859.497410535812, 9203.669248342514, 9548.12076663971, 9892.686168909073, 10237.09100818634, 10581.517541408539, 10925.74851846695, 11270.253386497498, 11615.30791926384, 11963.465396642685, 12309.901802062988, 12657.767211437225, 13003.173325777054, 13349.222735643387, 13695.015620231628, 14039.600065231323], "runtime": 14039.600065231323, "config": {"batch_size": 296.33817632831403, "log2_n_units_2": 7.607813789844758, "log10_learning_rate": -3.431877210736426, "log2_n_units_3": 5.5038346356974674, "log2_n_units_1": 8.19475019639246}, "config_id": 166, "learning_curve": [0.4420556895660631, 0.33886159008199523, 0.318386561942823, 0.34121621016300085, 0.2877764105796814, 0.3048730546777899, 0.296785421443708, 0.3116298137289105, 0.2552211266575437, 0.26586814179564966, 0.2308558586871985, 0.2547092528054209, 0.26044226415229565, 0.26945126598531555, 0.23771499323122425, 0.2464168721979315, 0.23689598386937927, 0.23280098763379187, 0.22502047365362, 0.21150696277618408, 0.20382882609511865, 0.19430793957276782, 0.19481982064969616, 0.19011056423187256, 0.19062243447159277, 0.19113432096712513, 0.1919533194917621, 0.19205569498466724, 0.1940008203188578, 0.1898034359469558, 0.19072481899550464, 0.18949631127444178, 0.19287469170310279, 0.19031531521768286, 0.19072481899550464, 0.193386561942823, 0.19246519515008642, 0.19123668742902356, 0.19113431916092383, 0.19011056603807397]}