{"final_performance": 0.24231975186954846, "time_steps": [503.0377733707428, 763.7538020610809, 1024.823834657669, 1286.4450232982635, 1548.0879964828491, 1809.6112923622131, 2071.370157957077, 2332.8789808750153, 2594.4119827747345, 2855.6743109226227, 3116.9676570892334, 3378.0949413776398, 3639.0847964286804, 3900.1165804862976, 4160.818776607513, 4421.559953689575, 4682.422916173935, 4943.248254776001, 5204.0740740299225, 5464.710936784744, 5725.267624139786, 5986.232858419418, 6246.527754306793, 6506.994082927704, 6767.2544140815735, 7027.4272837638855, 7287.453484535217, 7547.884114980698, 7808.11608839035, 8068.468564987183, 8328.824558019638, 8589.121088981628, 8849.219195127487, 9109.142070055008, 9369.048485279083, 9629.35541009903, 9889.287635326385, 10149.339573144913, 10409.190188884735, 10669.214725017548], "runtime": 10669.214725017548, "config": {"batch_size": 435.3266012012181, "log2_n_units_2": 8.985008447193664, "log10_learning_rate": -1.8728237349607078, "log2_n_units_3": 6.710880603733259, "log2_n_units_1": 6.8913097373717065}, "config_id": 169, "learning_curve": [0.6354231983423233, 0.5685475441542538, 0.4952978044748306, 0.39916405623609374, 0.36269592696970154, 0.31807732040231873, 0.2708463993939486, 0.2946708446199243, 0.248902824791995, 0.25256008722565393, 0.21661442247304052, 0.2728317677974701, 0.26436781341379334, 0.22863114422017883, 0.2205851646986875, 0.2196447253227234, 0.22445141185413708, 0.22748172283172607, 0.22027168219739746, 0.2228840047662909, 0.22371996261856775, 0.22257053310220887, 0.25036572597243567, 0.236363635821776, 0.2282131693579934, 0.21494253115220507, 0.20386624336242676, 0.21076279878616333, 0.21995821053331543, 0.2103448185053739, 0.22277952053330163, 0.2166144197637384, 0.2272727272727273, 0.20532915538007568, 0.19811912829225709, 0.2037617591294375, 0.19111807779832324, 0.195297815582969, 0.19916405731981446, 0.24231975186954846]}