{"final_performance": 0.262421703338623, "time_steps": [605.0526564121246, 957.601087808609, 1310.5140161514282, 1663.7905218601227, 2016.7161078453064, 2370.16539645195, 2723.9704303741455, 3077.808271884918, 3430.9145967960358, 3784.0148730278015, 4137.875350236893, 4491.007538318634, 4844.240547180176, 5198.156810045242, 5551.796062469482, 5905.531698703766, 6258.743733167648, 6612.039274215698, 6965.386975288391, 7319.00580406189, 7672.232152700424, 8026.10186290741, 8379.166858673096, 8732.1565887928, 9085.287299394608, 9438.315532684326, 9790.38948392868, 10144.069012403488, 10496.216890573502, 10849.214490175247, 11201.625279903412, 11553.8061170578, 11906.7465031147, 12259.58985710144, 12612.616886615753, 12965.765780210495, 13318.759979248047, 13672.980533599854, 14027.74674320221, 14381.36195230484], "runtime": 14381.36195230484, "config": {"batch_size": 479.89670607282613, "log2_n_units_2": 4.644801554380211, "log10_learning_rate": -3.379713104156075, "log2_n_units_3": 6.950771032572041, "log2_n_units_1": 8.635950805559006}, "config_id": 246, "learning_curve": [0.4778705716133118, 0.4012526154518128, 0.3653444707393646, 0.35093946754932404, 0.37192067801952367, 0.3108559429645539, 0.3355949848890305, 0.289352810382843, 0.2837160706520081, 0.3020876765251159, 0.32035490274429324, 0.3234864264726639, 0.293215024471283, 0.26753652691841123, 0.2634655505418777, 0.2730688869953155, 0.27181628346443176, 0.2988517671823502, 0.258872640132904, 0.2749477982521057, 0.25584549903869624, 0.27400833964347837, 0.2627348572015762, 0.24582462608814237, 0.27943631708621974, 0.26607514917850494, 0.24081419110298152, 0.26210854947566986, 0.24895615875720978, 0.2542797476053238, 0.2454070925712586, 0.24582462906837466, 0.24519831836223605, 0.2449895560741424, 0.2531315177679062, 0.2454070895910263, 0.2587682604789734, 0.24634655714035036, 0.2532359033823013, 0.262421703338623]}