{"final_performance": 0.27130416723398065, "time_steps": [300.21956753730774, 347.8728768825531, 395.59334897994995, 443.36706924438477, 491.0939667224884, 538.82563829422, 586.5082256793976, 634.2214481830597, 681.8889298439026, 729.6578900814056, 777.3925743103027, 825.2420868873596, 873.0529129505157, 920.8516738414764, 968.5780065059662, 1016.3486654758453, 1064.164134502411, 1111.914624929428, 1159.6060571670532, 1207.3432183265686, 1255.1138036251068, 1302.839586019516, 1350.5980150699615, 1398.3785617351532, 1446.1825847625732, 1493.9487991333008, 1541.7215666770935, 1589.497222185135, 1637.231115102768, 1684.9376902580261, 1732.7344224452972, 1780.4245791435242, 1828.1886246204376, 1875.980238199234, 1923.7340786457062, 1971.4883370399475, 2019.2676630020142, 2066.919897556305, 2114.622611284256, 2162.397619009018], "runtime": 2162.397619009018, "config": {"batch_size": 371.4716532698142, "log2_n_units_2": 5.077733570673313, "log10_learning_rate": -2.89580149539054, "log2_n_units_3": 6.2275714531916115, "log2_n_units_1": 4.601671159145427}, "config_id": 177, "learning_curve": [0.4361393337066357, 0.3642960786819458, 0.3414887029391068, 0.3260418818547175, 0.31722994263355553, 0.29991706059529233, 0.3030271621850821, 0.2773170241942773, 0.2901720931896796, 0.2862326342325944, 0.28467758343769956, 0.26238855261069083, 0.2636325932466067, 0.2840555677047143, 0.27078581085571873, 0.26850507580316985, 0.27752435436615575, 0.2719261829669659, 0.28001244251544655, 0.2806344536634592, 0.2712004941243392, 0.27368858227363, 0.27876840187953067, 0.26912709841361415, 0.2762803206076989, 0.2659133282991556, 0.27337756752967834, 0.2578270733356476, 0.26404727422274077, 0.2643582797967471, 0.2674683745090778, 0.28737300175886893, 0.2661206676409795, 0.257516072346614, 0.27088949542779184, 0.2651876440415015, 0.2668463541911199, 0.2715115088682908, 0.3018867900738349, 0.27130416723398065]}