{"final_performance": 0.9003980000753228, "time_steps": [624.9907581806183, 995.8798942565918, 1367.3899087905884, 1738.1539611816406, 2109.0571393966675, 2480.5793237686157, 2851.6629614830017, 3222.9210889339447, 3594.4211847782135, 3965.6803867816925, 4334.763208627701, 4703.665130376816, 5072.123008728027, 5440.732936859131, 5809.843051433563, 6178.448700428009, 6547.166059494019, 6915.910845994949, 7285.003525733948, 7654.178681135178, 8023.048105239868, 8392.092228412628, 8760.78851056099, 9129.222520589828, 9497.954395771027, 9866.596212148666, 10235.606267213821, 10604.261561393738, 10973.271347522736, 11341.972269535065, 11710.678879022598, 12079.60591840744, 12448.356778621674, 12816.647476196289, 13183.725016832352, 13550.887248277664, 13918.117699861526, 14285.285324573517, 14652.126203298569, 15019.381635427475], "runtime": 15019.381635427475, "config": {"batch_size": 239.36607126028343, "log2_n_units_2": 4.164460531827897, "log10_learning_rate": -0.19022230615353397, "log2_n_units_3": 7.961388672674091, "log2_n_units_1": 8.772571219155513}, "config_id": 83, "learning_curve": [0.8977446678753306, 0.8979487706248354, 0.8977446678753306, 0.898561078328185, 0.8979487706248354, 0.9043779983753111, 0.9003980000753228, 0.898561078328185, 0.9043779983753111, 0.9003980000753228, 0.8980508219541573, 0.9026431270488878, 0.9003980000753228, 0.9026431270488878, 0.9026431270488878, 0.8977446678753306, 0.9003980000753228, 0.9003980000753228, 0.9003980000753228, 0.898561078328185, 0.8998877436104344, 0.9022349224584858, 0.8977446678753306, 0.898561078328185, 0.8977446678753306, 0.8977446678753306, 0.9043779983753111, 0.9022349224584858, 0.8988672320435687, 0.9022349224584858, 0.9022349224584858, 0.8998877436104344, 0.8998877436104344, 0.884478007783977, 0.8979487706248354, 0.9003980000753228, 0.8979487706248354, 0.898561078328185, 0.8988672320435687, 0.9003980000753228]}