{"final_performance": 0.1678898152039976, "time_steps": [1739.170367717743, 3242.416038274765, 4747.459051370621, 6253.261682987213, 7759.185054063797, 9265.139950275421, 10771.083289861679, 12275.509891271591, 13780.6201877594, 15285.752223014832, 16790.26879811287, 18297.418117284775, 19803.97835278511, 21311.859240055084, 22819.719274520874, 24326.31999349594, 25831.153821706772, 27338.719711780548, 28848.808685064316, 30354.911927223206, 31862.304094791412, 33370.23362517357, 34878.217341184616, 36385.10191941261, 37893.51475548744, 39401.80046892166, 40909.917728185654, 42417.55694556236, 43925.50769519806, 45433.37260508537, 46940.90683221817, 48446.734283685684, 49954.22073888779, 51461.17944598198, 52969.4043340683, 54476.59407687187, 55983.66926121712, 57489.58553504944, 58994.23655509949, 60499.970697402954], "runtime": 60499.970697402954, "config": {"batch_size": 203.06395561861495, "log2_n_units_2": 9.508452184324154, "log10_learning_rate": -3.906703745481308, "log2_n_units_3": 9.466184157280559, "log2_n_units_1": 9.75364109714209}, "config_id": 241, "learning_curve": [0.39268121062492833, 0.31094802763997287, 0.30722831341685086, 0.30059314503961676, 0.29164572516266185, 0.23011963708060124, 0.2519352545543593, 0.25635870135560324, 0.22237860791537223, 0.22509299492349433, 0.2632954668025581, 0.23082336236019518, 0.19835126156709637, 0.182266006664354, 0.17261486029138373, 0.1728159250045309, 0.17140846714681512, 0.171609526994277, 0.16990047449968304, 0.1689956747755712, 0.16799034999341378, 0.16949834385696727, 0.16819141835582496, 0.16799034999341378, 0.1678898127711549, 0.1688951472846829, 0.1690962107814088, 0.1677892828474239, 0.1690962107814088, 0.16849301177628184, 0.16688448677257617, 0.16698502521125635, 0.16718608749156094, 0.17090579928184046, 0.16849301177628184, 0.167688752923693, 0.1676887504908503, 0.16678395806526647, 0.16738715220470812, 0.1678898152039976]}