{"final_performance": 0.2646058394628412, "time_steps": [546.0175859928131, 837.7139096260071, 1129.9409341812134, 1421.8318781852722, 1714.1934247016907, 2006.2178292274475, 2298.6198716163635, 2590.650980949402, 2882.7620601654053, 3174.9426662921906, 3467.059232711792, 3759.4893279075623, 4052.0482726097107, 4344.863557815552, 4637.330144166946, 4929.633829593658, 5221.800800561905, 5513.918933868408, 5806.177330255508, 6098.325790643692, 6391.266430139542, 6683.68044757843, 6975.8300223350525, 7268.8654408454895, 7561.0244727134705, 7853.9434649944305, 8146.436414241791, 8438.704961299896, 8731.008202075958, 9022.187804937363, 9314.00468993187, 9606.051774263382, 9897.381125450134, 10189.912162542343, 10481.236825942993, 10772.958833694458, 11064.956993341446, 11356.556663274765, 11647.795406579971, 11939.568452358246], "runtime": 11939.568452358246, "config": {"batch_size": 147.03603574017762, "log2_n_units_2": 5.6458854227715145, "log10_learning_rate": -3.9360518964467337, "log2_n_units_3": 5.4994062198694245, "log2_n_units_1": 8.230219938814113}, "config_id": 143, "learning_curve": [0.4447779129533207, 0.3907563002670512, 0.3707482981331208, 0.3745498192660949, 0.3616446519599241, 0.3304321704541936, 0.33073228860602655, 0.3026210464098874, 0.2818127239451689, 0.32082832999089184, 0.2935174054959241, 0.3086234532734927, 0.3012204871458166, 0.29571828947347756, 0.29131652414798737, 0.2960184076253105, 0.28821528834455157, 0.29411764618228464, 0.2576030422659481, 0.2998199296348235, 0.2847138844868716, 0.31652660755550155, 0.29051621170604935, 0.2846138451029273, 0.2748099241186591, 0.3041216485640582, 0.27000800476354714, 0.26500600313439093, 0.2743097245693207, 0.289115648059284, 0.28141256728593045, 0.27881152664913855, 0.29791916468564206, 0.29971988586818465, 0.27170867954983435, 0.32292917195488424, 0.33983593127306766, 0.2748099276248146, 0.30162064555813284, 0.2646058394628412]}