{"final_performance": 0.2764981687068939, "time_steps": [461.14580488204956, 668.3169615268707, 875.9543766975403, 1082.6300344467163, 1289.3884582519531, 1496.2246584892273, 1702.5105681419373, 1908.7183492183685, 2114.9155275821686, 2321.3368804454803, 2527.643317461014, 2734.323196411133, 2941.1581258773804, 3147.3944098949432, 3353.6231877803802, 3559.6140174865723, 3765.570695400238, 3971.7386927604675, 4177.784590482712, 4384.056718349457, 4590.431036710739, 4796.51811504364, 5002.24539732933, 5208.257443189621, 5414.010355710983, 5620.032527923584, 5826.332211971283, 6031.972897529602, 6238.23593044281, 6444.072315454483, 6649.730942726135, 6855.393294811249, 7061.059985637665, 7266.672440290451, 7472.132031917572, 7677.718152046204, 7883.547634601593, 8089.323796033859, 8294.702127933502, 8500.155360221863], "runtime": 8500.155360221863, "config": {"batch_size": 223.56016053293064, "log2_n_units_2": 6.175410532530805, "log10_learning_rate": -1.357735292189556, "log2_n_units_3": 6.032604049676291, "log2_n_units_1": 7.589330487279036}, "config_id": 228, "learning_curve": [0.6675499386408112, 0.5578883026133884, 0.4888911524956877, 0.4342641654339704, 0.3757643740285527, 0.3644516969268973, 0.3183856511657889, 0.31563392010602087, 0.3124745257876136, 0.3060538145628843, 0.35558499531312426, 0.3108438659798015, 0.28251121396368195, 0.27986139329996973, 0.30370974134315143, 0.29790053177963605, 0.32134121385487646, 0.27333877167918463, 0.30370974405245343, 0.27028128775683313, 0.2769058346748352, 0.27568283677101135, 0.27700774913484405, 0.26100693101232697, 0.2903587438843467, 0.2730330228805542, 0.2946392175826159, 0.28750509565526794, 0.283020793036981, 0.3135955983942206, 0.28984916345639666, 0.271504280242053, 0.3009580102833834, 0.27068895643407653, 0.2753770879723809, 0.3023848357525739, 0.26222992214289575, 0.27221769365397364, 0.30707297406413336, 0.2764981687068939]}