{"final_performance": 0.35325203090906143, "time_steps": [550.1674234867096, 847.893874168396, 1145.6174700260162, 1443.4391040802002, 1741.2801401615143, 2038.9734649658203, 2336.595771074295, 2634.2493693828583, 2931.895674467087, 3229.5759971141815, 3527.158177614212, 3825.0846693515778, 4122.110399723053, 4419.401483535767, 4717.313432455063, 5014.229366779327, 5311.3453686237335, 5608.90142416954, 5905.71240735054, 6203.010434150696, 6500.221515893936, 6798.248810052872, 7095.336832046509, 7393.555768251419, 7690.656415939331, 7987.400093317032, 8285.767153978348, 8583.304453849792, 8880.507023096085, 9177.364128112793, 9474.251906394958, 9771.736528635025, 10068.320133924484, 10364.893335103989, 10661.94861125946, 10958.74064040184, 11255.453247785568, 11552.114485502243, 11848.810543060303, 12146.214287281036], "runtime": 12146.214287281036, "config": {"batch_size": 205.9392244238765, "log2_n_units_2": 9.850754196478412, "log10_learning_rate": -5.942344027965395, "log2_n_units_3": 6.966973558326095, "log2_n_units_1": 5.450146675451138}, "config_id": 138, "learning_curve": [0.6748983729630709, 0.602235771715641, 0.5638211388140917, 0.5300813013066847, 0.5056910570710897, 0.4929878059774637, 0.4782520327717066, 0.46443089221914613, 0.4615853695819775, 0.45142276398837566, 0.4382113801936308, 0.4332317039370537, 0.42693089072903, 0.4197154467304548, 0.41585365558664, 0.41138211265206337, 0.40731707091132796, 0.40294715389609337, 0.3981707294782003, 0.396443090091149, 0.3926829261084398, 0.3896341472864151, 0.38404471054673195, 0.38069105645020807, 0.37865853806336724, 0.37723577519257867, 0.37571138267715776, 0.3761178875962893, 0.3705284558236599, 0.3700203249851862, 0.36880081271131837, 0.3676829238732656, 0.3638211401800314, 0.3659552844862143, 0.36036584774653113, 0.3596544712781906, 0.35772357756892836, 0.35630080973108613, 0.3544715419411659, 0.35325203090906143]}