{"final_performance": 0.8973895553723875, "time_steps": [558.2910604476929, 881.7662348747253, 1204.7561740875244, 1527.9405281543732, 1851.1600859165192, 2174.4181599617004, 2497.463280916214, 2820.575920820236, 3143.7448902130127, 3466.9286665916443, 3790.1649758815765, 4113.475887775421, 4436.739698171616, 4759.895013093948, 5083.176052331924, 5406.4099905490875, 5729.662223100662, 6052.340478420258, 6375.203565597534, 6698.014435768127, 7021.701040506363, 7345.175651550293, 7668.541397571564, 7991.116300344467, 8314.065346717834, 8637.031490802765, 8960.2603662014, 9283.550588130951, 9607.282837152481, 9930.309623241425, 10253.775140285492, 10578.117652654648, 10902.008100748062, 11225.500125646591, 11549.391778945923, 11873.83425951004, 12197.594139814377, 12521.3628616333, 12844.951340436935, 13169.15619635582], "runtime": 13169.15619635582, "config": {"batch_size": 60.98963654311732, "log2_n_units_2": 9.1502324157315, "log10_learning_rate": -1.0313119313917252, "log2_n_units_3": 9.61304306201728, "log2_n_units_1": 5.249742908800862}, "config_id": 206, "learning_curve": [0.9019076275717781, 0.9003012019647173, 0.9019076275717781, 0.8987951778346696, 0.8976907599492964, 0.8983935714216835, 0.9003012019647173, 0.8987951778346696, 0.9049196760562888, 0.8976907599492964, 0.9003012019647173, 0.9023092342765037, 0.8987951778346696, 0.8984939731118908, 0.8983935714216835, 0.9003012019647173, 0.8989959811926427, 0.8997991937605372, 0.8976907599492964, 0.8997991937605372, 0.9049196760562888, 0.8987951778346696, 0.909939756437418, 0.8973895553723875, 0.952108432101198, 0.8984939731118908, 0.9019076275717781, 0.8976907599492964, 0.9023092342765037, 0.8984939731118908, 0.8997991937605372, 0.8976907599492964, 0.9003012019647173, 0.8984939731118908, 0.8983935714216835, 0.8987951778346696, 0.9019076275717781, 0.9019076275717781, 0.9003012019647173, 0.8973895553723875]}