{"final_performance": 0.8996491224077859, "time_steps": [479.80968499183655, 706.9646792411804, 934.0009608268738, 1160.3922543525696, 1386.7231750488281, 1613.402854681015, 1840.1907002925873, 2067.01012635231, 2293.842574596405, 2520.8908195495605, 2747.8698217868805, 2974.5528099536896, 3201.4296407699585, 3428.2865653038025, 3655.2311186790466, 3881.935173034668, 4108.77329325676, 4335.3911209106445, 4562.143628835678, 4788.726012229919, 5015.504278898239, 5242.394211769104, 5469.133131980896, 5696.2117648124695, 5922.972753047943, 6149.821954011917, 6376.72683930397, 6603.535114526749, 6830.502421617508, 7056.9549832344055, 7282.586975812912, 7508.489405155182, 7734.361640930176, 7960.525932788849, 8186.7993133068085, 8412.814774513245, 8638.784425020218, 8864.765887260437, 9090.984919071198, 9316.934966802597], "runtime": 9316.934966802597, "config": {"batch_size": 75.500222627263, "log2_n_units_2": 5.716861360191844, "log10_learning_rate": -0.15809583357272672, "log2_n_units_3": 7.500859423771338, "log2_n_units_1": 7.720599337665199}, "config_id": 244, "learning_curve": [0.8970426057458372, 0.8985463655028576, 0.9022556387336182, 0.9018546360495844, 0.898546365194751, 0.898546365194751, 0.9018546360495844, 0.8996491224077859, 0.9048621542471692, 0.8996491224077859, 0.9048621542471692, 0.9048621542471692, 0.8996491224077859, 0.8996491224077859, 0.8996491224077859, 0.8996491224077859, 0.9003508765446513, 0.897644109771888, 0.9018546360495844, 0.8985463655028576, 0.897644109771888, 0.9022556387336182, 0.9022556387336182, 0.8988471169416842, 0.8985463655028576, 0.897644109771888, 0.9018546360495844, 0.8974436087379778, 0.897644109771888, 0.8918295735843423, 0.8988471169416842, 0.8988471169416842, 0.9048621542471692, 0.897644109771888, 0.8974436087379778, 0.9003508765446513, 0.9003508765446513, 0.9018546360495844, 0.8974436087379778, 0.8996491224077859]}