{"final_performance": 0.27594142556190493, "time_steps": [539.5428972244263, 845.3296883106232, 1150.9458575248718, 1456.5896921157837, 1762.984281539917, 2068.665108203888, 2374.447382926941, 2680.3285868167877, 2986.409029006958, 3292.0778393745422, 3598.2650027275085, 3904.432448387146, 4210.422227859497, 4516.032759666443, 4821.854329586029, 5128.2740070819855, 5434.5062844753265, 5740.6347942352295, 6046.3476712703705, 6352.003022670746, 6658.260154008865, 6964.665420532227, 7270.924316167831, 7576.906488895416, 7883.011667251587, 8188.57514333725, 8494.398750305176, 8800.227170228958, 9106.262799739838, 9412.070599079132, 9718.034964323044, 10024.090117931366, 10330.0401866436, 10636.18469786644, 10942.45817232132, 11248.51662015915, 11554.632925987244, 11860.534670352936, 12166.362334251404, 12472.715829372406], "runtime": 12472.715829372406, "config": {"batch_size": 478.21508550651873, "log2_n_units_2": 8.109233254101225, "log10_learning_rate": -4.7791522261295505, "log2_n_units_3": 8.138290376426927, "log2_n_units_1": 7.65257966895295}, "config_id": 249, "learning_curve": [0.49592049866914745, 0.44320083856582637, 0.41202928423881535, 0.38472803831100466, 0.3663180023431778, 0.34686192870140076, 0.3438284546136856, 0.33357740342617037, 0.3283472836017609, 0.32405857741832733, 0.31788703501224513, 0.3189330577850342, 0.31297071278095245, 0.31066946089267733, 0.30345188379287724, 0.312029293179512, 0.2989539742469788, 0.29958159625530245, 0.2949790775775909, 0.2894351422786713, 0.2893305480480194, 0.29288703203201294, 0.2959205061197281, 0.2969665348529815, 0.28650628626346586, 0.2810669481754303, 0.2970711290836334, 0.2914225995540619, 0.28138075172901156, 0.2798117130994797, 0.2812761545181275, 0.27803347408771517, 0.28054393231868746, 0.27635983824729915, 0.2792887061834335, 0.2759414285421371, 0.2776150643825531, 0.2746861934661865, 0.27133892178535457, 0.27594142556190493]}