{"config": {"log2_n_units_2": 7.280612204241629, "batch_size": 124.79482338993253, "log2_n_units_1": 8.288039066814498, "log2_n_units_3": 8.156792516710246, "log10_learning_rate": -2.542907939874685}, "valid_loss": [1.3774891316890716, 0.8741606645286083, 0.7474947579205036, 0.7584580428898334, 0.7232117243111134, 0.6925450894981623, 0.7059922017157078, 0.7022790648043156, 0.812094547599554, 0.7141750156879425, 0.7704276937991381, 0.8629184760153293, 0.7998907592147588, 0.8495875623077154, 0.9399673551321029, 1.0031047940254212, 0.9183083727955819, 1.1979302421212197, 1.1260517805814743, 1.1989328868687152, 1.087493297457695, 1.0155331209301948, 1.0854674451053143, 1.1535287737846374, 1.1380715563893318, 1.025828216597438, 1.13604287058115, 1.1430096331983806, 1.0608657151460648, 1.1255052268505097, 1.1456092309206725, 1.3555081002414227, 1.1553286619484424, 1.3718580402433873, 1.1901432804763317, 1.2767016492784022, 1.285095650702715, 1.297852897271514, 1.1398504391312598, 1.3727763675153255], "train_loss": [1.6542161058935319, 0.9811005484983788, 0.7567494878117342, 0.6111174254498867, 0.4946482634137136, 0.40035498304211575, 0.3157021692080527, 0.2282267564803547, 0.1736269399107243, 0.12893064798474868, 0.0927993370833234, 0.09585668526080825, 0.0956147028283673, 0.05847807023500711, 0.049115183196314006, 0.08951893433500428, 0.06944624300733764, 0.038894373813632484, 0.05830715313157564, 0.04090064506607581, 0.04523275686161859, 0.05329246971877697, 0.04574709950645472, 0.038819848948811984, 0.0468470703070023, 0.035114855496849146, 0.02117513464467299, 0.04836869367213214, 0.053160253519579904, 0.02645324865502149, 0.015802236767926813, 0.030778274144536256, 0.050990556063049516, 0.03443102751242471, 0.023589138393160188, 0.015291332227094041, 0.03518003987376896, 0.03904030636431626, 0.02451422532405039, 0.02570936130106692], "config_id": 260, "time_steps": [616.3275916576385, 982.1582226753235, 1347.9394781589508, 1713.4585964679718, 2078.9949357509613, 2444.5263125896454, 2809.647681951523, 3174.6556375026703, 3539.3009696006775, 3904.1486048698425, 4268.770297527313, 4633.616658687592, 4998.102191925049, 5363.017641782761, 5727.792819976807, 6092.5630984306335, 6456.606696367264, 6820.63623547554, 7184.342383861542, 7548.04446554184, 7911.723838567734, 8275.099600076675, 8638.373747825623, 9001.574623346329, 9364.820384979248, 9728.160516023636, 10091.479514837265, 10454.589052438736, 10817.2741086483, 11179.763323068619, 11542.267078399658, 11905.17420911789, 12267.817189216614, 12630.265875816345, 12992.152310848236, 13354.36029100418, 13716.450943470001, 14078.28329205513, 14440.04508638382, 14801.725557804108], "runtime": 14801.725557804108, "learning_curve": [0.46411290019750595, 0.30383064895868306, 0.2553427435457707, 0.2611895129084587, 0.23729838728904729, 0.22782257869839673, 0.2182459682226181, 0.2121975779533386, 0.22479838356375692, 0.19687499776482587, 0.19758064299821854, 0.20877015963196754, 0.19465725570917125, 0.19254032149910927, 0.20493951588869097, 0.21431451067328455, 0.19959677383303642, 0.22731855064630513, 0.2236895151436329, 0.2170362867414951, 0.20070564299821858, 0.19385080337524419, 0.19294354468584063, 0.2084677368402481, 0.20241935178637505, 0.19153225272893903, 0.1955645106732845, 0.20211693421006205, 0.19778225719928744, 0.1918346762657166, 0.18548386693000796, 0.2170362897217274, 0.1938507996499539, 0.21774193495512006, 0.18639112412929537, 0.19606854468584056, 0.1963709637522697, 0.19727822244167326, 0.18588709458708763, 0.20191531926393513]}