{"final_performance": 0.26754297420035966, "time_steps": [398.2250154018402, 540.3119423389435, 682.0404942035675, 823.7396721839905, 965.3635420799255, 1106.740130662918, 1248.0904014110565, 1389.5188946723938, 1530.6650660037994, 1671.6006681919098, 1812.6822998523712, 1953.092559337616, 2093.9386506080627, 2234.7706956863403, 2375.5009882450104, 2516.2604887485504, 2656.9693665504456, 2797.618667602539, 2938.330700159073, 3079.037422657013, 3219.681813955307, 3360.2931706905365, 3501.017179250717, 3641.7483587265015, 3782.369397163391, 3922.9728004932404, 4063.658783197403, 4204.260640859604, 4344.859578132629, 4485.4071679115295, 4626.029980421066, 4766.701474189758, 4907.341839790344, 5047.884063243866, 5188.55460691452, 5329.143855333328, 5469.660312414169, 5610.159798622131, 5750.740694761276, 5891.152599573135], "runtime": 5891.152599573135, "config": {"batch_size": 115.78960586455219, "log2_n_units_2": 5.960768998436865, "log10_learning_rate": -1.3989447251361522, "log2_n_units_3": 4.462824119539573, "log2_n_units_1": 6.896746309037468}, "config_id": 200, "learning_curve": [0.5513650220493937, 0.4810920163642528, 0.3717896889808566, 0.35308392311251435, 0.3285136541654897, 0.3464105156965034, 0.30990900341854544, 0.30202224781346876, 0.2955510644025581, 0.2980788661990055, 0.32467138697934705, 0.2956521788308787, 0.28806875888691397, 0.3246713897516561, 0.2894843269226163, 0.26835187160691554, 0.28382204091826146, 0.29989888778952667, 0.2795753278011499, 0.27401416107665666, 0.3058645122273024, 0.2619818019312482, 0.28463094386943555, 0.2733063725538032, 0.26875632100327074, 0.2951466129269711, 0.2622851403646691, 0.2706774521705716, 0.27684530130652496, 0.29251769531604854, 0.2775530849778375, 0.2812942384287368, 0.2993933253510054, 0.2792719935261926, 0.28665318322736166, 0.2976744202680366, 0.2813953507778256, 0.279170881870181, 0.278463096812714, 0.26754297420035966]}