{"final_performance": 0.3816526393805232, "time_steps": [165.13871216773987, 315.3512477874756, 465.549427986145, 615.7828621864319, 766.0289673805237, 916.4272811412811, 1066.7761597633362, 1217.3885560035706, 1368.015991449356, 1518.6558783054352, 1669.2449400424957, 1819.8505883216858, 1970.4834251403809, 2121.241195678711, 2271.639587879181, 2421.8860840797424, 2572.206483602524, 2722.3375430107117, 2872.572957754135, 3022.8322401046753, 3172.938029527664, 3323.1252105236053, 3473.406390428543, 3623.4629669189453, 3773.5885829925537, 3923.9387996196747, 4074.152956008911, 4224.161490440369, 4370.834547996521, 4517.358458280563, 4663.458863735199, 4809.404721498489, 4955.261171340942, 5101.412551164627, 5247.360232114792, 5393.404550552368, 5539.227066278458, 5685.221209287643, 5831.13129734993, 5977.115240097046], "runtime": 5977.115240097046, "config": {"batch_size": 51.24396847697126, "log2_n_units_2": 5.93616949916497, "log10_learning_rate": -5.943912871791755, "log2_n_units_3": 9.26510569242823, "log2_n_units_1": 6.230477200077021}, "config_id": 14, "learning_curve": [0.7059823833786103, 0.6445578147410129, 0.6085434095287809, 0.5752300829911718, 0.5550219987576105, 0.5437174765583204, 0.5283113125787706, 0.5170067893151118, 0.5033013065706711, 0.4932973038937364, 0.483693461485055, 0.479391740292919, 0.47048817803056875, 0.46308521607092445, 0.45838333514271945, 0.4530812136980952, 0.45078029331504077, 0.44227689109286483, 0.4387754899810772, 0.4332732889725237, 0.43487392928527324, 0.4288715285306074, 0.42727088745759456, 0.42046816631847495, 0.42056820617646584, 0.41356540547341714, 0.41296516571726116, 0.41076428504014506, 0.4071628446785771, 0.4052620841836443, 0.4006602423531669, 0.39885952202033026, 0.39695876243771344, 0.39415764200444126, 0.3925570009314284, 0.39155660098304557, 0.390256081004532, 0.38675468034890237, 0.3863545203087281, 0.3816526393805232]}