{"final_performance": 0.25416666467984517, "time_steps": [314.3463397026062, 385.87061190605164, 457.35175132751465, 529.019517660141, 600.7137200832367, 672.5724673271179, 744.578875541687, 816.4385545253754, 888.3039155006409, 960.058521270752, 1031.939800977707, 1103.7078051567078, 1175.552925825119, 1247.3137600421906, 1319.175942659378, 1390.9957990646362, 1462.9295728206635, 1534.7996425628662, 1606.765779018402, 1678.605301141739, 1750.42391705513, 1822.2521376609802, 1893.9388926029205, 1965.8839371204376, 2037.9489159584045, 2109.7906720638275, 2181.8872814178467, 2254.2591960430145, 2326.2776412963867, 2398.2653477191925, 2470.2163121700287, 2542.2829670906067, 2614.3066523075104, 2686.5572896003723, 2758.623036146164, 2830.626048564911, 2903.2531192302704, 2975.579980611801, 3047.791636943817, 3119.804130792618], "runtime": 3119.804130792618, "config": {"batch_size": 328.2724787646144, "log2_n_units_2": 4.289188831060116, "log10_learning_rate": -3.1827904283785413, "log2_n_units_3": 7.866922842002724, "log2_n_units_1": 5.604883286804786}, "config_id": 253, "learning_curve": [0.4168699185053507, 0.3744918723901113, 0.3497967441876729, 0.3305894275506337, 0.3518292665481567, 0.2815040628115336, 0.317479674021403, 0.28191057244936624, 0.2840447147687276, 0.2959349592526753, 0.2680894315242768, 0.2643292705217998, 0.26595528324445084, 0.25823170741399126, 0.262601625919342, 0.24756097594896953, 0.24684959650039673, 0.27510162591934206, 0.24786585172017417, 0.25162601669629414, 0.25162601470947266, 0.271138209104538, 0.24918699463208516, 0.248780490954717, 0.2532520314057668, 0.2657520274321238, 0.2519309004147847, 0.260060973962148, 0.271239827076594, 0.25569105545679727, 0.24756097793579102, 0.25457317630449927, 0.2515243907769521, 0.2503048817316691, 0.24847561717033384, 0.256300812959671, 0.2430894255638123, 0.25213414629300435, 0.24908536871274312, 0.25416666467984517]}