{"final_performance": 0.24914331869645556, "time_steps": [651.7603213787079, 1048.1841111183167, 1445.00803565979, 1841.860790014267, 2238.7790472507477, 2635.7549328804016, 3032.575971364975, 3429.4155259132385, 3827.6930108070374, 4223.381358385086, 4619.420166015625, 5015.493617534637, 5411.810225009918, 5807.484393119812, 6203.152183532715, 6598.855553865433, 6994.490003585815, 7390.142640113831, 7785.760438919067, 8181.216821670532, 8576.574703454971, 8971.724053144455, 9366.678275108337, 9761.45103931427, 10156.216146707535, 10550.859807014465, 10945.25743150711, 11339.53007364273, 11733.907442331314, 12127.98971581459, 12522.22012090683, 12916.321875810623, 13310.600607395172, 13704.596601724625, 14098.707170724869, 14493.180431842804, 14887.750788211823, 15282.279879808426, 15676.256315231323, 16070.046350240707], "runtime": 16070.046350240707, "config": {"batch_size": 451.00453924121894, "log2_n_units_2": 8.34225243626932, "log10_learning_rate": -1.494988396192582, "log2_n_units_3": 8.100258472885223, "log2_n_units_1": 8.030442007977019}, "config_id": 190, "learning_curve": [0.8745212649757212, 0.7198145511475476, 0.6372707106850364, 0.5394073765386235, 0.49969764324751764, 0.44386212392286817, 0.3929651244120165, 0.3775448501110077, 0.38167708299376746, 0.3313848051157865, 0.37613384290175, 0.3028623272072185, 0.29600887136025866, 0.2837129587476904, 0.2858294709162279, 0.2711146907372908, 0.26285023580897937, 0.2711146961558949, 0.2676879682324149, 0.28794597766616126, 0.26295102184469055, 0.24742995608936658, 0.23876234618100256, 0.24974803220142017, 0.2563999213955619, 0.25085668672214856, 0.2596250745383176, 0.2450110912322998, 0.24581737951798877, 0.23503325744108716, 0.2510582615028728, 0.24753073670647363, 0.28643419254909863, 0.25851643356409937, 0.23644426735964685, 0.2422898574308916, 0.24934489889578382, 0.2483370277014646, 0.23866155743598938, 0.24914331869645556]}