{"final_performance": 0.38020201921463015, "time_steps": [109.24877190589905, 205.7416799068451, 302.14690685272217, 399.057856798172, 496.42208671569824, 593.3649094104767, 689.9409987926483, 787.0898432731628, 884.4004065990448, 981.0170178413391, 1077.728877067566, 1174.8954775333405, 1271.2769231796265, 1368.0934753417969, 1464.6299500465393, 1561.4869587421417, 1658.3632819652557, 1755.4243865013123, 1852.414701461792, 1949.943279504776, 2046.2216143608093, 2142.688240289688, 2239.4024608135223, 2335.918085336685, 2432.744964122772, 2529.243117570877, 2625.9074041843414, 2722.743729829788, 2819.0610921382904, 2915.3484563827515, 3011.7519896030426, 3108.2136051654816, 3204.4738879203796, 3300.3203818798065, 3395.359527826309, 3490.321874856949, 3585.4276003837585, 3680.726571559906, 3775.648048877716, 3870.6007027626038], "runtime": 3870.6007027626038, "config": {"batch_size": 396.35571040512195, "log2_n_units_2": 6.313635418508346, "log10_learning_rate": -1.339521591458925, "log2_n_units_3": 7.771779825200177, "log2_n_units_1": 5.890918653097295}, "config_id": 2, "learning_curve": [0.8403030294179916, 0.75808080971241, 0.6408080816268921, 0.6148484826087952, 0.6401010084152221, 0.5307070684432984, 0.5062626254558563, 0.5361616182327271, 0.4802020156383514, 0.48636363983154296, 0.4626262676715851, 0.4589898979663849, 0.46525252223014835, 0.43414141178131105, 0.45141414284706116, 0.43858585357666013, 0.42797979831695554, 0.40474746942520146, 0.407373731136322, 0.40565656661987304, 0.41212121248245237, 0.38424242258071895, 0.39333333492279055, 0.4222222208976746, 0.3974747443199158, 0.38505051136016843, 0.3865656566619873, 0.3769696974754333, 0.4119191932678222, 0.37616161584854124, 0.3743434357643127, 0.39191918373107915, 0.38555555820465093, 0.37090909004211425, 0.37909090518951416, 0.38454545259475703, 0.3827272772789001, 0.3794949507713318, 0.38464646816253667, 0.38020201921463015]}