{"final_performance": 0.25112107396125793, "time_steps": [423.0723440647125, 593.9758920669556, 764.8706984519958, 936.3790843486786, 1107.6071441173553, 1279.0314276218414, 1450.4165284633636, 1622.016705751419, 1793.530833721161, 1965.1234483718872, 2136.4543137550354, 2308.0338780879974, 2479.501808643341, 2651.082430124283, 2822.3734736442566, 2993.763355255127, 3165.145562171936, 3336.508193254471, 3507.6095311641693, 3678.835652589798, 3849.870954275131, 4021.0851826667786, 4192.053631305695, 4362.985389471054, 4533.843748092651, 4704.959553718567, 4875.857241630554, 5046.520903110504, 5217.070913076401, 5387.869635105133, 5558.405302524567, 5728.917550563812, 5899.165240764618, 6069.635987997055, 6239.895937681198, 6410.412125349045, 6580.480304956436, 6750.916373252869, 6921.041281461716, 7091.250080347061], "runtime": 7091.250080347061, "config": {"batch_size": 223.17013906777447, "log2_n_units_2": 7.818107863888858, "log10_learning_rate": -1.9318813424207448, "log2_n_units_3": 9.906671299265216, "log2_n_units_1": 4.3405620935731575}, "config_id": 156, "learning_curve": [0.6343253166838125, 0.5040766400369732, 0.4300856061957099, 0.38942111757668585, 0.3343864665790037, 0.33438646251505066, 0.27802690592679113, 0.2915817363695665, 0.2687525451183319, 0.26722380654378375, 0.25315939567305823, 0.25428047234361817, 0.2574398707259785, 0.24877700886943122, 0.2612107639962976, 0.2602935148911043, 0.2379739108410749, 0.24735018340024084, 0.26936404407024384, 0.27578475800427527, 0.25428047640757123, 0.2492865879427303, 0.24796167964285065, 0.2628414170308546, 0.2578475312753157, 0.27853648635474115, 0.251121075315909, 0.25856094197793444, 0.25173257291316986, 0.24092947082086047, 0.25917243822054425, 0.2614145929163153, 0.24480227990583936, 0.24959233945066284, 0.25183448601852765, 0.2443946193565022, 0.2563187927007675, 0.265389315106652, 0.26080309802835633, 0.25112107396125793]}