{"final_performance": 0.502210614271462, "time_steps": [482.4751627445221, 714.1058433055878, 945.4017488956451, 1177.2562265396118, 1409.061306476593, 1640.442238330841, 1872.5702002048492, 2104.914564847946, 2337.126671075821, 2569.241735935211, 2801.052745580673, 3032.7865691184998, 3264.427723646164, 3496.222716808319, 3727.657134771347, 3959.749584674835, 4191.68865942955, 4423.588032245636, 4655.443286180496, 4887.062714576721, 5118.693891048431, 5350.854743719101, 5582.938827753067, 5814.760850191116, 6047.070829153061, 6278.568793773651, 6510.582963466644, 6743.132661104202, 6975.439985752106, 7208.011610746384, 7440.507770776749, 7672.77304649353, 7904.185808897018, 8136.065239429474, 8367.337351322174, 8599.957852125168, 8831.810273647308, 9063.905417442322, 9296.255623817444, 9528.492306470871], "runtime": 9528.492306470871, "config": {"batch_size": 311.35953728418315, "log2_n_units_2": 5.373309918579547, "log10_learning_rate": -5.773401818926736, "log2_n_units_3": 4.255737622774192, "log2_n_units_1": 7.911460531857863}, "config_id": 223, "learning_curve": [0.842142284149304, 0.7891881028190255, 0.7517082006670535, 0.7219654340296984, 0.6936294222250581, 0.6795618981122971, 0.6629823166877031, 0.6472065905109048, 0.6356511246412992, 0.6284163994714618, 0.6171623803675175, 0.6086213858798146, 0.6022909972816706, 0.5946543393656611, 0.5904340799897909, 0.5825964640825987, 0.579782959073782, 0.5741559499874711, 0.5710409972816706, 0.56792604457587, 0.5614951783791184, 0.5569734713062644, 0.5543609298765659, 0.5506430845707655, 0.546221861615777, 0.543307876214385, 0.5396905122324824, 0.5356712220236659, 0.5324557879939675, 0.5295418025925756, 0.5259244404733181, 0.5249196151271462, 0.5212017688900232, 0.5186897115781903, 0.5167805468663573, 0.511354505084455, 0.5076366569846869, 0.5052250828593969, 0.5027130264788866, 0.502210614271462]}