{"final_performance": 0.17477876489812683, "time_steps": [727.9344928264618, 1202.1735541820526, 1677.0812425613403, 2152.417231798172, 2627.753460407257, 3103.2136476039886, 3578.9451031684875, 4054.1418945789337, 4529.427665948868, 5004.863330125809, 5480.556069135666, 5955.829557657242, 6431.126003742218, 6906.599648714066, 7382.393693685532, 7858.035333156586, 8333.600708246231, 8809.269829034805, 9285.279718399048, 9760.860650062561, 10236.823216438293, 10712.628524065018, 11189.320056200027, 11665.6913459301, 12141.487788438797, 12617.410571336746, 13093.08289361, 13568.888275384903, 14045.107947826385, 14520.89668750763, 14996.698246717453, 15473.108633995056, 15949.388741493225, 16425.41740322113, 16901.66624045372, 17378.022413015366, 17854.455387830734, 18330.844176054, 18807.164766788483, 19283.666439771652], "runtime": 19283.666439771652, "config": {"batch_size": 452.56760729156895, "log2_n_units_2": 8.528655276157806, "log10_learning_rate": -3.3847619083032576, "log2_n_units_3": 6.507396552857081, "log2_n_units_1": 8.389473861030062}, "config_id": 135, "learning_curve": [0.43171761523593555, 0.4101971062746915, 0.36796058037064294, 0.3294448960911144, 0.2728278338909149, 0.29283990101380786, 0.31456155397675256, 0.24446902491829614, 0.2609613754532554, 0.27825824509967456, 0.25130731680176477, 0.24708366123112768, 0.23521721092137426, 0.2771520397879861, 0.21952937407927076, 0.21721641312945972, 0.206154462966052, 0.1905671818689867, 0.19308125701817602, 0.1786001487211748, 0.17799677632071753, 0.18282381512902002, 0.17940466241403064, 0.17930409854108642, 0.1762872040271759, 0.17769509553909302, 0.17679001526399096, 0.17789621244777332, 0.18151649561795324, 0.17749395966529846, 0.17729284004731616, 0.17638777060942212, 0.1792035373774442, 0.17608607899058948, 0.17538213458928198, 0.1767900261011991, 0.1769911484284834, 0.1776950901204889, 0.17588494853539904, 0.17477876489812683]}