{"final_performance": 0.5215565846079872, "time_steps": [333.19134974479675, 415.1127836704254, 497.0208501815796, 578.8959267139435, 660.7750363349915, 742.7126791477203, 824.6965000629425, 906.6638669967651, 988.6798806190491, 1070.8141627311707, 1152.947338104248, 1235.0459291934967, 1317.197546005249, 1399.434475183487, 1481.7243099212646, 1564.0071635246277, 1646.3083801269531, 1728.5748608112335, 1810.8329577445984, 1893.0912239551544, 1975.3646762371063, 2057.6041300296783, 2139.8732368946075, 2222.1314737796783, 2304.3062510490417, 2386.52289891243, 2468.72044301033, 2550.9684743881226, 2633.1967902183533, 2715.4422681331635, 2797.6427097320557, 2879.7479643821716, 2962.0244188308716, 3044.307937145233, 3126.502970933914, 3208.7650752067566, 3290.989265680313, 3373.2012922763824, 3455.396219968796, 3537.609385728836], "runtime": 3537.609385728836, "config": {"batch_size": 465.97944323271145, "log2_n_units_2": 6.449249409805032, "log10_learning_rate": -0.05589218860712197, "log2_n_units_3": 5.648447005541555, "log2_n_units_1": 5.738819507420887}, "config_id": 179, "learning_curve": [0.937122376014789, 0.8306195594015575, 0.8165898621082306, 0.7965181767940521, 0.8166922671454293, 0.7825908866666612, 0.7866871470496768, 0.7483870968932197, 0.7462365598905654, 0.7102918603590557, 0.6970814125878471, 0.655401946533294, 0.655401946533294, 0.6429083475044796, 0.6848950371855781, 0.6380952383790697, 0.6545826934632801, 0.5885304666700817, 0.5631336385295505, 0.6357398870445433, 0.5858678973856426, 0.6214029689629872, 0.5756272432349977, 0.5493087555680956, 0.5834101424330757, 0.5272913475831349, 0.534152587254842, 0.5196108590988886, 0.5211469587825593, 0.5410138240882328, 0.5350742439428966, 0.520122888542357, 0.5081413232144856, 0.530670763481231, 0.5101894551799411, 0.512339989344279, 0.4912442451431638, 0.5165386583123888, 0.5036354377156212, 0.5215565846079872]}