{"final_performance": 0.5341353390898023, "time_steps": [307.0822904109955, 359.3600764274597, 411.50077843666077, 463.9668607711792, 515.9093523025513, 568.4332821369171, 620.2476725578308, 672.0355169773102, 724.0708811283112, 776.4418058395386, 828.6920824050903, 880.3210065364838, 932.6615900993347, 984.5700085163116, 1036.7786037921906, 1088.8260629177094, 1140.9306178092957, 1192.9862678050995, 1245.2487897872925, 1297.5986444950104, 1349.948653459549, 1401.8437576293945, 1453.859388589859, 1506.1683661937714, 1558.5860846042633, 1611.0896887779236, 1663.5305473804474, 1715.6559057235718, 1768.1103575229645, 1820.0552570819855, 1872.227544784546, 1924.3642485141754, 1976.7288219928741, 2029.1555597782135, 2081.3612275123596, 2133.5418667793274, 2184.9956138134003, 2237.2038741111755, 2289.455202817917, 2341.4945361614227], "runtime": 2341.4945361614227, "config": {"batch_size": 285.35867164363594, "log2_n_units_2": 5.913114718408055, "log10_learning_rate": -5.346627630155066, "log2_n_units_3": 4.0319591513662765, "log2_n_units_1": 4.632491957386432}, "config_id": 87, "learning_curve": [0.8833082701478686, 0.8584461146167346, 0.8341854634029524, 0.8135338353259223, 0.7912781966584069, 0.768822055203574, 0.7450626556362425, 0.7254135344709669, 0.7075689234903881, 0.6944360886301313, 0.6816040107182094, 0.6697744343961989, 0.6595488718577793, 0.649824562243053, 0.6453132825238364, 0.636791980266571, 0.6296741877283369, 0.6226566399846758, 0.6164411050932748, 0.6096240614141737, 0.6067167920725687, 0.600300750562123, 0.5950877215181078, 0.5924812035901206, 0.5879699264253888, 0.583258147750582, 0.5789473669869559, 0.5742355874606542, 0.5721303267138345, 0.5667167919022696, 0.5638095259666442, 0.5595989968095507, 0.5563909760543277, 0.5518796997410911, 0.5475689206804548, 0.5459649103028434, 0.5408521286078862, 0.5383458639894213, 0.5356390970093863, 0.5341353390898023]}