{"final_performance": 0.2807105570397479, "time_steps": [361.31629848480225, 469.71773171424866, 578.2171351909637, 686.7870221138, 795.4740498065948, 904.2755942344666, 1013.1107568740845, 1121.8101651668549, 1230.5384049415588, 1339.3050882816315, 1448.1737878322601, 1556.978511095047, 1665.8074443340302, 1774.6441955566406, 1883.4969611167908, 1992.3652522563934, 2101.3736414909363, 2210.3779530525208, 2319.4138102531433, 2428.485144138336, 2537.531049489975, 2646.612075805664, 2755.6534571647644, 2864.756942510605, 2973.760233402252, 3082.868166446686, 3191.8850655555725, 3300.923152446747, 3410.089906692505, 3519.1402666568756, 3628.1226890087128, 3737.025218963623, 3845.93461227417, 3954.998654603958, 4063.9755363464355, 4173.008280754089, 4282.137165307999, 4391.147080898285, 4500.137814044952, 4609.155446767807], "runtime": 4609.155446767807, "config": {"batch_size": 106.02125836694529, "log2_n_units_2": 6.996250324707145, "log10_learning_rate": -4.281864775613936, "log2_n_units_3": 9.05248756771583, "log2_n_units_1": 4.100471258690077}, "config_id": 331, "learning_curve": [0.42904455896387705, 0.40897230169874554, 0.3558811751451898, 0.3568847857891245, 0.3384183068224724, 0.3488558822489799, 0.3119229230474918, 0.3238659184029762, 0.3289843467955894, 0.3163388219285519, 0.3166399027438874, 0.3051987144541233, 0.3290847077014598, 0.30138498544692993, 0.29997992769200754, 0.3026896822959819, 0.2961661980507222, 0.31382978977041043, 0.29747089743614197, 0.3116218358912366, 0.2897430759795169, 0.3164391815662384, 0.29696909100451363, 0.31091930891605135, 0.28914090610565024, 0.2965676480151237, 0.3041951041272346, 0.29867523211113955, 0.29566439225318586, 0.28331995264012766, 0.30479727400110124, 0.282316341045055, 0.300782820645799, 0.2806101961338774, 0.27549177217990795, 0.2789040531249757, 0.2776997222545299, 0.2766961100253653, 0.28291850521209394, 0.2807105570397479]}