{"final_performance": 0.3223157078027725, "time_steps": [406.1515347957611, 559.1861293315887, 712.8349714279175, 866.6501817703247, 1020.5727941989899, 1174.32652759552, 1328.1659677028656, 1482.128722190857, 1636.114619731903, 1789.499698638916, 1941.7244620323181, 2095.2142157554626, 2249.064392566681, 2402.745046377182, 2555.915915966034, 2709.9208426475525, 2863.893431186676, 3017.5286207199097, 3170.3671457767487, 3324.285385131836, 3477.8349945545197, 3631.7187790870667, 3785.6624743938446, 3939.2588305473328, 4093.1250445842743, 4246.9993352890015, 4400.185728311539, 4554.030271053314, 4707.155776977539, 4860.896615982056, 5014.886341571808, 5168.320817947388, 5322.309998035431, 5476.59068107605, 5630.478271722794, 5783.777306318283, 5936.449721336365, 6090.378233909607, 6244.422639369965, 6397.375804424286], "runtime": 6397.375804424286, "config": {"batch_size": 156.4980321932785, "log2_n_units_2": 4.422893497474554, "log10_learning_rate": -4.42177099824346, "log2_n_units_3": 5.171825895924625, "log2_n_units_1": 7.1702983679976295}, "config_id": 215, "learning_curve": [0.623697916045785, 0.5478766052983701, 0.5023036901839077, 0.47145432187244296, 0.4451121739111841, 0.4280849318020046, 0.4219751604832709, 0.41225961688905954, 0.4029447096399963, 0.4043469545431435, 0.3918269220739603, 0.382211540825665, 0.3814102550968528, 0.37269631307572126, 0.36298076901584864, 0.3586738798767328, 0.3581730742007494, 0.3605769220739603, 0.3517628274857998, 0.3527644267305732, 0.3521634638309479, 0.3543669879436493, 0.34264823235571384, 0.3496594559401274, 0.34074519481509924, 0.3342347778379917, 0.33673878386616707, 0.33864182978868484, 0.33944310806691647, 0.33543670177459717, 0.33673878386616707, 0.32892628386616707, 0.3326322138309479, 0.3331330129876733, 0.3294270858168602, 0.32832532189786434, 0.3335336549207568, 0.33453525975346565, 0.3224158678203821, 0.3223157078027725]}