{"final_performance": 0.16912972288472317, "time_steps": [450.7999405860901, 657.3960709571838, 864.2910165786743, 1071.4423673152924, 1278.4336516857147, 1485.5787980556488, 1692.620789527893, 1899.8619000911713, 2107.075627565384, 2314.1681044101715, 2521.97927236557, 2729.142417907715, 2936.1404418945312, 3143.2402539253235, 3350.8402695655823, 3558.1542217731476, 3765.6164746284485, 3973.069497823715, 4180.645768404007, 4388.1487193107605, 4595.662184715271, 4803.39760684967, 5010.891541004181, 5218.578318595886, 5426.445834875107, 5634.594060182571, 5842.257621765137, 6049.635692834854, 6257.163105010986, 6464.980741977692, 6672.401421546936, 6880.010885953903, 7087.356767416, 7295.089878797531, 7502.796376943588, 7710.644366264343, 7918.283137321472, 8125.828713417053, 8333.423711776733, 8541.210796117783], "runtime": 8541.210796117783, "config": {"batch_size": 348.29225115548445, "log2_n_units_2": 7.441116589250121, "log10_learning_rate": -2.373889187808879, "log2_n_units_3": 9.656441574653128, "log2_n_units_1": 6.617967838687592}, "config_id": 196, "learning_curve": [0.5888752043247223, 0.48676108143159325, 0.3833128128732953, 0.4092775072370257, 0.3191707687718528, 0.2964901477098465, 0.26960181125572746, 0.2503078835351127, 0.27175698322909214, 0.2429187170096806, 0.23532429976122715, 0.215004101395607, 0.24271346415792194, 0.23686370892184117, 0.21120689809322357, 0.20320197726999012, 0.20268883449690678, 0.18944991912160603, 0.1767241401331765, 0.17169540481907986, 0.17097701770918705, 0.16882183934961048, 0.16943760216236115, 0.16861658224037712, 0.16943760003362385, 0.17015599352972843, 0.1696428550141198, 0.1693349799939564, 0.1677955580609185, 0.16943760641983574, 0.17046387706484112, 0.16912971862724846, 0.16943759577614925, 0.16933497573648182, 0.16954022858824047, 0.1696428550141198, 0.17005335858889992, 0.16871920440878185, 0.16912971649851116, 0.16912972288472317]}