{"final_performance": 0.900619192735145, "time_steps": [303.4529962539673, 355.1201832294464, 406.78017497062683, 458.5432388782501, 510.03478813171387, 561.7620837688446, 613.2730276584625, 664.9234309196472, 716.5921540260315, 768.2830064296722, 819.9378881454468, 871.5009117126465, 923.0047709941864, 974.5398437976837, 1026.0066347122192, 1077.5241401195526, 1129.0426869392395, 1180.5669689178467, 1232.093775510788, 1283.6441869735718, 1335.3650660514832, 1387.0083951950073, 1438.53768324852, 1490.2039499282837, 1541.8367455005646, 1593.3124136924744, 1644.938278913498, 1696.438341140747, 1748.0981068611145, 1799.7355420589447, 1851.3594725131989, 1903.029649734497, 1954.7507846355438, 2006.3813633918762, 2057.973191022873, 2109.723547935486, 2161.3113095760345, 2212.893893957138, 2264.5281722545624, 2316.262248277664], "runtime": 2316.262248277664, "config": {"batch_size": 510.12930303774004, "log2_n_units_2": 5.3573197512547415, "log10_learning_rate": -0.1692427245803625, "log2_n_units_3": 7.02715398231076, "log2_n_units_1": 4.672593442518897}, "config_id": 191, "learning_curve": [0.9052631560909121, 0.899277603547824, 0.899793600173373, 0.9019607827067375, 0.900619192735145, 0.9019607827067375, 0.9020639818749929, 0.8973168199391741, 0.8985552093700359, 0.8985552093700359, 0.9019607827067375, 0.8972136205748508, 0.8977296168082639, 0.9019607827067375, 0.8972136205748508, 0.8972136205748508, 0.902992774389292, 0.9045407619131238, 0.9045407619131238, 0.899277603547824, 0.899793600173373, 0.9045407619131238, 0.9045407619131238, 0.9045407619131238, 0.899793600173373, 0.8972136205748508, 0.900619192735145, 0.8985552093700359, 0.8973168199391741, 0.899277603547824, 0.902992774389292, 0.8977296168082639, 0.8985552093700359, 0.8985552093700359, 0.9019607827067375, 0.8985552093700359, 0.9019607827067375, 0.9019607827067375, 0.899793600173373, 0.900619192735145]}