{"final_performance": 0.23783783780203926, "time_steps": [488.4837820529938, 728.5002684593201, 969.1106762886047, 1209.8870091438293, 1450.9786281585693, 1692.0460329055786, 1933.1628632545471, 2174.330548763275, 2415.2064571380615, 2656.022924423218, 2896.8628816604614, 3137.49626994133, 3378.2752797603607, 3618.745744228363, 3859.188812971115, 4099.611567497253, 4339.995823144913, 4580.488424539566, 4820.952126979828, 5061.318842887878, 5301.7010378837585, 5542.068362951279, 5782.3900401592255, 6022.452583551407, 6262.560152292252, 6502.770292520523, 6742.843684911728, 6982.900908708572, 7223.013942956924, 7463.014180183411, 7702.48499584198, 7942.2265610694885, 8181.831355571747, 8421.409801721573, 8660.600660085678, 8899.972778081894, 9139.323100566864, 9378.814490556717, 9618.171135902405, 9857.443061590195], "runtime": 9857.443061590195, "config": {"batch_size": 370.4456939976178, "log2_n_units_2": 9.034951579358255, "log10_learning_rate": -1.8792961505519683, "log2_n_units_3": 8.369251673054691, "log2_n_units_1": 5.661332870147924}, "config_id": 121, "learning_curve": [0.7432432445111098, 0.5862862898243798, 0.5065065114586442, 0.4211211226604603, 0.3878878906921104, 0.318418421127178, 0.34404404516573306, 0.33033032770510073, 0.2681681690392671, 0.257257256242964, 0.2423423418292293, 0.25805805568341855, 0.22842843002743196, 0.2453453496650413, 0.24524524035277195, 0.2357357320962129, 0.24454455463974567, 0.23713713442837747, 0.2611611617936028, 0.22722722424401176, 0.23003003553107937, 0.20720720732653586, 0.22772772665377017, 0.22872872926570753, 0.24504504380402736, 0.2201201187239753, 0.22602602508332992, 0.24384384464334563, 0.21201201279958093, 0.22582582411942653, 0.2207207194081059, 0.22222222442980166, 0.227927929825253, 0.24334334444116668, 0.22672672624941226, 0.21761762212823943, 0.20870871014065218, 0.2034034022578487, 0.20390390687518645, 0.23783783780203926]}