{"final_performance": 0.2364741614886693, "time_steps": [468.208860874176, 692.496503829956, 917.2203845977783, 1141.9180979728699, 1367.1319601535797, 1592.473551750183, 1817.748864889145, 2043.2423593997955, 2268.867610692978, 2494.5546610355377, 2720.4638707637787, 2946.249100923538, 3172.462663412094, 3398.64408493042, 3625.016897201538, 3851.26602435112, 4077.333018541336, 4303.928056716919, 4530.092408895493, 4756.231952905655, 4982.48445057869, 5208.936729669571, 5435.136790752411, 5661.350234508514, 5887.668677330017, 6113.826566934586, 6340.044119358063, 6566.2012276649475, 6794.170815706253, 7020.380208015442, 7246.757233142853, 7473.117086172104, 7699.418833732605, 7925.707786083221, 8151.924633741379, 8378.229610919952, 8604.402227163315, 8831.068865537643, 9057.216920375824, 9283.37166261673], "runtime": 9283.37166261673, "config": {"batch_size": 282.79325325239205, "log2_n_units_2": 8.245271764909969, "log10_learning_rate": -3.893740288554348, "log2_n_units_3": 9.738905419637518, "log2_n_units_1": 5.548949679332464}, "config_id": 183, "learning_curve": [0.41357649224145077, 0.35136778184345785, 0.3451874341283526, 0.3857142806053162, 0.32026342494147164, 0.3016210743359157, 0.294832832472665, 0.28328267676489693, 0.2818642377853393, 0.2700101341520037, 0.2617021271160671, 0.2721377951758248, 0.24356635808944704, 0.2482269559587751, 0.2442755818367004, 0.24549139227185934, 0.242249241897038, 0.24032421452658514, 0.24103343316486903, 0.23880446127482824, 0.24589665106364655, 0.23870313848767966, 0.23870314019066952, 0.24012158257620675, 0.2373860188892909, 0.23799391814640591, 0.2441742641585214, 0.2464032479694911, 0.23870313848767966, 0.2383991871561323, 0.23951366969517296, 0.23789260217121666, 0.23718338182994303, 0.23860182080950054, 0.23870313848767966, 0.23920972517558503, 0.23890577554702763, 0.23941236564091273, 0.23971630675452094, 0.2364741614886693]}