{"final_performance": 0.20958446794086028, "time_steps": [822.342248916626, 1399.4267535209656, 1976.848325252533, 2553.0919671058655, 3129.230805873871, 3703.7933111190796, 4277.826954841614, 4852.344838380814, 5431.003674983978, 6010.737549781799, 6588.674629449844, 7164.854072809219, 7740.265945672989, 8315.676962137222, 8891.151473760605, 9468.530564546585, 10046.332399129868, 10621.446939706802, 11194.935771465302, 11771.212964773178, 12346.992411613464, 12921.800443649292, 13498.47471666336, 14075.008693218231, 14650.43193769455, 15224.37211728096, 15799.45957159996, 16374.547540664673, 16949.509857416153, 17527.188734054565, 18105.215625047684, 18679.47151327133, 19252.940099477768, 19827.588139772415, 20402.178790807724, 20976.97214627266, 21554.103432893753, 22130.869283914566, 22705.55926680565, 23278.628415584564], "runtime": 23278.628415584564, "config": {"batch_size": 157.51180110153274, "log2_n_units_2": 5.195659608471868, "log10_learning_rate": -3.5783113301750555, "log2_n_units_3": 7.537450824254983, "log2_n_units_1": 9.335691850674646}, "config_id": 48, "learning_curve": [0.4458598702672928, 0.36518046591016984, 0.3292892490114484, 0.2847032622685508, 0.3109897867081657, 0.2804569810155838, 0.2735820412635803, 0.2608431870975192, 0.2563946985063099, 0.2679203275650267, 0.2549792755217779, 0.24244262017900986, 0.2740875510942369, 0.2478010313851493, 0.2523506208071633, 0.23536547687318587, 0.24224041473297842, 0.23293903328123544, 0.2311192003507463, 0.23779192708787467, 0.22940046257442903, 0.2803558764003572, 0.24325143912481884, 0.24598119467023816, 0.29026387229798334, 0.23627540327253793, 0.2459811918319218, 0.24304923273268197, 0.24062278535630965, 0.21797593434651696, 0.22849053995949886, 0.3549691590051802, 0.22950156340523375, 0.20938226249482894, 0.20665250694940962, 0.2090789533796764, 0.21676270734696157, 0.2102921803792318, 0.20776463027984382, 0.20958446794086028]}