{"config": {"log2_n_units_2": 5.969393822989313, "batch_size": 111.78974564154244, "log2_n_units_1": 6.907598306150694, "log2_n_units_3": 9.685824932748048, "log10_learning_rate": -3.9872506383674633}, "valid_loss": [1.1808325721157922, 1.054099545876185, 0.9820281147956849, 0.9704755312866635, 0.9396806041399638, 0.8722886121935315, 0.8161407381296157, 0.8629469950993855, 0.8250498692194621, 0.8366998265186946, 0.8710721770922343, 0.8882720765140322, 0.7943652490774791, 0.9469184385405647, 0.8149311711390813, 0.8554422173235151, 0.9358533408906725, 0.841864080561532, 0.7865953528218799, 0.9008703513277901, 1.1931892381774054, 0.8209636261065801, 0.8197499828206168, 0.8543558640612496, 0.8306673877769046, 2.239013683795929, 0.8327402462561925, 0.8050790737072627, 0.8205981506241693, 0.8306590265697903, 0.8366877390278711, 0.8692970580524868, 0.9029169738292694, 0.8927685548861821, 0.9025980280505286, 0.8318350334962209, 0.8274379154046376, 0.8409862385855781, 0.8531156569719315, 0.8572706292072932], "train_loss": [1.3757920011878013, 0.9651787853903241, 0.8029869255092409, 0.6764192343586021, 0.5793404638767242, 0.5007024738523695, 0.42455580122768877, 0.3602628241810534, 0.305995894016491, 0.26179716462890307, 0.21758135155671174, 0.17700050783654053, 0.14478220430513222, 0.11801980560024579, 0.09736512902503212, 0.08293752600956295, 0.07297406291796102, 0.057917200018548304, 0.0437744562772827, 0.034339534336080155, 0.05291578540992406, 0.06395802510798805, 0.021291742603191072, 0.014455027221184637, 0.010918898291937594, 0.030647586080400895, 0.10624226191753729, 0.01200879729585722, 0.007948116030699262, 0.006677333694339419, 0.00568345858482644, 0.004874974806120412, 0.0045104184750622755, 0.004010587133881118, 0.16277797206809433, 0.011347184585691948, 0.006215382969498427, 0.004664525656779814, 0.003887737626468556, 0.0033796289541189457], "config_id": 257, "time_steps": [433.6966063976288, 622.2861170768738, 810.8211042881012, 999.2583191394806, 1187.8156654834747, 1376.4372689723969, 1565.13898396492, 1753.8003578186035, 1942.7280025482178, 2131.5580480098724, 2320.92715215683, 2510.132721424103, 2699.1896612644196, 2888.2099599838257, 3077.3571496009827, 3266.4470047950745, 3455.6235473155975, 3645.162358045578, 3834.63764667511, 4023.930626630783, 4213.168765306473, 4402.274978637695, 4591.6595232486725, 4781.07791352272, 4970.044540882111, 5158.75979924202, 5347.793938398361, 5536.794110059738, 5725.684077978134, 5914.69256901741, 6103.692457675934, 6292.686480283737, 6481.8883538246155, 6670.946433544159, 6859.743153333664, 7048.81262588501, 7237.683645486832, 7426.624353170395, 7615.636878728867, 7804.56302189827], "runtime": 7804.56302189827, "learning_curve": [0.41361361742019653, 0.35945945911937294, 0.33123123380872943, 0.32002002133263485, 0.30470470454957754, 0.2919919914669461, 0.2712712738249037, 0.2780780798859066, 0.27247247232331173, 0.2724724729855855, 0.270470470852322, 0.2799799806541867, 0.25265265107154844, 0.28118118378851154, 0.24564564956559076, 0.25515515936745536, 0.2701701700687409, 0.24424424436357284, 0.2326326337125566, 0.2534534527195824, 0.302602603038152, 0.2308308336469862, 0.2269269267717997, 0.22862863077057738, 0.2231231225861443, 0.41771772205829616, 0.23103103372785783, 0.21711711684862778, 0.2191191163327959, 0.21771771377987337, 0.2154154161612193, 0.22122121983104281, 0.228628628121482, 0.22352352142333987, 0.23323323792881434, 0.21701702011956114, 0.21221221155590486, 0.21231231292088826, 0.21331331531206765, 0.2127127124203576]}