{"final_performance": 0.23343434135119123, "time_steps": [378.47605419158936, 505.58540892601013, 633.3903694152832, 761.3111708164215, 888.6241254806519, 1016.0065631866455, 1143.36296749115, 1272.1476385593414, 1399.9201896190643, 1527.3808460235596, 1654.6954686641693, 1782.1016931533813, 1909.6377651691437, 2036.9451217651367, 2165.1599414348602, 2293.7662489414215, 2422.5064504146576, 2551.164288520813, 2679.698468208313, 2807.5540595054626, 2935.1855235099792, 3062.586381673813, 3189.7690949440002, 3316.773240327835, 3443.6375188827515, 3570.5512635707855, 3697.6100006103516, 3824.517280101776, 3951.48996424675, 4078.4731788635254, 4205.694749832153, 4332.587357997894, 4459.622135639191, 4587.070620775223, 4714.654142141342, 4841.774100065231, 4969.086317539215, 5096.103920698166, 5223.304745197296, 5350.798648118973], "runtime": 5350.798648118973, "config": {"batch_size": 110.62660032313823, "log2_n_units_2": 6.204691609868885, "log10_learning_rate": -3.433673537762627, "log2_n_units_3": 5.278492091957677, "log2_n_units_1": 6.455865851210118}, "config_id": 58, "learning_curve": [0.4297979775402281, 0.33545454872979064, 0.33181818127632146, 0.2832323259777493, 0.27050505081812537, 0.2889898988935683, 0.31646464996867707, 0.26676767335997686, 0.27474747763739693, 0.24939393864737613, 0.2571717182795207, 0.2428282837073008, 0.2815151558982001, 0.25808080832163494, 0.26434343390994597, 0.24747474458482532, 0.25373737480905323, 0.2463636371824477, 0.27474747565057545, 0.24747475120756357, 0.25989899105495873, 0.24393939309649992, 0.2548484875096215, 0.2376767675081889, 0.25565656622250876, 0.25929292904006107, 0.311818183792962, 0.2793939431508382, 0.25494949618975327, 0.2553535342216492, 0.25454545550876195, 0.2818181839254167, 0.25232323341899443, 0.2533333367771573, 0.2803030285570357, 0.22747474577691817, 0.23454545074039035, 0.33010101318359375, 0.2663636393017239, 0.23343434135119123]}