{"final_performance": 0.897427982064309, "time_steps": [1074.5736787319183, 1893.416945695877, 2712.1984963417053, 3529.4717235565186, 4347.797709703445, 5163.868681669235, 5982.192190408707, 6799.664813041687, 7618.149844884872, 8438.034786462784, 9254.90862250328, 10075.18278336525, 10892.827946186066, 11710.546205043793, 12527.884054422379, 13344.767810106277, 14161.809049606323, 14981.99372291565, 15803.111687898636, 16622.06067752838, 17438.127484560013, 18256.18037223816, 19071.741675138474, 19889.76759982109, 20709.690757989883, 21527.076474666595, 22344.811364889145, 23163.32284927368, 23979.180758714676, 24797.251339673996, 25614.122555732727, 26431.082513809204, 27246.981541633606, 28065.07985138893, 28881.34822511673, 29698.24212384224, 30514.669103860855, 31331.03133702278, 32147.76671385765, 32965.26305246353], "runtime": 32965.26305246353, "config": {"batch_size": 360.42208235226127, "log2_n_units_2": 5.0451903465371775, "log10_learning_rate": -0.561969229859943, "log2_n_units_3": 9.14061040764062, "log2_n_units_1": 9.898310774644392}, "config_id": 73, "learning_curve": [0.8994855949724162, 0.9004115208431527, 0.8991769532914515, 0.8979423854638029, 0.897016459317119, 0.897016459317119, 0.904526747211262, 0.897427982064309, 0.8991769532914515, 0.8991769532914515, 0.897016459317119, 0.8985596691016797, 0.904526747211262, 0.8985596691016797, 0.904526747211262, 0.897427982064309, 0.897016459317119, 0.9030864180790054, 0.8985596691016797, 0.9030864180790054, 0.8985596691016797, 0.8991769532914515, 0.8996913565529717, 0.904526747211262, 0.904526747211262, 0.8979423854638029, 0.9019547309036609, 0.904526747211262, 0.9030864180790054, 0.8996913565529717, 0.8996913565529717, 0.9006172821477607, 0.8996913565529717, 0.9006172821477607, 0.8985596691016797, 0.8991769532914515, 0.9019547309036609, 0.8985596691016797, 0.904526747211262, 0.897427982064309]}