{"final_performance": 0.222938927244549, "time_steps": [334.52073073387146, 641.4997179508209, 946.6491277217865, 1250.7173688411713, 1554.915621995926, 1859.646659374237, 2163.677865743637, 2469.6197152137756, 2777.557591199875, 3083.430022239685, 3389.20694231987, 3695.4212498664856, 4001.683048725128, 4306.150567531586, 4605.2280814647675, 4903.819466352463, 5202.5365245342255, 5501.136377573013, 5799.799609899521, 6096.2779994010925, 6388.87739276886, 6681.278471469879, 6973.618428707123, 7265.945161819458, 7558.479909658432, 7850.8595497608185, 8143.294553995132, 8436.549580574036, 8735.071795463562, 9033.350811481476, 9331.365693569183, 9629.434449672699, 9927.670326709747, 10225.779312610626, 10523.947540044785, 10822.181970596313, 11120.518061161041, 11418.558992385864, 11716.59542965889, 12014.917303562164], "runtime": 12014.917303562164, "config": {"batch_size": 82.71057320233989, "log2_n_units_2": 8.295739905708963, "log10_learning_rate": -4.509430842807107, "log2_n_units_3": 6.948929685247062, "log2_n_units_1": 7.499171578655494}, "config_id": 20, "learning_curve": [0.3942753443540621, 0.34952630238099536, 0.36222535568820546, 0.32412819822957695, 0.30669219730314146, 0.3041725419769602, 0.2796815131321426, 0.3011489609056268, 0.28129409315172305, 0.2761539964636496, 0.2616407969766412, 0.2900624836771941, 0.2643620253594454, 0.2921789943679305, 0.255089699729415, 0.29570651202162435, 0.2591211450986626, 0.2734327720216483, 0.281798023822879, 0.25559362990797063, 0.26688167526702256, 0.31344486415878803, 0.2550896992368147, 0.2674863939442911, 0.2686958278506255, 0.3504333767023954, 0.2549889136937039, 0.2339246144964675, 0.24178592922273745, 0.23553718909744392, 0.3096149938165649, 0.23815762996673584, 0.22817980159412732, 0.22898609185021768, 0.2282805891076395, 0.23100181650524299, 0.3165692356992359, 0.23039710078357667, 0.22102398764003406, 0.222938927244549]}