{"final_performance": 0.20256410439809158, "time_steps": [472.9087448120117, 701.8542373180389, 930.7381284236908, 1159.5239024162292, 1388.5324566364288, 1617.5387523174286, 1846.301717042923, 2074.95037651062, 2303.617223262787, 2531.9245252609253, 2760.0690741539, 2988.0476789474487, 3215.9611406326294, 3443.6762709617615, 3671.330657482147, 3898.928390979767, 4126.3917989730835, 4353.766308069229, 4581.182493686676, 4808.548961877823, 5035.78867483139, 5262.995657205582, 5490.004202842712, 5717.084646224976, 5944.131135225296, 6171.263434886932, 6398.233815908432, 6625.353078126907, 6852.274530410767, 7079.388244390488, 7306.422096729279, 7533.25634598732, 7760.166960954666, 7987.039451599121, 8213.909887552261, 8440.68441581726, 8667.511215209961, 8894.31686592102, 9121.184463977814, 9347.912115335464], "runtime": 9347.912115335464, "config": {"batch_size": 325.26198418874856, "log2_n_units_2": 9.302009265317439, "log10_learning_rate": -2.0788418720081876, "log2_n_units_3": 4.695781377762708, "log2_n_units_1": 6.237924562609491}, "config_id": 235, "learning_curve": [0.5001025656859079, 0.445846152305603, 0.3526153882344564, 0.3172307729721069, 0.3119999984900157, 0.31661537686983743, 0.2685128172238668, 0.26738461256027224, 0.25066666404406235, 0.3102564136187236, 0.2592820445696513, 0.24605128169059753, 0.22635896801948552, 0.2315897425015767, 0.227487180630366, 0.23487179676691694, 0.24092307488123577, 0.22256410121917725, 0.23753845691680908, 0.23343589703241985, 0.22625640630722044, 0.21753845810890193, 0.23179487188657122, 0.2250256439050039, 0.21589743693669639, 0.217333334684372, 0.21569230755170188, 0.2341538528601329, 0.24574358661969498, 0.21415384610493982, 0.22061538100242617, 0.2074871758619944, 0.2242051243782044, 0.22461538116137192, 0.22430768807729085, 0.2489230692386627, 0.23620512485504153, 0.217846151192983, 0.20902564128239953, 0.20256410439809158]}