{"final_performance": 0.1865437181902604, "time_steps": [512.8799316883087, 772.8732514381409, 1032.5741539001465, 1292.4260561466217, 1552.1953539848328, 1811.9164681434631, 2071.6359305381775, 2331.6258685588837, 2591.635219335556, 2851.8841621875763, 3112.0017330646515, 3371.89781332016, 3632.134927749634, 3892.57631111145, 4152.807575941086, 4412.518304347992, 4672.578047990799, 4932.889966249466, 5193.122559070587, 5453.07777762413, 5713.486485242844, 5974.065336942673, 6234.169246912003, 6494.705025672913, 6754.62310385704, 7014.908021688461, 7274.85867524147, 7535.098845005035, 7794.881247282028, 8054.858305931091, 8315.24906873703, 8575.463568687439, 8835.190186738968, 9095.404859781265, 9355.362770557404, 9615.294332027435, 9874.973876953125, 10134.52674484253, 10394.182247161865, 10655.930259227753], "runtime": 10655.930259227753, "config": {"batch_size": 139.54960737619137, "log2_n_units_2": 7.587101571945217, "log10_learning_rate": -3.359744655487084, "log2_n_units_3": 5.669095981675312, "log2_n_units_1": 7.694150563464745}, "config_id": 171, "learning_curve": [0.4093626519324074, 0.30762995296800644, 0.40044584324662114, 0.28158881126994817, 0.29091093070070506, 0.2560543107314849, 0.22109635782913428, 0.24744148153654288, 0.23639679206928732, 0.24561758780143628, 0.3127976496454695, 0.2584861668062882, 0.2553450188166658, 0.27692775239407175, 0.23730874145534675, 0.23305299416394298, 0.30094234372528506, 0.2374100685119629, 0.24105785346366992, 0.2747998766496148, 0.229506532910844, 0.20549193990062664, 0.18674637230349256, 0.2116729130207653, 0.261323330268054, 0.2388286498230947, 0.20792379849393605, 0.18958353996276855, 0.18674637314299458, 0.1850238089830103, 0.1864423928126483, 0.2867565087869134, 0.2369034332288823, 0.20204680822264975, 0.1897861965945069, 0.1893808866890383, 0.18786097580278427, 0.18684770187861488, 0.1855304476240991, 0.1865437181902604]}