{"final_performance": 0.4239631372949352, "time_steps": [315.09443187713623, 379.1385326385498, 443.15308260917664, 507.14494729042053, 571.130423784256, 635.1661186218262, 699.1583523750305, 763.1516380310059, 827.173574924469, 891.2419669628143, 955.2341706752777, 1019.2477190494537, 1083.2147824764252, 1147.2301850318909, 1211.2302513122559, 1275.2440841197968, 1339.3938813209534, 1403.5532882213593, 1467.7602899074554, 1531.894832611084, 1596.0664973258972, 1660.2169506549835, 1724.3701403141022, 1788.433447599411, 1852.6127738952637, 1916.7589373588562, 1980.985252380371, 2045.1028759479523, 2109.3213922977448, 2173.5966601371765, 2237.75431060791, 2301.849929332733, 2366.115127801895, 2430.4823615550995, 2494.954138994217, 2559.4527468681335, 2623.859412431717, 2688.232720375061, 2752.6587488651276, 2817.0066261291504], "runtime": 2817.0066261291504, "config": {"batch_size": 434.9215608321902, "log2_n_units_2": 6.726566476764201, "log10_learning_rate": -5.266699343379366, "log2_n_units_3": 6.13292696691493, "log2_n_units_1": 4.681958199800827}, "config_id": 117, "learning_curve": [0.8615507907841516, 0.7662792996219967, 0.7078741749991542, 0.6719094385271487, 0.6438589432965154, 0.6213183713995892, 0.6046884409759355, 0.5905630147975425, 0.577439388503199, 0.5624123422995857, 0.5520937688972639, 0.5422760973805967, 0.5311560786288718, 0.5235423782597417, 0.5159286688203397, 0.5086155080276986, 0.5028050541877747, 0.4968944127145021, 0.4909837634667106, 0.48477258889571484, 0.4807653738104779, 0.4739531123119852, 0.46884391877962195, 0.46734121830567066, 0.46363454279692273, 0.46022840945617016, 0.45682228129843006, 0.45441795691199927, 0.4519134423007136, 0.44810659211614856, 0.44600280471470044, 0.4438990173132523, 0.4409937936326732, 0.4375876577004142, 0.4365858617036239, 0.4344820691191632, 0.43257864402688073, 0.42957323530445923, 0.42787016733832983, 0.4239631372949352]}