{"final_performance": 0.22635375518424838, "time_steps": [1264.136236667633, 2275.453218460083, 3287.091388463974, 4298.081323862076, 5309.046748638153, 6319.826826334, 7330.976667642593, 8342.023690462112, 9351.974066495895, 10361.897505998611, 11371.094633579254, 12380.084509134293, 13387.871139526367, 14395.863691568375, 15405.261979103088, 16411.26545071602, 17416.070491075516, 18420.189870357513, 19424.38669705391, 20428.532868385315, 21432.492136478424, 22436.399516820908, 23439.2677526474, 24441.774749994278, 25443.700103998184, 26446.05301618576, 27447.65960741043, 28449.636778831482, 29450.506357192993, 30451.162134885788, 31452.067263126373, 32452.606247663498, 33452.43375444412, 34453.19239807129, 35454.2408080101, 36454.57402873039, 37454.49885606766, 38454.69736504555, 39454.445509672165, 40454.69657969475], "runtime": 40454.69657969475, "config": {"batch_size": 193.92717215837501, "log2_n_units_2": 9.597165507318785, "log10_learning_rate": -2.494038579878004, "log2_n_units_3": 4.845741145330513, "log2_n_units_1": 9.201682438758088}, "config_id": 162, "learning_curve": [0.45697449761278486, 0.34806461427726, 0.3223610637234706, 0.3347556614408306, 0.30285481728759467, 0.25469877205643, 0.2551051495121974, 0.22411866164674943, 0.31494462840697346, 0.2239154705814287, 0.23031595641491465, 0.24108503729689357, 0.20593314895442882, 0.20755866695852843, 0.21233363829407037, 0.2550035481359444, 0.21355277884240242, 0.2302143643884098, 0.24961901762906247, 0.2178197678397683, 0.20959057410558068, 0.21792136220371017, 0.22218835821338734, 0.22970638906254492, 0.20928578400144393, 0.20065020463045902, 0.21111449891445688, 0.20044701356513828, 0.23478614348991245, 0.2106065235885919, 0.23092553311703257, 0.2152798935478809, 0.21385756076550955, 0.20745707376330502, 0.19983744738148712, 0.19303057941735957, 0.2261505652876461, 0.20959057293686212, 0.20705069630753759, 0.22635375518424838]}