{"final_performance": 0.23336734942027504, "time_steps": [694.8178310394287, 1137.0594716072083, 1579.5724058151245, 2022.0903975963593, 2464.650313138962, 2907.523465871811, 3350.6603548526764, 3793.9776573181152, 4237.129062175751, 4680.767296552658, 5124.202220201492, 5567.688623905182, 6011.52215385437, 6455.304648399353, 6899.166090488434, 7342.490529298782, 7786.066115617752, 8229.51047039032, 8673.100476264954, 9116.681241512299, 9560.616897821426, 10004.162529230118, 10447.596146345139, 10891.274542808533, 11334.760270357132, 11778.347111701965, 12222.049291849136, 12665.751534223557, 13109.265838384628, 13552.768865346909, 13996.595252275467, 14439.963743448257, 14884.169396400452, 15328.303940534592, 15772.456532716751, 16217.362242221832, 16661.523710012436, 17105.545793294907, 17549.62160539627, 17993.61636710167], "runtime": 17993.61636710167, "config": {"batch_size": 350.8379815010457, "log2_n_units_2": 9.900822703073253, "log10_learning_rate": -4.082400698018647, "log2_n_units_3": 8.882610806687618, "log2_n_units_1": 4.6421015072684195}, "config_id": 234, "learning_curve": [0.40040816792419975, 0.3692857154778072, 0.36132652844701496, 0.32459183675902226, 0.3252040828977313, 0.2839795904500144, 0.2972448979105268, 0.32153061458042687, 0.2870408190148217, 0.31357143180710934, 0.2641836702823639, 0.25255101493426735, 0.24551019924027584, 0.24744897655078346, 0.24500000689710888, 0.2398979599986758, 0.23938775062561035, 0.24204081509794506, 0.2415306121110916, 0.23530612460204536, 0.23693877458572388, 0.2402040851967675, 0.23704081135136745, 0.2415306142398289, 0.23877550661563873, 0.23948980229241512, 0.236836735691343, 0.24071428605488365, 0.23632652844701496, 0.23938775275434765, 0.2365306126219886, 0.23897959504808697, 0.23765305749007637, 0.23561224767139977, 0.23806122584002354, 0.2358163297176361, 0.23693877458572388, 0.23561224554266247, 0.23867346984999516, 0.23336734942027504]}