{"final_performance": 0.30742155692794104, "time_steps": [418.10572719573975, 599.647979259491, 781.5770134925842, 962.8822140693665, 1143.962563753128, 1325.180644750595, 1506.4721829891205, 1687.834186077118, 1869.1860961914062, 2050.446686029434, 2231.590143918991, 2413.171101808548, 2594.4820754528046, 2775.9317610263824, 2957.243877887726, 3138.6617493629456, 3320.058899641037, 3501.7123613357544, 3683.336591243744, 3864.996131181717, 4046.107987165451, 4227.640865325928, 4408.845904588699, 4590.124304294586, 4771.7950649261475, 4953.171773433685, 5134.71789932251, 5316.1293156147, 5497.803153038025, 5679.054909944534, 5860.488514661789, 6041.895951509476, 6223.306451320648, 6404.754769325256, 6586.272028923035, 6767.786051273346, 6949.033167600632, 7130.228928089142, 7311.252896785736, 7492.362390756607], "runtime": 7492.362390756607, "config": {"batch_size": 226.5985525370394, "log2_n_units_2": 6.272688592078371, "log10_learning_rate": -0.8797277401169499, "log2_n_units_3": 7.730730711911496, "log2_n_units_1": 7.340821738655267}, "config_id": 208, "learning_curve": [0.7837892198427157, 0.6807119853117249, 0.6568785221739248, 0.5082461820407347, 0.5103580091487278, 0.43372887914830993, 0.412811743942174, 0.4245776330882852, 0.4135156883434816, 0.4040627533739264, 0.35800482468171557, 0.3555913147601214, 0.35247385366396466, 0.39088898219845514, 0.3874698308381167, 0.3296460184183988, 0.3445293632420626, 0.3515687828714197, 0.32512067258358, 0.3434231687675823, 0.3413113436915658, 0.3202936432578347, 0.34080852974544873, 0.32562349330295215, 0.31878520006483246, 0.33849557556889276, 0.32552293213930994, 0.303197908130559, 0.3219026557423852, 0.3323612226681276, 0.3302494016560641, 0.3147626695307818, 0.2992759441787546, 0.3340707963163202, 0.2930410314689983, 0.33266290886835614, 0.3180812515995719, 0.3236122307452288, 0.3062147985805165, 0.30742155692794104]}