{"final_performance": 0.26187094088111607, "time_steps": [657.6093864440918, 1065.8000128269196, 1474.333503484726, 1883.124668121338, 2293.163414478302, 2703.362027168274, 3113.7693367004395, 3525.7000670433044, 3932.315132856369, 4336.726153850555, 4734.171867132187, 5131.61830163002, 5528.8813626766205, 5925.918571949005, 6324.1352553367615, 6722.381591796875, 7120.690249443054, 7518.698060035706, 7916.178758859634, 8308.981705904007, 8699.926846027374, 9091.709250688553, 9483.561069726944, 9874.78718161583, 10267.80041050911, 10659.616722106934, 11051.347177267075, 11442.948584318161, 11834.25117301941, 12225.61602807045, 12616.183606624603, 13006.32290506363, 13397.134448051453, 13787.831218957901, 14179.282352924347, 14570.731611967087, 14962.06524848938, 15353.325499296188, 15745.075929403305, 16136.91092824936], "runtime": 16136.91092824936, "config": {"batch_size": 176.55078050516775, "log2_n_units_2": 9.814705729883235, "log10_learning_rate": -4.704974850999341, "log2_n_units_3": 9.010207487300228, "log2_n_units_1": 4.224393973556536}, "config_id": 39, "learning_curve": [0.42228084430098534, 0.384943180850574, 0.3523741896663394, 0.362723212156977, 0.3526785746216774, 0.34973620091165813, 0.31970373541116714, 0.3334009721875191, 0.33218344194548466, 0.3216314954417092, 0.32081980471100124, 0.3216314922486033, 0.30874594300985336, 0.2978896115507398, 0.3022524395159313, 0.29413555562496185, 0.2967735369290624, 0.29088880121707916, 0.29088879908834187, 0.28490259817668373, 0.28165584589753834, 0.28398944650377544, 0.284496753343514, 0.27932223996945793, 0.29393263267619274, 0.28500406018325264, 0.27394480471100124, 0.2882508103336606, 0.28713474209819523, 0.27597402355500633, 0.27526379695960457, 0.27171266185385845, 0.27303165410246166, 0.2737418860197067, 0.2846996752279145, 0.310470777962889, 0.2812500010643687, 0.26288554817438126, 0.26075487158128197, 0.26187094088111607]}