{"final_performance": 0.17589212954044342, "time_steps": [601.6156220436096, 950.8741014003754, 1300.68057346344, 1650.6208035945892, 2001.0181667804718, 2351.5507390499115, 2702.1026611328125, 3052.767575263977, 3405.4578919410706, 3756.42671084404, 4107.728603839874, 4458.784135818481, 4809.757439851761, 5160.930709600449, 5507.775616645813, 5851.741804122925, 6195.816887140274, 6539.907528400421, 6884.06033372879, 7228.154383659363, 7572.279394388199, 7916.376620769501, 8260.383216619492, 8604.581976652145, 8948.740015506744, 9292.969769716263, 9637.19406747818, 9981.38793873787, 10325.616020202637, 10670.005923986435, 11012.601510763168, 11355.607599973679, 11698.862889051437, 12042.155888795853, 12385.746805429459, 12729.29840016365, 13073.989604234695, 13418.528180122375, 13762.20492053032, 14106.18547463417], "runtime": 14106.18547463417, "config": {"batch_size": 137.98113824579977, "log2_n_units_2": 7.54878247715141, "log10_learning_rate": -3.811898345328803, "log2_n_units_3": 9.859126631631316, "log2_n_units_1": 7.76955607830774}, "config_id": 26, "learning_curve": [0.35705596539709306, 0.31001622147030305, 0.33252230866087806, 0.2685523132483164, 0.267133010758294, 0.24036901940902078, 0.25973236064116156, 0.27362125201357734, 0.2542579116092788, 0.2365166288283136, 0.23763179282347358, 0.2075223036938243, 0.25790754540099037, 0.24614760610792374, 0.20458231369654334, 0.18846309681733453, 0.18390105747514296, 0.18298864364624023, 0.18227899322907126, 0.18075831151670885, 0.18065693063868415, 0.18106245083941352, 0.181974852250682, 0.1814679635895623, 0.18197485556205117, 0.18156933867269087, 0.18430656608608031, 0.1826845051513778, 0.17873073452048827, 0.18755068464411628, 0.27027575340535903, 0.20995539012882447, 0.19373479154374862, 0.17852797607580817, 0.17964314503802192, 0.17710867358578575, 0.178021085759004, 0.17548661347892547, 0.17629764394627678, 0.17589212954044342]}