{"final_performance": 0.2705050491624408, "time_steps": [864.4036626815796, 1490.4462306499481, 2116.5483021736145, 2739.8149383068085, 3361.940104484558, 3983.333179473877, 4603.956533193588, 5224.651880264282, 5846.070594072342, 6467.199885845184, 7087.031263589859, 7706.862966537476, 8326.196519851685, 8945.508068323135, 9564.803355693817, 10185.570802211761, 10805.484033346176, 11425.229685544968, 12044.350906133652, 12662.895184516907, 13283.931684017181, 13904.061439752579, 14521.613063335419, 15139.730144023895, 15757.038029432297, 16374.69741511345, 16990.874723672867, 17609.162343025208, 18225.037339687347, 18841.21898317337, 19456.709040164948, 20071.318448781967, 20686.303658246994, 21300.20976948738, 21915.319917678833, 22530.902370214462, 23145.890105724335, 23759.37810754776, 24374.144268751144, 24988.295825958252], "runtime": 24988.295825958252, "config": {"batch_size": 275.6021132209209, "log2_n_units_2": 4.5159893687032, "log10_learning_rate": -1.9245876305194045, "log2_n_units_3": 4.70544783890511, "log2_n_units_1": 9.581778114890637}, "config_id": 76, "learning_curve": [0.5381818206773864, 0.434848488205009, 0.37919192016124725, 0.3714141464895673, 0.34737374054061043, 0.3264646447367139, 0.305151512225469, 0.2939393917719523, 0.30727272894647384, 0.2846464630630281, 0.2796969728337394, 0.2760606043868594, 0.2858585913976034, 0.26858585410647917, 0.29707071185112, 0.2662626273102231, 0.2832323196861479, 0.26464646392398405, 0.2520202000935873, 0.2703030341201358, 0.26494949559370673, 0.2676767690314187, 0.26747474571069085, 0.2599999970859952, 0.2707070724831687, 0.27727272609869635, 0.29181818498505485, 0.26999999748335946, 0.25565656522909797, 0.30050505366590285, 0.2629292921887504, 0.26787879069646203, 0.25555555522441864, 0.2629292905330658, 0.2777777761220932, 0.2620202021466361, 0.27262626257207656, 0.275454549325837, 0.2665656523572074, 0.2705050491624408]}