{"final_performance": 0.1951219541270558, "time_steps": [561.6060163974762, 870.5499758720398, 1179.7290575504303, 1488.6135256290436, 1797.4962887763977, 2105.9827241897583, 2414.7246787548065, 2723.0633583068848, 3031.5942118167877, 3340.043709754944, 3649.17014670372, 3957.8767788410187, 4266.635956764221, 4574.7809908390045, 4883.38921046257, 5191.727918624878, 5500.246111392975, 5808.828811645508, 6117.212616920471, 6425.170711755753, 6733.779244422913, 7042.523114681244, 7351.5179624557495, 7660.610871553421, 7969.601644277573, 8278.000654220581, 8586.472528457642, 8894.847613811493, 9203.548296928406, 9511.92029094696, 9820.596926689148, 10128.84671664238, 10437.5297935009, 10746.179722309113, 11054.983360767365, 11363.945369958878, 11673.009489536285, 11981.663558006287, 12290.7883040905, 12599.699236869812], "runtime": 12599.699236869812, "config": {"batch_size": 243.441597058873, "log2_n_units_2": 5.304007732921305, "log10_learning_rate": -2.8363437954870623, "log2_n_units_3": 6.79914873876505, "log2_n_units_1": 8.376439745233295}, "config_id": 74, "learning_curve": [0.39937769639782794, 0.41955234074011083, 0.3064338070590321, 0.330723672378354, 0.2480176658165164, 0.2464117247883867, 0.24691358135967723, 0.24611061084561237, 0.2411924091781058, 0.2484191481660052, 0.2532369799730254, 0.23456789662198319, 0.26307338185426665, 0.22161998836005603, 0.2236274146452183, 0.2289471001159854, 0.22714041209802394, 0.23567198398636613, 0.2325604717905928, 0.22944895668727594, 0.2207166494392767, 0.23446752676149696, 0.24460503677042522, 0.23988757918520676, 0.2726086552550153, 0.22392853149553626, 0.2452072690172893, 0.22964970076956404, 0.21640067711109068, 0.21088025628066642, 0.20525945977466864, 0.20405500254979947, 0.19612566872340875, 0.195322696755572, 0.19431898506676282, 0.19492121295231146, 0.19451972624150715, 0.19451972624150715, 0.19351601455269796, 0.1951219541270558]}