{"final_performance": 0.1842906360442822, "time_steps": [346.2793893814087, 440.8189163208008, 535.5318176746368, 630.388266324997, 725.2970259189606, 820.2795698642731, 915.5168488025665, 1010.7952790260315, 1105.974324464798, 1201.2716779708862, 1297.042239665985, 1392.9249441623688, 1488.9706027507782, 1584.9653627872467, 1681.0172274112701, 1776.8933696746826, 1872.5603530406952, 1968.1813380718231, 2063.8717572689056, 2159.6867520809174, 2255.5192563533783, 2351.3107793331146, 2447.1359848976135, 2542.964129447937, 2638.7741544246674, 2734.630816936493, 2830.45437002182, 2926.3066234588623, 3022.1687173843384, 3118.13024020195, 3214.028401851654, 3309.998430967331, 3405.958888530731, 3501.8438808918, 3597.7985484600067, 3693.763525247574, 3789.748939037323, 3885.7357153892517, 3981.7347400188446, 4077.709532260895], "runtime": 4077.709532260895, "config": {"batch_size": 379.175008457794, "log2_n_units_2": 6.315691827277007, "log10_learning_rate": -2.7769809670003442, "log2_n_units_3": 9.224631206420275, "log2_n_units_1": 4.853271237609814}, "config_id": 153, "learning_curve": [0.5620052745709052, 0.4557540072844579, 0.37913537713197565, 0.3815709352493286, 0.33011974508945763, 0.26151816661541283, 0.29196266027597284, 0.26507002115249634, 0.24467221819437468, 0.24030850483820987, 0.24741222308232236, 0.21351735866986787, 0.24091739608691287, 0.22823219115917504, 0.21432920373403108, 0.20752993913797235, 0.27907447860791135, 0.21676476185138405, 0.1995128897520212, 0.18794397895152748, 0.18500101566314697, 0.1829713812241187, 0.18337730260995722, 0.18144915424860442, 0.1804343393215766, 0.18439211982947135, 0.18215952469752383, 0.18378322858076834, 0.1823624899754157, 0.18266692986855138, 0.18144915424860442, 0.18185507792692923, 0.18469656430757964, 0.1833773003174708, 0.18327582111725438, 0.18256544608336234, 0.18297137434665978, 0.18408767535136294, 0.18479804350779605, 0.1842906360442822]}