{"final_performance": 0.3172666240822185, "time_steps": [62.40908598899841, 119.06386303901672, 175.7763557434082, 232.43115282058716, 289.11263823509216, 345.8506672382355, 402.57818961143494, 459.2929754257202, 515.9508974552155, 572.5801959037781, 629.2806670665741, 686.0310387611389, 742.6143078804016, 799.2489292621613, 855.9140837192535, 912.6639053821564, 969.4126882553101, 1026.1112542152405, 1082.7559170722961, 1139.5487215518951, 1196.1104907989502, 1252.8874082565308, 1309.5640633106232, 1366.2026686668396, 1422.8657252788544, 1479.4952445030212, 1536.2037007808685, 1592.8660669326782, 1649.5473186969757, 1706.2632808685303, 1762.9030017852783, 1819.4547834396362, 1876.231659412384, 1932.8761150836945, 1989.5858879089355, 2046.1894738674164, 2102.6712069511414, 2159.4659333229065, 2216.2416083812714, 2272.9194700717926], "runtime": 2272.9194700717926, "config": {"batch_size": 447.03062840377186, "log2_n_units_2": 4.031163651159624, "log10_learning_rate": -3.2175558149778825, "log2_n_units_3": 4.479153913400178, "log2_n_units_1": 5.424545259841735}, "config_id": 13, "learning_curve": [0.549827132712711, 0.45962985537268897, 0.40807403217662463, 0.39058369669047266, 0.3900752473961223, 0.36200935461304407, 0.40858247063376685, 0.3663819405165586, 0.34563758156516333, 0.3491966670209711, 0.32255439866672864, 0.3254016664895144, 0.3395363038236444, 0.3390278572385962, 0.31991051543842663, 0.36292454329403967, 0.31269066713073035, 0.3312995704737577, 0.3429936874996532, 0.30069147998636414, 0.310860278931531, 0.32255440137603064, 0.31279234723611316, 0.2944885085929524, 0.32519828460433264, 0.33851942690936, 0.32428309863263916, 0.3211307661099867, 0.32479153708978137, 0.3383160423148762, 0.3032336722720753, 0.34004474228078674, 0.3222493393854662, 0.30130159854888916, 0.31025014953179797, 0.29947122660550207, 0.3188936412334442, 0.32031727108088404, 0.3318080062215979, 0.3172666240822185]}