{"final_performance": 0.3725135676444523, "time_steps": [910.7581815719604, 1570.4944014549255, 2230.5618562698364, 2891.095322370529, 3550.518352508545, 4205.340636730194, 4861.23370051384, 5518.6192371845245, 6175.918198108673, 6835.0499567985535, 7493.625947237015, 8149.442011833191, 8807.236990690231, 9463.485839605331, 10121.83006477356, 10779.723598957062, 11437.600370407104, 12094.786445379257, 12751.242260456085, 13405.587419509888, 14057.58998799324, 14712.851643562317, 15365.545928001404, 16022.586075544357, 16679.64010643959, 17335.397075891495, 17991.050158023834, 18644.892302513123, 19300.37036204338, 19955.05625104904, 20611.704806804657, 21269.073870420456, 21925.203576803207, 22581.81376004219, 23237.50565123558, 23891.6260099411, 24547.131502389908, 25203.891974925995, 25859.937125444412, 26515.894354104996], "runtime": 26515.894354104996, "config": {"batch_size": 158.90632087314165, "log2_n_units_2": 7.214483322994202, "log10_learning_rate": -0.5873771969089496, "log2_n_units_3": 8.649542755405996, "log2_n_units_1": 9.290594096731077}, "config_id": 44, "learning_curve": [0.9022503513547163, 0.8302190074371913, 0.7396021686376087, 0.6838456907915691, 0.5947357813517253, 0.5585694185325077, 0.5216998188268571, 0.5119549930095673, 0.5183845654366508, 0.4934699582675147, 0.4752863139387161, 0.4485633893618508, 0.4857343790077028, 0.46373317165980266, 0.43329314863871016, 0.4007434230002146, 0.41551135409445994, 0.4117942537580218, 0.3946152310522776, 0.3877838045831711, 0.41792244665206424, 0.3840667103964185, 0.3968253996637132, 0.3838657812466697, 0.38296162325238425, 0.3860759489119999, 0.4121961044886756, 0.39481615547149895, 0.3908981330811031, 0.37170986334482825, 0.3737191056448316, 0.3531243706506396, 0.3748241975193932, 0.3653807526543027, 0.3586497902870178, 0.3606590269103883, 0.3668876857984633, 0.3713080154524909, 0.371910794386788, 0.3725135676444523]}