{"final_performance": 0.1979919701814652, "time_steps": [319.05125999450684, 385.7204780578613, 452.49698090553284, 519.4190289974213, 586.4787936210632, 653.5117909908295, 720.627423286438, 787.6739859580994, 854.9783225059509, 922.3332116603851, 989.6473438739777, 1056.8740305900574, 1124.0733411312103, 1191.3104572296143, 1258.5339148044586, 1325.8277578353882, 1393.0505468845367, 1460.2751021385193, 1527.4084532260895, 1594.557228088379, 1661.7228286266327, 1728.7172095775604, 1795.8056275844574, 1863.0313620567322, 1930.205738544464, 1997.6379842758179, 2064.894681453705, 2132.126399755478, 2199.2665524482727, 2266.2948999404907, 2333.3549365997314, 2400.494384288788, 2467.747858762741, 2535.094803571701, 2602.4408643245697, 2669.6563591957092, 2736.9608311653137, 2804.2689373493195, 2871.4083664417267, 2938.599744081497], "runtime": 2938.599744081497, "config": {"batch_size": 498.93171636983254, "log2_n_units_2": 5.802454600167044, "log10_learning_rate": -2.253926226779474, "log2_n_units_3": 7.646724679367512, "log2_n_units_1": 5.019347477287745}, "config_id": 203, "learning_curve": [0.6091365471482277, 0.4862449750304222, 0.38755019903182986, 0.35873493850231175, 0.29608434438705444, 0.28544176816940303, 0.3072289198637008, 0.2598393619060516, 0.24959839284420016, 0.32289156317710876, 0.26757028698921204, 0.2672690749168396, 0.2520080268383026, 0.2527108430862427, 0.26405622661113737, 0.23273092210292812, 0.24056224524974823, 0.2319277107715607, 0.22339357435703278, 0.21295180618762966, 0.21255019605159764, 0.21295180320739748, 0.20321285128593447, 0.1985943764448166, 0.1977911621332169, 0.1975903540849686, 0.19759036302566524, 0.19779116511344907, 0.1979919701814652, 0.1988955795764923, 0.19708835482597353, 0.19929718971252441, 0.19819277226924892, 0.19728915393352509, 0.19869477450847628, 0.19819276928901675, 0.19769075810909276, 0.1990963846445084, 0.19718874990940094, 0.1979919701814652]}