{"final_performance": 0.48276563201631817, "time_steps": [288.4336829185486, 324.96126079559326, 361.7128269672394, 398.59748935699463, 435.38015031814575, 471.9750382900238, 508.9083752632141, 545.6637477874756, 582.4096763134003, 619.1640863418579, 655.9242076873779, 692.709676027298, 729.5385231971741, 766.356228351593, 803.0508153438568, 839.8305988311768, 876.5301697254181, 913.189168214798, 949.8104336261749, 986.6531386375427, 1023.4189496040344, 1060.0401327610016, 1096.8261060714722, 1133.6033186912537, 1170.2840275764465, 1207.1544497013092, 1243.8641531467438, 1280.6697263717651, 1317.4520282745361, 1354.1811065673828, 1390.9443678855896, 1427.7354202270508, 1464.5476334095001, 1501.2455480098724, 1538.2580256462097, 1574.853532075882, 1611.671674489975, 1648.290581703186, 1685.1357769966125, 1722.028437614441], "runtime": 1722.028437614441, "config": {"batch_size": 281.570831826931, "log2_n_units_2": 4.455604459472614, "log10_learning_rate": -4.954306310671604, "log2_n_units_3": 5.863904881106325, "log2_n_units_1": 4.0143944744691895}, "config_id": 341, "learning_curve": [0.8654804270182337, 0.785866802079337, 0.7351296382290977, 0.6997458049229213, 0.6760549068450927, 0.6581596331936972, 0.6433146911008017, 0.6315200805664063, 0.6197254717350006, 0.6140315183571408, 0.6063040188380651, 0.5980681257588523, 0.5914590758936746, 0.5857651242188044, 0.5799694989408766, 0.5716319254466465, 0.5650228781359536, 0.5599389944757733, 0.5543467232159206, 0.5490594821316855, 0.5433655330113003, 0.5403151997498103, 0.5358413841043199, 0.5330960835729326, 0.5278088467461722, 0.5240467701639449, 0.5195729579244341, 0.515302494594029, 0.5110320295606341, 0.5095068633556366, 0.5031011700630188, 0.5013726472854614, 0.49811896256038124, 0.4974072192396436, 0.49364514861788067, 0.4900864234992436, 0.4852058938571385, 0.4869344191891807, 0.48286730732236594, 0.48276563201631817]}