{"final_performance": 0.2514124280315334, "time_steps": [451.7157428264618, 667.889993429184, 884.0377123355865, 1100.1796197891235, 1316.5382480621338, 1532.2823266983032, 1749.2917079925537, 1964.8401701450348, 2182.0639605522156, 2399.0762810707092, 2614.398050069809, 2830.528760910034, 3046.521268606186, 3262.845775127411, 3478.8679423332214, 3694.5409224033356, 3910.7342069149017, 4126.964962482452, 4343.612208604813, 4560.172931671143, 4775.42197561264, 4991.409300327301, 5207.05411529541, 5423.460656404495, 5638.7487988471985, 5855.561287641525, 6072.9197909832, 6289.97824382782, 6506.521291017532, 6722.852211475372, 6939.479226589203, 7155.412015199661, 7373.669227361679, 7589.882464885712, 7806.00736117363, 8022.894742488861, 8239.29057431221, 8455.957761764526, 8671.322152853012, 8888.340664625168], "runtime": 8888.340664625168, "config": {"batch_size": 168.68509701798968, "log2_n_units_2": 9.450283844135551, "log10_learning_rate": -4.048710214068893, "log2_n_units_3": 5.4481669552897385, "log2_n_units_1": 5.24813792645878}, "config_id": 59, "learning_curve": [0.4071832137592768, 0.34715496281446034, 0.3845843369677916, 0.31941081507731295, 0.3107344649605832, 0.34856739589723496, 0.38115415532710184, 0.2861178416316792, 0.296711055909173, 0.30004035618345615, 0.30165455604003644, 0.30982647204803204, 0.32112590842327826, 0.2858151722762544, 0.2859160627348948, 0.2915657829430144, 0.27118643966771794, 0.2598870073334646, 0.280669895269103, 0.2754237308340558, 0.2590799038693056, 0.2675544760994992, 0.2929782109745478, 0.2667473776865814, 0.35694107968928446, 0.3025625489525876, 0.2496973346855681, 0.24969733266507166, 0.24909200910794538, 0.25100887831995045, 0.24808313179824315, 0.24868845636561765, 0.2470742524680445, 0.24737692081322105, 0.2487893458140098, 0.24899112168004955, 0.24798224538059555, 0.2486884583861141, 0.24919289855633753, 0.2514124280315334]}