{"final_performance": 0.21322007242001983, "time_steps": [694.1303768157959, 1137.0959451198578, 1581.1612193584442, 2023.1340942382812, 2465.61345243454, 2908.8586456775665, 3351.7488174438477, 3795.137876033783, 4239.370516300201, 4681.775905609131, 5125.788481235504, 5571.256143331528, 6014.130612850189, 6456.7649257183075, 6899.353992700577, 7342.02915430069, 7786.386886358261, 8229.112450838089, 8673.7581448555, 9118.293458223343, 9561.565118074417, 10006.590985536575, 10450.61115860939, 10895.345545053482, 11339.792717933655, 11783.742740869522, 12226.088146448135, 12669.740355491638, 13114.092230319977, 13559.628334999084, 14005.284430503845, 14449.4951877594, 14894.305931091309, 15337.55060005188, 15782.467195749283, 16226.05692434311, 16669.766055345535, 17114.04219341278, 17557.58064556122, 18002.386687994003], "runtime": 18002.386687994003, "config": {"batch_size": 508.2636355031997, "log2_n_units_2": 6.694015588580395, "log10_learning_rate": -3.8144244264734297, "log2_n_units_3": 9.181464151048548, "log2_n_units_1": 8.626837026510149}, "config_id": 56, "learning_curve": [0.45772897883465413, 0.35899296246076884, 0.3380646611514845, 0.3211769649856969, 0.2897844847879911, 0.27838788848174245, 0.2726895871915316, 0.29392870790080017, 0.2771446202930651, 0.3295690103581077, 0.2426440151114213, 0.26036054209658976, 0.25528387646926076, 0.23767095490505818, 0.23518442480187662, 0.2318690513309679, 0.24108993379693278, 0.23010775917454773, 0.23715292780022867, 0.2318690513309679, 0.22699959654557078, 0.22316619596983256, 0.22585993691494588, 0.22099048212954875, 0.23000415375358185, 0.22534190981011637, 0.21425612662967886, 0.22544551209399577, 0.21415252120871298, 0.2196436116569921, 0.2161210273441515, 0.22047244875054606, 0.2218193223601893, 0.21042272291685404, 0.21425612976676545, 0.21322007242001983, 0.20969748183300618, 0.2172606869747764, 0.21985081936183726, 0.21322007242001983]}