{"final_performance": 0.37994987646738687, "time_steps": [469.07301092147827, 679.2942545413971, 889.1697866916656, 1099.744849205017, 1310.3329303264618, 1518.8437502384186, 1726.8397538661957, 1935.7906320095062, 2146.0991003513336, 2356.183187484741, 2564.3872435092926, 2772.9325160980225, 2983.3985018730164, 3192.2233743667603, 3400.605090379715, 3613.527517557144, 3821.9045503139496, 4035.4425134658813, 4244.165157556534, 4452.164296865463, 4661.11755156517, 4875.226268768311, 5083.340439558029, 5290.250471353531, 5498.623285293579, 5707.6066908836365, 5915.752405881882, 6123.698363542557, 6332.255841970444, 6540.221297502518, 6753.97741651535, 6962.38312125206, 7171.416971206665, 7379.255270719528, 7593.133207082748, 7806.989794969559, 8014.633527994156, 8223.48635005951, 8430.590801239014, 8638.429241895676], "runtime": 8638.429241895676, "config": {"batch_size": 133.57211835559133, "log2_n_units_2": 5.811653874889321, "log10_learning_rate": -5.889537615814661, "log2_n_units_3": 9.934677216474043, "log2_n_units_1": 7.133155676855507}, "config_id": 82, "learning_curve": [0.7490726780891419, 0.6671679230531057, 0.6218546390533447, 0.5948872176806133, 0.5796491209665935, 0.5608020007610321, 0.5413533775011699, 0.5281202940146128, 0.5169924755891164, 0.5060651540756226, 0.49704259912172954, 0.4876190435886383, 0.47819548209508256, 0.47017543037732445, 0.4679699210325877, 0.45904761115709936, 0.4544360840320587, 0.4496240536371867, 0.44290726661682134, 0.4396992429097494, 0.43448621273040766, 0.43318295439084376, 0.42466165224711105, 0.4217543824513753, 0.41794485886891686, 0.4158395953973134, 0.4110275681813558, 0.40872180461883545, 0.40731829563776656, 0.4037092757225037, 0.40080200393994647, 0.3977944850921631, 0.39388471285502114, 0.392581451733907, 0.3914786990483602, 0.38656642119089757, 0.3860651644070944, 0.38225564241409304, 0.3819548916816712, 0.37994987646738687]}