{"final_performance": 0.3681472586650475, "time_steps": [474.7561717033386, 697.4309306144714, 920.4444921016693, 1143.5626435279846, 1367.1194236278534, 1590.6255376338959, 1814.1425700187683, 2037.559466123581, 2260.9971277713776, 2484.43616604805, 2708.1248342990875, 2931.829859495163, 3155.3650994300842, 3378.947667121887, 3602.435665369034, 3826.148316860199, 4049.9868648052216, 4273.767874002457, 4497.698529243469, 4721.449257612228, 4945.3425216674805, 5169.228405714035, 5393.039790391922, 5616.979359388351, 5840.825650930405, 6064.751218557358, 6288.578870296478, 6512.475331783295, 6736.384328126907, 6960.18284702301, 7184.026134252548, 7407.801045417786, 7631.66888999939, 7855.573818683624, 8079.560330867767, 8303.360174655914, 8527.185188055038, 8750.944751501083, 8974.801252126694, 9198.543032169342], "runtime": 9198.543032169342, "config": {"batch_size": 196.54225403174854, "log2_n_units_2": 8.320338080972448, "log10_learning_rate": -0.8169092160249702, "log2_n_units_3": 5.312426083241996, "log2_n_units_1": 7.116104938365934}, "config_id": 157, "learning_curve": [0.8021208477370879, 0.6927771121263504, 0.5888355345118279, 0.5433173284811132, 0.5317126868986616, 0.48289316366700563, 0.45318127730313473, 0.4357743134685591, 0.41996798445196715, 0.43207283113517014, 0.38035213830424286, 0.4183673426216724, 0.38895557557835303, 0.40546217852947763, 0.39305721895367496, 0.4726890816408045, 0.3754501798573662, 0.40396157900492347, 0.39695878356110814, 0.37054822024177103, 0.36914765951680206, 0.48469388134339275, 0.36994798043194943, 0.4164665820551854, 0.39835933961120307, 0.3928571413545048, 0.35684273990930293, 0.37374949922748646, 0.3668467425832561, 0.42236894719740925, 0.38945577892602656, 0.3750500188154333, 0.37174870219885137, 0.3769507805506388, 0.38465386044745353, 0.3695478182212979, 0.3858543412358153, 0.3885554203800127, 0.37484993771010755, 0.3681472586650475]}