{"final_performance": 0.260328920309294, "time_steps": [1122.4428045749664, 1989.2828660011292, 2853.6839513778687, 3715.631373643875, 4576.804764032364, 5435.899989366531, 6291.711298704147, 7147.8082847595215, 8000.037655353546, 8850.831213474274, 9698.372660398483, 10547.079729557037, 11394.542731046677, 12242.811489582062, 13089.761584997177, 13936.326472520828, 14784.221024036407, 15630.395008325577, 16476.200241804123, 17323.35015320778, 18171.62682414055, 19018.149501800537, 19865.095556497574, 20710.48504304886, 21556.47868657112, 22401.818724632263, 23251.042660713196, 24096.875090122223, 24942.988749742508, 25790.011286258698, 26636.16646718979, 27485.162898540497, 28331.2116522789, 29175.4369430542, 30020.9784784317, 30866.353896856308, 31711.932117700577, 32556.682093143463, 33400.68716144562, 34245.31646800041], "runtime": 34245.31646800041, "config": {"batch_size": 36.80946375767246, "log2_n_units_2": 5.286224066031668, "log10_learning_rate": -1.5920381391756724, "log2_n_units_3": 5.569532951077356, "log2_n_units_1": 9.929402558415154}, "config_id": 255, "learning_curve": [0.4679101463474522, 0.39871640659411456, 0.3514841575484844, 0.3534897710011754, 0.3148816699155401, 0.33032491179149504, 0.28309265822710117, 0.2846971530776592, 0.26403930944656206, 0.27928198954688943, 0.27787805926928877, 0.2967308476728653, 0.2657440825489884, 0.2617328511248427, 0.26083032512492654, 0.27527075736961637, 0.252105896223323, 0.2654432432746199, 0.2555154422129965, 0.26444043278263796, 0.2805856399587776, 0.25050140298660917, 0.25681909413113924, 0.2541115118278062, 0.25501403761254315, 0.2619334138687768, 0.2518050530757284, 0.26012835821089764, 0.24979943790160364, 0.2518050544743934, 0.2651423980828227, 0.2563176888851483, 0.2694544746987656, 0.2627356596802116, 0.2622342549721687, 0.25481347702040136, 0.25541516105620865, 0.2515042111116196, 0.2534095464200319, 0.260328920309294]}