{"final_performance": 0.3186891214414076, "time_steps": [553.4494292736053, 856.4372589588165, 1159.797080039978, 1463.0646588802338, 1766.3628478050232, 2069.554191827774, 2372.880110502243, 2676.4282507896423, 2979.6034939289093, 3282.9485251903534, 3586.019283771515, 3888.9608767032623, 4192.115469455719, 4495.250356435776, 4798.33607840538, 5101.443778753281, 5404.342166900635, 5707.672458648682, 6010.8605053424835, 6313.595907688141, 6616.888089895248, 6920.073106050491, 7223.230803489685, 7526.480998277664, 7829.875901937485, 8133.180272579193, 8436.339848279953, 8739.613923311234, 9042.697810411453, 9345.795077562332, 9648.889168024063, 9952.062789916992, 10255.242757320404, 10558.453600883484, 10861.577093839645, 11164.897532701492, 11468.117291212082, 11771.388848304749, 12074.766409158707, 12378.250804185867], "runtime": 12378.250804185867, "config": {"batch_size": 224.8221866969447, "log2_n_units_2": 7.192421813633337, "log10_learning_rate": -5.106081803404058, "log2_n_units_3": 4.8656974505604635, "log2_n_units_1": 8.081646092300442}, "config_id": 127, "learning_curve": [0.6117086044766686, 0.5342938303947449, 0.5021306824955074, 0.4790990298444574, 0.4565746736797419, 0.44216720624403516, 0.4223823046142404, 0.4156858805905689, 0.4026988622817126, 0.3950892890041525, 0.38717532835223456, 0.38676947626200586, 0.3781452910466627, 0.37459415468302637, 0.37155032564293256, 0.3634334409778769, 0.361302759159695, 0.3654626648534428, 0.3511566573923285, 0.3458806845274839, 0.34790990162979474, 0.34598214247009973, 0.3468952883373607, 0.3396915536035191, 0.34405438195575366, 0.3380681845274839, 0.33238636092706164, 0.332081978971308, 0.32863230732354254, 0.3341111974282698, 0.33279220353473316, 0.3254870162768797, 0.33035714517940173, 0.32568993080746045, 0.32021104205738415, 0.32021103663878003, 0.3181818195364692, 0.3219358758492903, 0.3177759701555426, 0.3186891214414076]}