{"final_performance": 0.27975206754424353, "time_steps": [435.35681414604187, 617.9582731723785, 800.2546064853668, 982.4676961898804, 1164.670833826065, 1346.9319610595703, 1529.1972448825836, 1711.4696505069733, 1894.118982553482, 2077.4597430229187, 2260.294721841812, 2442.697056531906, 2625.289155960083, 2807.7523806095123, 2990.4720594882965, 3173.1770515441895, 3356.209428548813, 3538.734361886978, 3721.031014919281, 3903.3779406547546, 4085.852404356003, 4268.440634489059, 4452.262313604355, 4634.847168207169, 4817.291339874268, 5000.045737981796, 5183.2185616493225, 5365.684496164322, 5548.224214553833, 5731.671757936478, 5915.212512969971, 6098.062276124954, 6280.535397052765, 6463.622030496597, 6646.813008546829, 6829.446855545044, 7012.347410202026, 7194.843640804291, 7377.544251203537, 7561.1898148059845], "runtime": 7561.1898148059845, "config": {"batch_size": 440.9996158861017, "log2_n_units_2": 6.233463665489137, "log10_learning_rate": -4.358102971817342, "log2_n_units_3": 9.78666850436159, "log2_n_units_1": 6.754030580778934}, "config_id": 198, "learning_curve": [0.47696280750361353, 0.4175619862296365, 0.38047520409930835, 0.36580579118295153, 0.34008264270695776, 0.3412190079689026, 0.3470041291280226, 0.32004132054068823, 0.31859503821893176, 0.3118801712989807, 0.30371900851076294, 0.3015495863827792, 0.30495867945931177, 0.2962809882380746, 0.2961776825514707, 0.3057851222428408, 0.29989669810641895, 0.2938016544688832, 0.30712810158729553, 0.2903925641016527, 0.28543388572606176, 0.2938016517595812, 0.2814049585299059, 0.27768595381216565, 0.2753099203109741, 0.2810950387607921, 0.27902893044731836, 0.27768595110286365, 0.2784090881997888, 0.2772727310657501, 0.2723140499808572, 0.28481404889713635, 0.27066115899519483, 0.267561982978474, 0.2700413194569674, 0.27386363798921753, 0.2740702385252173, 0.2805785076184706, 0.2688016539270227, 0.27975206754424353]}