{"final_performance": 0.41186543773202333, "time_steps": [502.4288971424103, 754.3778963088989, 1006.3324937820435, 1258.49547123909, 1510.7534627914429, 1763.4394125938416, 2016.471552848816, 2269.5884013175964, 2522.694803714752, 2776.11177110672, 3029.3429651260376, 3282.973822116852, 3536.5836701393127, 3790.256826877594, 4043.6572365760803, 4297.329639911652, 4551.078659772873, 4804.680574178696, 5058.445554733276, 5312.228282928467, 5565.880380392075, 5819.255736112595, 6072.92032289505, 6326.749732971191, 6580.459331512451, 6833.909226894379, 7087.502103567123, 7341.373492717743, 7595.1260821819305, 7848.546861410141, 8101.987720012665, 8355.473325252533, 8608.969944953918, 8862.745571136475, 9116.684184074402, 9370.454247236252, 9624.076979398727, 9877.639438867569, 10131.074131965637, 10384.729984998703], "runtime": 10384.729984998703, "config": {"batch_size": 292.82854643813096, "log2_n_units_2": 9.74406379392476, "log10_learning_rate": -0.4226210890559452, "log2_n_units_3": 7.268011143601941, "log2_n_units_1": 4.656887710404327}, "config_id": 126, "learning_curve": [0.8843674471273142, 0.7929089459426263, 0.7677276406218023, 0.721595490241752, 0.7011482671779745, 0.6766720396630904, 0.615128929124159, 0.5933722818599028, 0.6144238508799497, 0.5647663184825111, 0.5379734074368197, 0.49858984789427585, 0.4907332842840868, 0.49808622370747957, 0.46101933630073777, 0.4830781624597662, 0.4751208678764456, 0.49244560301303864, 0.443795325124965, 0.46545125105801755, 0.4434931506128872, 0.4360394810929018, 0.4136784865575678, 0.44439967853181506, 0.4349315043757943, 0.41921836839002724, 0.41609588791342345, 0.4045124895432416, 0.4377518155995537, 0.40874295199618615, 0.4071313440799713, 0.40692989615833053, 0.43160757247139425, 0.42556405768674965, 0.4445004033691743, 0.4140813876600826, 0.40692989615833053, 0.4223408576320199, 0.39776389914400434, 0.41186543773202333]}