{"final_performance": 0.2953805481946027, "time_steps": [305.24403166770935, 358.6680281162262, 412.4017913341522, 466.15363693237305, 519.9746446609497, 573.6471772193909, 627.404155254364, 681.0354645252228, 734.6451773643494, 788.3106801509857, 842.073748588562, 895.8063449859619, 949.6055662631989, 1003.2448108196259, 1057.050827741623, 1110.6629357337952, 1164.4340190887451, 1218.266661643982, 1272.1418812274933, 1326.1368999481201, 1379.9085462093353, 1433.6562042236328, 1487.5584135055542, 1541.4003579616547, 1595.0405793190002, 1648.8761258125305, 1702.60320687294, 1756.5054309368134, 1810.4284958839417, 1864.0261442661285, 1917.9346997737885, 1971.6825573444366, 2025.5813663005829, 2079.3115663528442, 2133.293782711029, 2187.1716046333313, 2240.957151889801, 2294.8414812088013, 2348.8508167266846, 2402.647069454193], "runtime": 2402.647069454193, "config": {"batch_size": 364.15743429007625, "log2_n_units_2": 4.60580416023517, "log10_learning_rate": -1.5206557459314824, "log2_n_units_3": 6.776319812419435, "log2_n_units_1": 5.021181319085909}, "config_id": 184, "learning_curve": [0.7687220159504149, 0.657407405199828, 0.5382580426004198, 0.46703296679037587, 0.4303011761771308, 0.4251119207452845, 0.39560439851548934, 0.34452584717008805, 0.3305860801979348, 0.33211233439268895, 0.3209198271786725, 0.3194953247352883, 0.3067765589113589, 0.32244606812795007, 0.3115588161680434, 0.32173382352899627, 0.3062678089848271, 0.29456654742912014, 0.3121693156383656, 0.3201058242056105, 0.29212454734025173, 0.3074888167557893, 0.31481481481481477, 0.3106430614436114, 0.3021978073649936, 0.27665853279608266, 0.28072853883107507, 0.2905982931454977, 0.2788970337973701, 0.2876475409225181, 0.30921855679264776, 0.28530728816986084, 0.3056573073069254, 0.3057590612658748, 0.29405779529500886, 0.2913105443671897, 0.29242979817920256, 0.29059829535307713, 0.2922262968840422, 0.2953805481946027]}