{"final_performance": 0.2436234833378541, "time_steps": [429.25022077560425, 606.6775772571564, 784.4282007217407, 962.9742212295532, 1141.3148083686829, 1320.0316941738129, 1497.4615263938904, 1675.3872673511505, 1853.0724155902863, 2030.797375202179, 2209.1859679222107, 2386.6869242191315, 2564.5941553115845, 2742.827654838562, 2921.3104269504547, 3100.1194264888763, 3278.3561398983, 3457.1373434066772, 3635.352359056473, 3813.706026315689, 3992.187306880951, 4170.2254683971405, 4348.258278131485, 4525.540823459625, 4702.896441936493, 4881.014082670212, 5058.35955286026, 5235.923539638519, 5413.490942955017, 5592.206463813782, 5772.568958520889, 5950.17014670372, 6127.342787504196, 6304.811928033829, 6482.1043400764465, 6659.467216253281, 6837.073209762573, 7015.0095682144165, 7193.469936132431, 7371.168204784393], "runtime": 7371.168204784393, "config": {"batch_size": 130.9455564540005, "log2_n_units_2": 8.964109765523018, "log10_learning_rate": -4.0482327945525265, "log2_n_units_3": 7.606116163837254, "log2_n_units_1": 4.284348522545309}, "config_id": 55, "learning_curve": [0.4068825825264579, 0.3683198313964041, 0.33755060481397725, 0.33502023784737833, 0.29817813634872437, 0.32925100702988475, 0.30860323811832224, 0.2858299589470813, 0.3300607259336271, 0.28927125271997955, 0.2970647702091619, 0.2850202400433389, 0.2734817776240801, 0.29251012206077576, 0.33633602685049957, 0.26882591216187723, 0.3036437207146695, 0.27682186114160634, 0.26639676250909505, 0.2669028326084739, 0.40293521473282257, 0.3087044491579658, 0.26133603406579875, 0.25141700239557974, 0.2477732771321347, 0.2476720637396762, 0.24959514329307952, 0.24908906927234253, 0.24868420942833547, 0.2469635645025655, 0.24858299682014862, 0.24929149762580272, 0.2532388646351663, 0.2483805676824168, 0.25030364488300527, 0.24676113301201874, 0.3614372391449777, 0.2636639664047643, 0.24655870309001526, 0.2436234833378541]}