{"final_performance": 0.23754520086865671, "time_steps": [447.98864936828613, 642.3563611507416, 836.203418970108, 1029.8038551807404, 1223.513248205185, 1417.3593776226044, 1613.051795244217, 1807.7259464263916, 2002.9962046146393, 2196.871723651886, 2392.3356046676636, 2585.683860063553, 2780.823640346527, 2974.2152490615845, 3168.2114837169647, 3363.1576302051544, 3556.538383245468, 3750.146040201187, 3945.9921996593475, 4140.923196077347, 4336.079810380936, 4530.430325984955, 4725.906385421753, 4921.48846578598, 5116.585946321487, 5310.069096326828, 5504.491158246994, 5698.59911108017, 5893.673600435257, 6086.555479764938, 6281.013297557831, 6475.053332567215, 6670.315978765488, 6863.58113861084, 7055.115751504898, 7249.340240240097, 7444.389171123505, 7638.749069929123, 7831.823583841324, 8024.551203012466], "runtime": 8024.551203012466, "config": {"batch_size": 131.93803141061352, "log2_n_units_2": 8.293244312083269, "log10_learning_rate": -4.187713697842523, "log2_n_units_3": 6.755700151808633, "log2_n_units_1": 6.4682056362929465}, "config_id": 61, "learning_curve": [0.40096424363161387, 0.3537565312887493, 0.335978303300707, 0.3226195260098106, 0.3109682594474993, 0.2995178793606005, 0.3160907986916994, 0.32271997003178843, 0.28475291085870647, 0.2666733657058916, 0.2764162350642053, 0.3095620752949464, 0.2903776631543511, 0.2952993174916819, 0.268883087917378, 0.27912816875859314, 0.28997588941925445, 0.2847529147800646, 0.30373643809243256, 0.2942949008000525, 0.2737042998012743, 0.2772197692017806, 0.2662715974606966, 0.2675773383755433, 0.27711932361125946, 0.3461229440413023, 0.2706910410993978, 0.24578144126816803, 0.24447569564769145, 0.24537967067015798, 0.24327039326492106, 0.2466854186434495, 0.25241060947117056, 0.24919646115679495, 0.24668541785917786, 0.25200883652034556, 0.32934913823479095, 0.3140819590342673, 0.2430695075737802, 0.23754520086865671]}