{"config": {"log2_n_units_2": 4.4194688106119235, "batch_size": 169.7307035951975, "log2_n_units_1": 4.758489622255415, "log2_n_units_3": 4.618057780479575, "log10_learning_rate": -0.6991888760504201}, "valid_loss": [2.306656170699556, 2.3109694295010326, 2.3074790178719216, 2.3184511863579185, 2.3095769316463146, 2.3175333031153276, 2.3108508506063687, 2.3071515075231, 2.3128004882295254, 2.3048484325408936, 2.3110516637058582, 2.311966257580256, 2.3080789396318337, 2.3212497153524625, 2.3150918645373846, 2.311871480133574, 2.312605279987141, 2.310934204166218, 2.315005209486363, 2.3106980202561718, 2.3159871747938254, 2.309815447209245, 2.3145232362262274, 2.3063706583895924, 2.319750806032601, 2.311847997924029, 2.3204949912378345, 2.311476856975232, 2.3174156738539873, 2.307946762796176, 2.3141077898316462, 2.3089616015806036, 2.3091816296011713, 2.31207333176823, 2.3136265479912193, 2.3137509984485174, 2.3112279358556713, 2.3102091490212135, 2.3119674820010947, 2.3050433942827127], "train_loss": [2.5863751152814447, 2.3121614749148742, 2.311556513026609, 2.31227390644914, 2.311790108680725, 2.3126090522539817, 2.313358953443624, 2.3125512246358193, 2.3129548592082525, 2.312900763447002, 2.3127700373277826, 2.313602519237389, 2.3137441358323825, 2.3118806319721674, 2.312957227230072, 2.3131283067040522, 2.3119426743458895, 2.3117167818344244, 2.310963040691311, 2.3129456265498014, 2.312522305270373, 2.314528701669079, 2.313792096356214, 2.3116796814789207, 2.3119633652396123, 2.3115385265673623, 2.313256516294964, 2.3152637077590166, 2.3122389296353876, 2.312925252874019, 2.3112142692177984, 2.312224902338901, 2.311496097152516, 2.3126443139577315, 2.312087636882976, 2.3137212133003495, 2.3117768653368547, 2.312855882159734, 2.313375814486358, 2.312910674992254], "config_id": 261, "time_steps": [304.1133906841278, 354.1861011981964, 404.1756615638733, 454.1876621246338, 504.23034286499023, 554.3360097408295, 604.3918573856354, 654.4674296379089, 703.821207523346, 753.1309840679169, 802.4837415218353, 851.8244919776917, 901.5931684970856, 951.7781054973602, 1001.9741630554199, 1052.0752935409546, 1102.1758153438568, 1151.7319934368134, 1202.302057981491, 1252.814779996872, 1303.3403372764587, 1353.8622777462006, 1404.4010980129242, 1455.0982022285461, 1505.7217111587524, 1556.397578239441, 1607.0959298610687, 1657.7621810436249, 1708.256008386612, 1758.7020349502563, 1809.1122109889984, 1859.5195274353027, 1910.0451550483704, 1960.6353809833527, 2011.2561461925507, 2061.8175604343414, 2112.436984062195, 2163.0434291362762, 2213.6478385925293, 2264.3522622585297], "runtime": 2264.3522622585297, "learning_curve": [0.9004111920751757, 0.9049242800575191, 0.8974024666694261, 0.9022164272176008, 0.8974024666694261, 0.9022164272176008, 0.898505666308989, 0.9004111920751757, 0.898505666561551, 0.8989068293723009, 0.898505666561551, 0.9049242800575191, 0.899608864622601, 0.9049242800575191, 0.9049242800575191, 0.9022164272176008, 0.9022164272176008, 0.898505666561551, 0.899608864622601, 0.898505666561551, 0.9018152639017267, 0.898505666308989, 0.9004111920751757, 0.8974024666694261, 0.899608864622601, 0.898505666561551, 0.898505666308989, 0.899608864622601, 0.9004111920751757, 0.8977033391089763, 0.899608864622601, 0.9018152639017267, 0.8989068293723009, 0.8977033391089763, 0.8977033391089763, 0.898505666561551, 0.8977033391089763, 0.9049242800575191, 0.898505666561551, 0.8977033391089763]}