{"config": {"log2_n_units_2": 8.884706770693803, "batch_size": 305.5551423931711, "log2_n_units_1": 6.99663519499853, "log2_n_units_3": 9.77261817493059, "log10_learning_rate": -2.73206795741313}, "valid_loss": [1.5587905198335648, 1.2745831198990345, 1.287479218095541, 1.3265970088541508, 0.9178947694599628, 0.8989239614456892, 1.0161103140562773, 0.8633056450635195, 0.7511075977236032, 0.8514458797872066, 0.9188418872654438, 0.7237621769309044, 0.985072398558259, 0.930920172482729, 0.7613948490470648, 0.8582001347094774, 0.8400106560438871, 0.7897540740668774, 0.7686866577714682, 0.7032739762216806, 0.6894316440448165, 0.6978933932259679, 0.7058882573619485, 0.7069490291178226, 0.7158866170793772, 0.720288036391139, 0.7244919836521149, 0.7308071609586477, 0.7346046082675457, 0.7396499812602997, 0.7454180382192135, 0.7451485376805067, 0.7505214996635914, 0.754359170794487, 0.7570799775421619, 0.7632080167531967, 0.76704959012568, 0.7688368987292051, 0.7740429118275642, 0.7800901718437672], "train_loss": [3.4208011891095693, 1.356077285213325, 1.0791877708362259, 0.9094308045984224, 0.7409042788825873, 0.6317595382228153, 0.5561440687143165, 0.45564515263069677, 0.3729407749785722, 0.2646015637931023, 0.199849269089808, 0.12535929969931378, 0.12401764362140466, 0.08267982995123353, 0.06879225265206272, 0.049646326475812276, 0.03353464097239589, 0.0220778493267548, 0.017719351110681323, 0.008130247990835372, 0.0015747293457566611, 0.0007048373686892642, 0.0005396282820667333, 0.0004403708022325975, 0.0003836790560957983, 0.0003330342710206555, 0.0002963060420050947, 0.0002653960204987168, 0.00023631203318910516, 0.0002097108555541779, 0.00018953581034909678, 0.00017452013907902553, 0.00015895435492595201, 0.0001446790959888657, 0.00013500597466357435, 0.00012308711596837495, 0.00011273588794585715, 0.00010408558136292997, 9.49834352017039e-05, 8.870425700958292e-05], "config_id": 259, "time_steps": [647.4462375640869, 1045.316635608673, 1443.841248035431, 1842.8842556476593, 2242.192273378372, 2641.649709701538, 3041.237939119339, 3441.093658924103, 3841.304523706436, 4241.222230911255, 4641.743525028229, 5042.2915234565735, 5443.281843423843, 5844.186393499374, 6244.969012498856, 6645.534630537033, 7045.788011789322, 7446.31044793129, 7846.736613035202, 8247.276232004166, 8647.901138067245, 9048.477308034897, 9449.426306724548, 9850.63376569748, 10251.496072530746, 10652.547004938126, 11053.399791240692, 11454.17410826683, 11855.17116189003, 12256.145701408386, 12657.18114233017, 13057.892319440842, 13458.70920753479, 13859.55679178238, 14260.260830640793, 14661.002403259277, 15061.445303440094, 15462.259331703186, 15863.279539585114, 16264.009221553802], "runtime": 16264.009221553802, "learning_curve": [0.5787909822538495, 0.4445696696639061, 0.4331967234611511, 0.41485656052827835, 0.30071720853447914, 0.29170081950724125, 0.308709017932415, 0.26106558181345463, 0.23165983706712723, 0.2448770496994257, 0.24190573953092098, 0.2047131136059761, 0.24293032847344875, 0.22694671899080276, 0.18801229633390903, 0.20399590209126472, 0.19252049177885056, 0.18586065992712975, 0.17479507997632027, 0.15727458707988262, 0.1527663916349411, 0.1540983561426401, 0.15338114649057388, 0.1542008239775896, 0.15307376720011234, 0.15348360687494278, 0.1527663879096508, 0.1523565575480461, 0.15297131054103374, 0.15245901234447956, 0.15307377092540264, 0.15245901234447956, 0.15194671787321568, 0.15133196860551834, 0.1525614745914936, 0.15194672532379627, 0.15174180269241333, 0.15225409157574177, 0.15174180641770363, 0.15153689123690128]}