{"final_performance": 0.20923359014771203, "time_steps": [1084.845216035843, 1917.443642616272, 2748.09698677063, 3578.6341881752014, 4408.65305519104, 5239.253285646439, 6068.932751893997, 6900.947610139847, 7732.922251462936, 8563.69527888298, 9395.90915465355, 10228.691724300385, 11060.430556297302, 11890.61946797371, 12721.855823040009, 13550.98593878746, 14382.286240577698, 15211.949047088623, 16042.840703248978, 16873.27854990959, 17702.18055987358, 18534.139255285263, 19361.622515439987, 20190.682752132416, 21017.08149266243, 21843.795487880707, 22671.160806655884, 23500.587682008743, 24331.545083522797, 25158.78152370453, 25984.49588251114, 26810.81630897522, 27635.78239440918, 28463.563274860382, 29290.949174165726, 30115.105481386185, 30940.99692964554, 31766.397791862488, 32589.668179273605, 33413.52905917168], "runtime": 33413.52905917168, "config": {"batch_size": 223.9039855685003, "log2_n_units_2": 7.29005747281498, "log10_learning_rate": -2.2980208314517894, "log2_n_units_3": 6.817797671275841, "log2_n_units_1": 9.665948968229355}, "config_id": 68, "learning_curve": [0.4849164323373274, 0.35191602327606897, 0.2965756153518503, 0.29830819368362427, 0.24765593219887128, 0.28220546787435363, 0.24357928877527069, 0.22431716322898865, 0.2374643290584738, 0.22757847607135773, 0.23715858161449432, 0.24092947623946448, 0.2232979996637865, 0.21504280512983154, 0.21799836917357007, 0.20923358879306098, 0.20352629098025232, 0.2125968215140429, 0.22390950132500043, 0.2251324870369651, 0.24836933748288592, 0.23175703124566516, 0.22289033775979827, 0.20138605887239625, 0.22859763692725787, 0.22248266908255487, 0.22462290796366602, 0.2041377939961173, 0.22003669224002143, 0.2165715464136817, 0.2019975510510531, 0.22992254116318445, 0.2070933512666009, 0.21290256489406933, 0.20546269552274188, 0.21901752867481927, 0.19669791514223267, 0.20413778722286224, 0.20974317328496417, 0.20923359014771203]}