{"final_performance": 0.3111773133277893, "time_steps": [634.7829701900482, 1015.7676627635956, 1396.955116033554, 1777.3186450004578, 2157.019907474518, 2536.839832544327, 2916.510201215744, 3296.21618103981, 3676.0139496326447, 4055.662703514099, 4435.354206800461, 4815.2631232738495, 5195.025084018707, 5575.368154764175, 5955.8517599105835, 6336.20445895195, 6716.654055595398, 7096.987363576889, 7477.154864788055, 7857.495313167572, 8237.782798051834, 8617.897314548492, 8998.461757421494, 9379.226687431335, 9759.578256845474, 10139.801195383072, 10519.985543727875, 10899.640947818756, 11279.464445590973, 11659.4035551548, 12039.220306634903, 12419.151377916336, 12799.024102210999, 13179.008643865585, 13558.636457204819, 13938.355534553528, 14318.328243732452, 14698.347134590149, 15078.225762844086, 15458.20810508728], "runtime": 15458.20810508728, "config": {"batch_size": 314.38308816058503, "log2_n_units_2": 6.550143866235937, "log10_learning_rate": -0.9843330180024541, "log2_n_units_3": 4.9485828250553325, "log2_n_units_1": 8.624465706989739}, "config_id": 151, "learning_curve": [0.8243271016305493, 0.6669406189072516, 0.6120813594710443, 0.6007807677791965, 0.49363056978871744, 0.4521265587499065, 0.41442366569272937, 0.4096979652681658, 0.38997329435040873, 0.3927470772497116, 0.3634682586116176, 0.4133963469536074, 0.38144648267376813, 0.3508321373693405, 0.38380933000195416, 0.33881241275418195, 0.33357304334640503, 0.33901787957837504, 0.3370659582076534, 0.319909599519545, 0.3145675005451325, 0.3402506709098816, 0.3471337633748208, 0.3242243701411832, 0.32103965359349407, 0.3193959266908707, 0.3196014031287162, 0.31867680049711655, 0.33110746260612245, 0.3344976402098133, 0.30285597232080275, 0.3122046474487551, 0.31333470344543457, 0.29915759448082213, 0.3139511000725531, 0.3176494759898032, 0.3178549447367268, 0.3140538354073802, 0.32134785575251423, 0.3111773133277893]}