{"final_performance": 0.3414194084877191, "time_steps": [109.15741753578186, 215.07428646087646, 320.9366180896759, 426.8142395019531, 532.6962268352509, 638.5324256420135, 744.4246289730072, 850.2951006889343, 956.2419152259827, 1062.1358814239502, 1168.0689318180084, 1274.057058095932, 1380.008103132248, 1485.935506105423, 1591.8909358978271, 1697.8056812286377, 1803.7344300746918, 1909.7061443328857, 2015.6983199119568, 2121.654166698456, 2227.6219913959503, 2333.646182537079, 2439.518117427826, 2545.43390250206, 2651.266325235367, 2757.1207406520844, 2862.9464333057404, 2968.771738767624, 3074.627096414566, 3180.499531507492, 3286.4388344287872, 3392.3460278511047, 3498.2329223155975, 3604.117203474045, 3709.941326379776, 3815.732989549637, 3921.543650150299, 4027.3435974121094, 4133.116915225983, 4238.895622491837], "runtime": 4238.895622491837, "config": {"batch_size": 116.24703628730262, "log2_n_units_2": 6.673317470692348, "log10_learning_rate": -5.319550232790129, "log2_n_units_3": 7.36363895218791, "log2_n_units_1": 5.724757089903591}, "config_id": 18, "learning_curve": [0.6829390555273656, 0.6115677633950877, 0.5647554120352102, 0.5342822764502015, 0.5111267022615256, 0.4917802703241969, 0.47985164128070656, 0.46361266700334325, 0.45439053552095277, 0.44496792381586026, 0.43514434716036154, 0.42672413691531785, 0.41890537288299823, 0.41218925354092617, 0.40517241629057155, 0.3997594211683717, 0.3967522011939869, 0.39334402493266174, 0.38813151488470476, 0.3850240582643554, 0.38372092884640363, 0.3795108254565749, 0.3759021689725477, 0.37419807772303737, 0.3684843619202458, 0.3659783463145412, 0.3641740153002184, 0.3640737776146379, 0.3625701700532159, 0.356856455636579, 0.35495188762975294, 0.3554530885330466, 0.35354851706083434, 0.35425020095913906, 0.3490376922973367, 0.3496391350446746, 0.3461307148600734, 0.3483360042405683, 0.343524461568788, 0.3414194084877191]}