{"final_performance": 0.25231388424124035, "time_steps": [409.1051285266876, 582.7316002845764, 756.4827673435211, 930.2626302242279, 1104.098465204239, 1277.7754051685333, 1451.57941198349, 1625.6767358779907, 1799.3926782608032, 1973.4925785064697, 2147.144134044647, 2320.7121574878693, 2494.183961868286, 2667.7384808063507, 2841.3720574378967, 3014.778244495392, 3188.1407368183136, 3361.533469438553, 3534.915808916092, 3708.4727354049683, 3881.8894395828247, 4055.7170736789703, 4229.745848894119, 4403.833736419678, 4577.9096965789795, 4751.541215181351, 4925.1503710746765, 5098.740677118301, 5272.416481733322, 5446.078303813934, 5619.58420753479, 5793.0921931266785, 5967.1973469257355, 6141.327426195145, 6315.3222551345825, 6489.722881555557, 6663.211576461792, 6837.65089058876, 7012.090234279633, 7186.11057472229], "runtime": 7186.11057472229, "config": {"batch_size": 71.4801032417283, "log2_n_units_2": 9.113057764875624, "log10_learning_rate": -3.9811526927861256, "log2_n_units_3": 6.505323903130249, "log2_n_units_1": 4.022102022259657}, "config_id": 102, "learning_curve": [0.39798793111528674, 0.3497987943036216, 0.3247484918151583, 0.3018108657428197, 0.35160966047218867, 0.3176056346723012, 0.30824949826513015, 0.31378269791603086, 0.30583501117570056, 0.337323944057737, 0.300704225897789, 0.3163983924048287, 0.286116703919002, 0.3357142874172756, 0.31428571513720927, 0.29567404602255143, 0.37494969900165287, 0.29225352236202784, 0.29587525725364683, 0.26317907656942097, 0.25975855248314994, 0.5707243461694036, 0.2890342082296099, 0.25241448751517703, 0.2524144870894296, 0.25935614066464563, 0.25372233561107094, 0.2560362190008163, 0.2977867228644234, 0.2772635860102517, 0.2528169044426509, 0.25301811184201917, 0.24969818932669507, 0.2503018136535372, 0.251509056346757, 0.25241448879241946, 0.25613682397774284, 0.5228370245013918, 0.30764587862151005, 0.25231388424124035]}