{"final_performance": 0.16156044933531022, "time_steps": [243.96834301948547, 483.20999002456665, 722.6337511539459, 961.941855430603, 1201.5325384140015, 1441.2379920482635, 1680.6593494415283, 1920.3828873634338, 2159.1171474456787, 2397.845965862274, 2636.7897849082947, 2875.625566482544, 3114.2711791992188, 3351.3327357769012, 3586.903571844101, 3822.047833442688, 4056.706519842148, 4290.746899604797, 4524.915195226669, 4759.210156202316, 4994.13507771492, 5228.66832780838, 5463.432438135147, 5697.666651725769, 5932.565058469772, 6166.730978012085, 6400.984358787537, 6635.089461326599, 6869.479353904724, 7104.494272470474, 7339.127649784088, 7573.587817430496, 7807.785584449768, 8042.252674341202, 8276.314242124557, 8510.66828918457, 8744.944267988205, 8979.190705060959, 9213.49758219719, 9448.096338510513], "runtime": 9448.096338510513, "config": {"batch_size": 272.2882674984421, "log2_n_units_2": 8.185866377306521, "log10_learning_rate": -3.028014053639904, "log2_n_units_3": 7.095685194639066, "log2_n_units_1": 7.13829033048739}, "config_id": 4, "learning_curve": [0.3641748378674189, 0.3344566954506768, 0.3002450979418225, 0.3801062090529336, 0.27103758189413285, 0.28216911686791313, 0.22089460492134094, 0.22926879260275101, 0.23907270696428085, 0.2653186271588007, 0.2717524502012465, 0.21200980742772424, 0.215379900402493, 0.22293709218502045, 0.26368463867240477, 0.2238562057415644, 0.21374592019451988, 0.22549019257227576, 0.18372140493657851, 0.16932189133432174, 0.1662581645780139, 0.16380718184842002, 0.16421567565864992, 0.16350081066290534, 0.162683818075392, 0.163194434510337, 0.16319443616602158, 0.1616625752713945, 0.16186682383219397, 0.1628880666361915, 0.16125407649411094, 0.16207107404867804, 0.16135620243019533, 0.16166257196002531, 0.1615604509909948, 0.1624795728259616, 0.16247957117027712, 0.16145833167764878, 0.1603349612818824, 0.16156044933531022]}