{"final_performance": 0.2151262255534072, "time_steps": [623.7415273189545, 997.1075248718262, 1370.451981306076, 1743.956461429596, 2117.6510076522827, 2491.239257335663, 2864.868541955948, 3238.514430999756, 3614.0947790145874, 3987.6248009204865, 4361.267132759094, 4734.521463632584, 5107.894637823105, 5477.898866415024, 5843.685024261475, 6209.484688282013, 6575.311864852905, 6941.074178695679, 7306.887486457825, 7672.59650182724, 8038.239996671677, 8403.933625936508, 8769.824608564377, 9135.687263250351, 9501.606580018997, 9867.59196138382, 10233.505849838257, 10599.561717748642, 10965.542347669601, 11330.560263872147, 11694.671503782272, 12059.894895792007, 12425.60429096222, 12790.719111204147, 13155.68090748787, 13520.975574970245, 13886.376909017563, 14248.640996217728, 14605.867961883545, 14963.046847343445], "runtime": 14963.046847343445, "config": {"batch_size": 61.5214566581307, "log2_n_units_2": 6.059442362095421, "log10_learning_rate": -4.122289624913425, "log2_n_units_3": 7.9899905861674245, "log2_n_units_1": 8.35060364132139}, "config_id": 28, "learning_curve": [0.41848537179590006, 0.33390325527249665, 0.3234436351097435, 0.3121794283024373, 0.2973951573020841, 0.27607362475131914, 0.2767776389794847, 0.2636025398055468, 0.27295585351487606, 0.26521170870658084, 0.2546515164931128, 0.27295585241785814, 0.2802977009784956, 0.22940762825538774, 0.2349391583284718, 0.2406718368910573, 0.26169165109564185, 0.22810017477515288, 0.23886151401543176, 0.23574374424167932, 0.24338731187984253, 0.24137584746249618, 0.25072916300018877, 0.2567635566179006, 0.22276979136320707, 0.255355532183969, 0.2586744489845323, 0.2373529153367493, 0.254249225730545, 0.23403399999887664, 0.25455094663643396, 0.21371819965678485, 0.21613195739640778, 0.21713768887373563, 0.23976667453906286, 0.2088906808864851, 0.21039927810247694, 0.21361762431501607, 0.45791009452445375, 0.2151262255534072]}