{"final_performance": 0.37769964283162893, "time_steps": [80.06667184829712, 141.0834424495697, 202.27048754692078, 263.2961280345917, 324.30750465393066, 385.68793272972107, 446.87678027153015, 508.2277948856354, 569.7154598236084, 630.7401156425476, 691.8737041950226, 752.9069149494171, 814.006266117096, 875.1590180397034, 936.1894431114197, 997.0140569210052, 1058.2426614761353, 1119.5971913337708, 1180.7495288848877, 1241.830337047577, 1302.8745291233063, 1364.221310377121, 1425.388607263565, 1486.7048242092133, 1548.0890276432037, 1609.1395857334137, 1670.1793320178986, 1731.6172063350677, 1792.7564504146576, 1853.9301645755768, 1915.2874093055725, 1976.1930611133575, 2037.2350044250488, 2098.2306866645813, 2159.745451450348, 2220.8066980838776, 2281.9620072841644, 2342.9861199855804, 2404.3622467517853, 2465.4360139369965], "runtime": 2465.4360139369965, "config": {"batch_size": 181.20095546557698, "log2_n_units_2": 4.263283084090931, "log10_learning_rate": -4.461251819016073, "log2_n_units_3": 4.321737548211933, "log2_n_units_1": 5.348396242840746}, "config_id": 6, "learning_curve": [0.7273731784387069, 0.6572576587850397, 0.616675037687475, 0.5849321950565685, 0.5578101439909502, 0.5375188329003073, 0.5215469587932933, 0.5039678514003754, 0.497237567468123, 0.4877950727939606, 0.47965846386822786, 0.47112003727392715, 0.46589653275229714, 0.45755900957367635, 0.4482169704003768, 0.4437970833344893, 0.4374686056917364, 0.434655945409428, 0.4296333508058028, 0.42350577061826533, 0.4210949204184792, 0.4202913078394803, 0.41386238011446863, 0.41155197945508093, 0.41486689556728706, 0.4073329947211526, 0.39999999133023345, 0.4004018046639183, 0.4005022569136186, 0.3964841745116494, 0.39367151477120144, 0.394876940683885, 0.3858362588015469, 0.3861376144669273, 0.3871421358802102, 0.38513308871876106, 0.3810145605694164, 0.38191862864927817, 0.3781014518304304, 0.37769964283162893]}