{"final_performance": 0.34467004776000976, "time_steps": [932.5420002937317, 1612.2513782978058, 2291.968453645706, 2971.7537298202515, 3651.59144449234, 4331.400767326355, 5011.851231336594, 5691.231307506561, 6370.998386383057, 7051.290675878525, 7731.247518062592, 8409.033863782883, 9087.31806898117, 9765.745412111282, 10445.667848110199, 11123.642614364624, 11804.285820007324, 12481.983054876328, 13160.64778637886, 13838.941799163818, 14517.423589468002, 15195.826658248901, 15874.001544475555, 16552.730509519577, 17231.998893022537, 17910.382013320923, 18588.496136426926, 19266.31754040718, 19944.99719619751, 20623.466773033142, 21301.523719787598, 21979.951220989227, 22659.033571720123, 23335.84583425522, 24013.09660053253, 24690.943336486816, 25371.508758544922, 26049.210718154907, 26727.552934646606, 27406.00923013687], "runtime": 27406.00923013687, "config": {"batch_size": 394.13843242411895, "log2_n_units_2": 6.858476476003954, "log10_learning_rate": -5.4233508086603255, "log2_n_units_3": 4.99050730411626, "log2_n_units_1": 9.438443816514837}, "config_id": 134, "learning_curve": [0.742131981253624, 0.6432487320899963, 0.5891370570659638, 0.5491370558738708, 0.5216243648529053, 0.5006091368198395, 0.48355329513549805, 0.47177665233612065, 0.4616243660449981, 0.44913705587387087, 0.4429441654682159, 0.4340101563930512, 0.4255837559700012, 0.42213197946548464, 0.4150253820419312, 0.41035533666610713, 0.4063959407806397, 0.40071065902709957, 0.3972588872909546, 0.39279187917709346, 0.3919796943664551, 0.38609136819839474, 0.38406090736389165, 0.38467004537582394, 0.3792893481254578, 0.37624365806579585, 0.3707614159584045, 0.3703553318977356, 0.36558375120162967, 0.36284264326095583, 0.3668020343780518, 0.35898477554321284, 0.3578680157661438, 0.3555329990386963, 0.35340101242065425, 0.35522842645645136, 0.3545177674293518, 0.34832486867904666, 0.34771573543548584, 0.34467004776000976]}