{"final_performance": 0.3349494910240174, "time_steps": [1038.328978061676, 1826.9815492630005, 2615.303959131241, 3405.6648786067963, 4195.197642326355, 4984.555314540863, 5773.559557437897, 6562.902106761932, 7342.151930093765, 8113.984940290451, 8881.262217998505, 9634.178853034973, 10388.204451084137, 11140.639506578445, 11894.519540309906, 12649.467257976532, 13403.33530664444, 14154.874319076538, 14907.489844560623, 15660.030283927917, 16411.261135578156, 17163.031359910965, 17914.67575931549, 18668.342351198196, 19421.304357290268, 20174.218650341034, 20924.987696886063, 21677.380667686462, 22431.542382478714, 23184.57943558693, 23939.195328712463, 24692.145480632782, 25446.041963100433, 26198.97337412834, 26955.446012735367, 27709.825840473175, 28464.847495555878, 29218.208747148514, 29973.49679684639, 30727.707490682602], "runtime": 30727.707490682602, "config": {"batch_size": 396.1284548327201, "log2_n_units_2": 4.787684353548064, "log10_learning_rate": -5.419047160610045, "log2_n_units_3": 9.552744131055329, "log2_n_units_1": 9.80101572091279}, "config_id": 23, "learning_curve": [0.6795959603786468, 0.6079797971248626, 0.5672727298736573, 0.5339393937587738, 0.5153535354137421, 0.49292930006980895, 0.4784848511219024, 0.46707070589065547, 0.4474747467041016, 0.4397979807853699, 0.4280808091163635, 0.42454545021057133, 0.4140404033660888, 0.4062626266479492, 0.40929292440414433, 0.39818181753158566, 0.39282827615737914, 0.38626262903213504, 0.3833333325386047, 0.38242424249649043, 0.379595959186554, 0.37575757741928095, 0.3691919231414795, 0.36808080434799195, 0.37262626171112057, 0.3620202016830444, 0.3612121224403382, 0.3576767635345459, 0.3532323265075683, 0.3497979784011841, 0.3470707082748413, 0.34333333730697635, 0.3569696998596191, 0.3425252556800842, 0.343030309677124, 0.3393939447402954, 0.33747474908828734, 0.3339393973350525, 0.33464647054672236, 0.3349494910240174]}