{"final_performance": 0.2670882263301332, "time_steps": [701.3782167434692, 1149.8731439113617, 1599.3353369235992, 2048.8904435634613, 2498.5000643730164, 2948.4672408103943, 3398.1193673610687, 3847.7017958164215, 4297.587724208832, 4747.3864142894745, 5197.138186216354, 5647.444227933884, 6097.924861907959, 6548.04017829895, 6998.489721775055, 7448.841173887253, 7899.320459604263, 8349.633651018143, 8800.332158088684, 9251.167245864868, 9702.338146686554, 10153.526468753815, 10604.060868501663, 11054.865120649338, 11506.36733675003, 11957.720546722412, 12408.631354808807, 12859.099116325378, 13309.47163772583, 13760.0760679245, 14210.579867839813, 14661.161381483078, 15112.410042524338, 15563.12018442154, 16013.546207666397, 16464.36651945114, 16914.73114514351, 17365.413361787796, 17816.131702661514, 18266.842401504517], "runtime": 18266.842401504517, "config": {"batch_size": 123.45214960672597, "log2_n_units_2": 7.371581768978278, "log10_learning_rate": -5.395823713498064, "log2_n_units_3": 9.80126274081219, "log2_n_units_1": 8.43170697267822}, "config_id": 195, "learning_curve": [0.5174144326168814, 0.45408009562963325, 0.42677908436751655, 0.3940580159793665, 0.37759711124278883, 0.3686640571664881, 0.3578239510088791, 0.3469838397002515, 0.3352403898298004, 0.3295192218121187, 0.32249322202470565, 0.3214895121845198, 0.3150657437465809, 0.3135601760428629, 0.3068352878829579, 0.3113520064471681, 0.3044263801456969, 0.30312154984768525, 0.2930844161245558, 0.29298404116689425, 0.29338552848792365, 0.2938873812004372, 0.2857573017661954, 0.28977215510827525, 0.2807387326970513, 0.2899728969291404, 0.2821439328017058, 0.2779283339594617, 0.2786309351155787, 0.27381311228245864, 0.2727090223335925, 0.2790324187573091, 0.27280939508367463, 0.2700993690961673, 0.2705008527378977, 0.268091939849618, 0.265381912390391, 0.26558265421125626, 0.27120345242229504, 0.2670882263301332]}