{"final_performance": 0.8977612698519671, "time_steps": [691.0195562839508, 1137.5857667922974, 1584.1219141483307, 2030.7577018737793, 2477.507815361023, 2924.318156480789, 3370.967843770981, 3817.4843003749847, 4263.915476560593, 4710.807824611664, 5157.3302845954895, 5603.945300102234, 6050.187638998032, 6496.664739370346, 6943.180200815201, 7390.065217494965, 7837.129755973816, 8284.064916610718, 8730.77788233757, 9177.545210123062, 9624.304568529129, 10071.42517876625, 10518.408868074417, 10965.69545340538, 11412.684465408325, 11859.665994167328, 12306.75067448616, 12753.784768342972, 13200.7453520298, 13647.806616306305, 14094.595556735992, 14541.603744029999, 14988.615686893463, 15435.5409886837, 15882.027966022491, 16329.811255455017, 16777.50623035431, 17225.39585208893, 17673.39306783676, 18121.54169034958], "runtime": 18121.54169034958, "config": {"batch_size": 359.45685422904387, "log2_n_units_2": 5.635031273754286, "log10_learning_rate": -0.3351155365949374, "log2_n_units_3": 5.804459378948775, "log2_n_units_1": 9.05443786864352}, "config_id": 112, "learning_curve": [0.8999277830675796, 0.8972454346992351, 0.8977612698519671, 0.8972454346992351, 0.9030227997788677, 0.9019911280936665, 0.9019911280936665, 0.9019911280936665, 0.8991024450019554, 0.9030227997788677, 0.9019911280936665, 0.8991024450019554, 0.9019911280936665, 0.9030227997788677, 0.8977612698519671, 0.8973486013710499, 0.8991024450019554, 0.8985866084694862, 0.9030227997788677, 0.8997214475163707, 0.8985866084694862, 0.9006499537715206, 0.9006499537715206, 0.8972454346992351, 0.9045703082724854, 0.8985866084694862, 0.9030227997788677, 0.8972454346992351, 0.9030227997788677, 0.9006499537715206, 0.8991024450019554, 0.9045703082724854, 0.8991024450019554, 0.9045703082724854, 0.9019911280936665, 0.9045703082724854, 0.8972454346992351, 0.8985866084694862, 0.8997214475163707, 0.8977612698519671]}