{"final_performance": 0.2822061230738958, "time_steps": [821.4325392246246, 1388.549340724945, 1958.4586973190308, 2527.1607735157013, 3096.917216062546, 3665.8960881233215, 4235.906806230545, 4806.7426674366, 5377.5110058784485, 5947.915401220322, 6517.9780378341675, 7088.416789531708, 7659.049153327942, 8228.545738220215, 8798.813843250275, 9369.33298611641, 9939.96657705307, 10510.142023563385, 11081.922275781631, 11654.131146669388, 12224.65302681923, 12796.300666570663, 13368.42702627182, 13939.51701951027, 14509.72831583023, 15080.990822553635, 15651.854129314423, 16222.064450979233, 16792.98792052269, 17363.69869685173, 17936.298852920532, 18508.305644750595, 19081.481984853745, 19654.002634763718, 20225.370990991592, 20795.597203969955, 21366.161524772644, 21937.713232517242, 22507.678817749023, 23079.108989715576], "runtime": 23079.108989715576, "config": {"batch_size": 207.62997895500453, "log2_n_units_2": 8.032200315722665, "log10_learning_rate": -5.598538437108432, "log2_n_units_3": 9.384933508295415, "log2_n_units_1": 8.650825952577362}, "config_id": 70, "learning_curve": [0.5573671509822209, 0.490438807134827, 0.4469605485598246, 0.43035426673789823, 0.40418679639697075, 0.38898953050374985, 0.3806360686818758, 0.3683574882646402, 0.3628220558166504, 0.3553743983308474, 0.35014090314507484, 0.3424919520815214, 0.33866746723651886, 0.34198872496684396, 0.33363526687026024, 0.33111916234095895, 0.3285024153689543, 0.322161835928758, 0.3168277020255724, 0.31954508647322655, 0.3109903410077095, 0.3064613565802574, 0.30585748950640357, 0.3088768136998018, 0.3034420311450958, 0.30303945640722907, 0.298007246106863, 0.29539050037662185, 0.29549114530285203, 0.29166666666666663, 0.2946859921018282, 0.29247181862592697, 0.29025765135884285, 0.2903582925597826, 0.2846215801934401, 0.28502415493130684, 0.28351449221372604, 0.2818035433689753, 0.2837157820661863, 0.2822061230738958]}