{"final_performance": 0.25671310226122535, "time_steps": [799.5582528114319, 1580.6385765075684, 2360.081069946289, 3139.9225645065308, 3919.014498233795, 4685.670608997345, 5443.691692829132, 6194.95662522316, 6933.620409011841, 7671.500123739243, 8410.646717786789, 9167.481650829315, 9922.871945142746, 10679.100761175156, 11434.993340015411, 12188.262613534927, 12928.265021800995, 13667.844005584717, 14410.732883930206, 15148.894880771637, 15886.225425243378, 16627.150936365128, 17365.04895710945, 18106.247640132904, 18845.455891132355, 19585.218267917633, 20322.850811481476, 21059.369156837463, 21797.972918748856, 22536.09753060341, 23274.684987545013, 24016.408451080322, 24754.923899412155, 25493.935460090637, 26232.765944719315, 26970.942808151245, 27707.914726495743, 28443.976540327072, 29184.100012779236, 29921.126093149185], "runtime": 29921.126093149185, "config": {"batch_size": 127.8268920041261, "log2_n_units_2": 4.711065156521632, "log10_learning_rate": -3.1425429258936557, "log2_n_units_3": 6.02884125431342, "log2_n_units_1": 9.84962354999987}, "config_id": 16, "learning_curve": [0.4099535632591981, 0.37098728540616155, 0.3169796084746336, 0.2822531782663785, 0.2848778512233343, 0.2823541301947373, 0.26731274448908293, 0.274581063252229, 0.2609529579297091, 0.2560064616875771, 0.24217646244244695, 0.25550171809318734, 0.2626690895129473, 0.2408641225252396, 0.23975368799307406, 0.24651726621847891, 0.2312739774202689, 0.24984857592827237, 0.24379164286148858, 0.24197456469902623, 0.2530789421154902, 0.2759943482203361, 0.23531193458116972, 0.2687260233438932, 0.23722996161534238, 0.24863719176023436, 0.253785585745787, 0.22713507368014407, 0.23460529171503508, 0.24621441501837515, 0.233999599248935, 0.2525741962286142, 0.2573187962556497, 0.25206945187006247, 0.24167171349892247, 0.2611548572014539, 0.24722390602796507, 0.2429840518878057, 0.23924894363452232, 0.25671310226122535]}