{"final_performance": 0.898730290367415, "time_steps": [316.81962490081787, 381.8254084587097, 446.8609426021576, 512.1920218467712, 577.6076331138611, 642.8788685798645, 708.355486869812, 773.7840642929077, 839.0951633453369, 904.636700630188, 970.0575995445251, 1035.1155626773834, 1100.4435367584229, 1165.8501834869385, 1231.1064820289612, 1296.607041835785, 1361.879013299942, 1427.0253179073334, 1492.3790490627289, 1557.6451742649078, 1622.9932379722595, 1688.0460135936737, 1753.078549861908, 1818.017305135727, 1882.9418370723724, 1947.6560099124908, 2012.3278985023499, 2077.055733203888, 2142.1610264778137, 2207.0759325027466, 2272.092988729477, 2336.9367702007294, 2401.8716344833374, 2466.610176563263, 2531.580765724182, 2596.594070672989, 2661.3019664287567, 2726.119024991989, 2791.1511030197144, 2856.321517944336], "runtime": 2856.321517944336, "config": {"batch_size": 257.9932305665711, "log2_n_units_2": 6.236254075843025, "log10_learning_rate": -0.1868113628207695, "log2_n_units_3": 5.849403614955265, "log2_n_units_1": 5.20806976467639}, "config_id": 239, "learning_curve": [0.898730290367415, 0.8995494590582032, 0.8973991417963254, 0.8982183107812154, 0.9022117571807221, 0.9026213409869295, 0.9022117571807221, 0.898730290367415, 0.8973991417963254, 0.8973991417963254, 0.9027237370610237, 0.8982183107812154, 0.898730290367415, 0.8995494590582032, 0.8982183107812154, 0.9027237370610237, 0.8992422713260901, 0.8982183107812154, 0.9042596783685057, 0.898730290367415, 0.898730290367415, 0.8971943496481368, 0.8982183107812154, 0.8995494590582032, 0.8992422713260901, 0.8995494590582032, 0.8992422713260901, 0.898730290367415, 0.9042596783685057, 0.8970919539661784, 0.9022117571807221, 0.8970919539661784, 0.9022117571807221, 0.8992422713260901, 0.9005734198971799, 0.8995494590582032, 0.9005734198971799, 0.8973991417963254, 0.8992422713260901, 0.898730290367415]}