{"final_performance": 0.4304388392539251, "time_steps": [495.0354173183441, 743.3867340087891, 992.613840341568, 1241.571424484253, 1490.3894159793854, 1738.867917060852, 1987.3580844402313, 2235.43692445755, 2483.849531888962, 2732.334065437317, 2981.087051153183, 3229.6418941020966, 3477.710936307907, 3726.1537351608276, 3974.3180210590363, 4222.48934340477, 4470.657739400864, 4719.350316286087, 4967.54708313942, 5215.651552915573, 5463.840963125229, 5711.956541776657, 5960.383859872818, 6208.95875120163, 6457.459874391556, 6705.8114693164825, 6954.013475894928, 7202.472741127014, 7450.750632762909, 7699.107807397842, 7947.571053504944, 8195.756428003311, 8444.395589590073, 8692.639122247696, 8940.922630786896, 9189.176728487015, 9437.592406511307, 9686.052315711975, 9934.368912935257, 10182.745927095413], "runtime": 10182.745927095413, "config": {"batch_size": 459.036978131567, "log2_n_units_2": 7.277783877817503, "log10_learning_rate": -0.4010312053248448, "log2_n_units_3": 9.755888402141263, "log2_n_units_1": 7.294442365765711}, "config_id": 105, "learning_curve": [0.8560016588086173, 0.8795518208117712, 0.8413735848097574, 0.8127399101143792, 0.7483141372601192, 0.7161531221298945, 0.6984126936821711, 0.6791160915579115, 0.6750700303486415, 0.6470588246981304, 0.644153961113521, 0.6065981998330071, 0.5911401609579723, 0.5793132072403318, 0.5622989918504442, 0.6102292807329268, 0.5389563214211237, 0.5017117928890955, 0.5282705639089857, 0.49341216683387756, 0.5174810645126161, 0.4866687329042525, 0.46892830587568735, 0.5425874023210435, 0.49953314236232216, 0.46892830587568735, 0.4738043262844994, 0.45077289569945567, 0.45035791397094727, 0.4531590314138503, 0.4737005829811096, 0.4259777948969886, 0.42597780057362145, 0.4393609222911653, 0.44776428313482375, 0.48117024416015264, 0.4187156330971491, 0.42442161128634504, 0.4129059002512977, 0.4304388392539251]}