{"final_performance": 0.40262136333867127, "time_steps": [511.3392262458801, 768.2574551105499, 1024.737186908722, 1281.1909172534943, 1536.9014205932617, 1792.9636409282684, 2049.0743684768677, 2305.436439037323, 2562.117561340332, 2818.2925136089325, 3074.7676050662994, 3330.9575803279877, 3587.602243900299, 3844.1027858257294, 4099.984526872635, 4356.223046064377, 4612.784917593002, 4869.055678129196, 5125.163980007172, 5381.555985689163, 5638.601944684982, 5894.876713752747, 6151.688793897629, 6408.161528587341, 6664.750022888184, 6921.457207202911, 7177.351761102676, 7433.364661693573, 7690.019091367722, 7946.369682073593, 8202.759356498718, 8458.846991539001, 8715.139598369598, 8972.067654371262, 9228.8231818676, 9485.537286043167, 9742.907362937927, 9999.16510272026, 10256.176462888718, 10512.839475154877], "runtime": 10512.839475154877, "config": {"batch_size": 257.06138954156654, "log2_n_units_2": 6.13347163548694, "log10_learning_rate": -0.5051492861884483, "log2_n_units_3": 7.553550533145996, "log2_n_units_1": 7.918086068010638}, "config_id": 89, "learning_curve": [0.8073929997259065, 0.7559901758244163, 0.6672127889959436, 0.6315789552111375, 0.5962523096486142, 0.5817120679114994, 0.5666598442353701, 0.552529187578904, 0.5197624485743673, 0.5527339797270925, 0.5068605487283908, 0.5052222115428824, 0.4956993790049302, 0.46887161935630595, 0.4647757763925352, 0.4493139723413869, 0.4503379315137863, 0.47091954083819143, 0.4599631632629194, 0.4506451189517975, 0.41081304926621287, 0.4272988171953904, 0.40917471208070455, 0.43692404737598023, 0.42688923289901337, 0.3969895792634863, 0.41767358623052897, 0.43078028214605235, 0.40896991993251597, 0.4557649218722394, 0.40548845341331086, 0.4185951508973774, 0.4047716808946509, 0.41490889222998373, 0.4170592090016917, 0.4182879626750946, 0.4097890885252702, 0.39094821089192444, 0.4053860573392165, 0.40262136333867127]}