{"final_performance": 0.3055835501714186, "time_steps": [737.1424753665924, 1222.4959166049957, 1707.7532818317413, 2193.5294060707092, 2679.216847896576, 3165.2764060497284, 3650.9863951206207, 4136.614740371704, 4622.473127603531, 5108.061922311783, 5593.553203821182, 6079.652244091034, 6565.492241382599, 7051.43989109993, 7537.054844856262, 8022.8663918972015, 8508.6356549263, 8995.478911876678, 9482.255061864853, 9969.078758001328, 10455.689617156982, 10942.393551826477, 11428.912142038345, 11916.084987401962, 12402.756280183792, 12889.39204120636, 13377.070910215378, 13864.018995523453, 14350.566329956055, 14837.446336269379, 15324.073871135712, 15810.709261417389, 16297.631401777267, 16785.901023864746, 17272.686803102493, 17759.18715071678, 18245.50913500786, 18732.172362089157, 19218.23835515976, 19703.89679479599], "runtime": 19703.89679479599, "config": {"batch_size": 451.9720173163651, "log2_n_units_2": 7.078565475969115, "log10_learning_rate": -4.4932127901826835, "log2_n_units_3": 4.3693206219971685, "log2_n_units_1": 8.881276493430192}, "config_id": 152, "learning_curve": [0.5239870995283127, 0.4571658941832456, 0.42481354420835327, 0.4056641784581271, 0.3815762942487543, 0.36454343795776367, 0.3878250365907495, 0.3745212717489763, 0.3447893587025729, 0.3675670271570032, 0.3403547622940757, 0.32886515151370654, 0.3409594812176444, 0.3511388816616752, 0.3344083861871199, 0.31848417899825354, 0.31374722719192505, 0.30276154388080945, 0.319693614136089, 0.31979439746249805, 0.2994355965744365, 0.3148558762940493, 0.31173150647770276, 0.3286635740236803, 0.30004032091660937, 0.3210038271817294, 0.32775649428367615, 0.3064906272021207, 0.29530336369167676, 0.3166700330647555, 0.3048780506307428, 0.3210038271817294, 0.3185849623246626, 0.298931666395881, 0.2992340245030143, 0.31173150918700476, 0.29439630020748486, 0.31142914566126734, 0.2951017943295565, 0.3055835501714186]}