{"final_performance": 0.2928951734846289, "time_steps": [429.6698565483093, 609.9380025863647, 790.1564900875092, 970.4365746974945, 1151.1353347301483, 1331.3915333747864, 1511.8518748283386, 1692.1341750621796, 1872.4066932201385, 2052.7097198963165, 2233.198737859726, 2413.6148319244385, 2594.031105041504, 2774.3389885425568, 2954.660836458206, 3135.1459350585938, 3315.569893836975, 3496.1067111492157, 3676.3669135570526, 3856.5994238853455, 4036.8926362991333, 4217.253813505173, 4397.788885116577, 4578.4931428432465, 4758.8938727378845, 4939.57917714119, 5120.13161110878, 5300.539067745209, 5481.006066083908, 5661.508745193481, 5842.1587970256805, 6022.500884056091, 6203.033634901047, 6383.559956789017, 6564.0076496601105, 6744.194538831711, 6924.50653219223, 7104.659891366959, 7285.0284242630005, 7465.484662294388], "runtime": 7465.484662294388, "config": {"batch_size": 444.2594593729853, "log2_n_units_2": 8.96217145650383, "log10_learning_rate": -4.3151042300027305, "log2_n_units_3": 5.207499524056702, "log2_n_units_1": 5.683577309679149}, "config_id": 119, "learning_curve": [0.4973382435061715, 0.4246519235047427, 0.39240377328612586, 0.38861588456413965, 0.35606060515750537, 0.3419328467412428, 0.3723382462154735, 0.34674447503956884, 0.3632268688895486, 0.33732597123492847, 0.31705569408156653, 0.3269860690290277, 0.30610155246474524, 0.31009418314153503, 0.33128582889383484, 0.3075348057530143, 0.34592547199942847, 0.3372235894203186, 0.30088042671030213, 0.2994471761313352, 0.307739566672932, 0.30763718214902014, 0.30436117811636487, 0.3005732975222848, 0.29985667087815027, 0.3075348030437123, 0.2920761677351865, 0.29821867563507776, 0.2875716632062738, 0.30159705606373877, 0.3019041825424541, 0.30661342902617017, 0.29985667358745227, 0.28900490836663684, 0.29258804158730944, 0.29688779603351245, 0.2928951653567228, 0.2955569272691553, 0.2868550284342333, 0.2928951734846289]}