{"final_performance": 0.17469136140964647, "time_steps": [390.0870747566223, 527.7189292907715, 665.3573920726776, 803.1203937530518, 940.966992855072, 1078.7884562015533, 1216.5063478946686, 1354.160846233368, 1491.5992341041565, 1628.8248734474182, 1766.2526352405548, 1903.6981627941132, 2041.0449526309967, 2178.314488887787, 2315.4901819229126, 2452.565315246582, 2589.589053630829, 2726.713855743408, 2863.863438606262, 3000.8963675498962, 3138.1020274162292, 3275.335135936737, 3412.379840373993, 3549.5075390338898, 3686.532156944275, 3823.746247291565, 3960.7993376255035, 4097.824640989304, 4235.019665002823, 4372.071940898895, 4509.226106405258, 4646.508657693863, 4783.737409591675, 4920.94712305069, 5058.063593149185, 5195.192173242569, 5332.297262907028, 5469.458214044571, 5606.632417917252, 5743.708342790604], "runtime": 5743.708342790604, "config": {"batch_size": 360.5200986304229, "log2_n_units_2": 8.760076244809193, "log10_learning_rate": -2.380167729199651, "log2_n_units_3": 5.986870646304076, "log2_n_units_1": 4.8228637964432535}, "config_id": 185, "learning_curve": [0.48415637788949184, 0.3995884789360894, 0.3163580254272178, 0.364506169601723, 0.26831275445443614, 0.2610082295205858, 0.23899176606425532, 0.2547325094540914, 0.2691358040880274, 0.23539094350956102, 0.22386831045150757, 0.24804526788217052, 0.23539094571714048, 0.21697530260792486, 0.21450616916020715, 0.22150205241309273, 0.22613168645788118, 0.20360081946408304, 0.19567901116830333, 0.19104937933109423, 0.17973250592196433, 0.18096708147614093, 0.1769547330008613, 0.17695473079328183, 0.17798354007579664, 0.17510288291507292, 0.17644033167097306, 0.17551440221292003, 0.17530864697915538, 0.17469135699448757, 0.17561727982980235, 0.17520576053195525, 0.17572015965426413, 0.17520576053195525, 0.17469135699448757, 0.17541152680361716, 0.17469135920206702, 0.17407408246287592, 0.1737654341591729, 0.17469136140964647]}