{"final_performance": 0.2663574798391499, "time_steps": [337.21931171417236, 422.82444047927856, 508.4919345378876, 594.1439116001129, 679.685553073883, 765.2800035476685, 850.8445534706116, 936.3257510662079, 1021.6717801094055, 1107.0642275810242, 1192.445184469223, 1277.8510735034943, 1363.3587732315063, 1448.7412202358246, 1534.1579942703247, 1619.7023360729218, 1705.114722251892, 1790.4882791042328, 1875.890306711197, 1961.4002845287323, 2046.8691108226776, 2132.2574784755707, 2217.634473323822, 2302.9698617458344, 2388.3968603610992, 2473.7133660316467, 2559.0775003433228, 2644.546234369278, 2729.998375892639, 2815.3564116954803, 2900.727724313736, 2986.0137598514557, 3071.39764547348, 3156.802448987961, 3242.2255144119263, 3329.3327627182007, 3414.713098526001, 3500.094931125641, 3585.4894387722015, 3670.9050421714783], "runtime": 3670.9050421714783, "config": {"batch_size": 91.04214682866396, "log2_n_units_2": 7.450249894723939, "log10_learning_rate": -3.722987936470325, "log2_n_units_3": 5.166239988864261, "log2_n_units_1": 4.501615965458573}, "config_id": 35, "learning_curve": [0.418893011611536, 0.364956123292993, 0.35971365964740787, 0.34257483591727156, 0.33521522376515445, 0.3417683030487201, 0.2834963032958704, 0.286218351727232, 0.2951910298898679, 0.3071882063095722, 0.29992941049260835, 0.2981147115383673, 0.3035588084010903, 0.3162617010807772, 0.31767313360074245, 0.2906542825042655, 0.3225123308120518, 0.2876297842471971, 0.3079947391781238, 0.2963000125841263, 0.29115836554711017, 0.2803709884302332, 0.31041433778377847, 0.2978122617126605, 0.286016718510094, 0.31081760421805427, 0.3631414240653362, 0.28097588808164686, 0.286117535118663, 0.30527269074676233, 0.34610341721718463, 0.28662161816150766, 0.2902510160699897, 0.28551263546724936, 0.2913599987642481, 0.3251335626348443, 0.314951085169381, 0.26968442792192515, 0.2649460473191847, 0.2663574798391499]}