{"final_performance": 0.2955010235309601, "time_steps": [308.14089369773865, 381.12703013420105, 453.99606490135193, 526.9812543392181, 599.9281995296478, 674.1391177177429, 747.7279989719391, 820.9058611392975, 895.1332550048828, 968.2102420330048, 1041.8323941230774, 1115.6918170452118, 1188.9796199798584, 1262.535804271698, 1336.5432777404785, 1410.2374601364136, 1483.792543888092, 1557.3606691360474, 1630.4779169559479, 1704.2224872112274, 1777.6969001293182, 1851.6136636734009, 1924.6582672595978, 1997.439198255539, 2070.895923614502, 2143.8352723121643, 2216.7275462150574, 2289.510354757309, 2362.443298816681, 2435.549545288086, 2508.5109498500824, 2581.450008869171, 2654.675014257431, 2728.067219734192, 2801.456430912018, 2874.4547374248505, 2947.6306002140045, 3020.6811470985413, 3093.826114177704, 3166.658685684204], "runtime": 3166.658685684204, "config": {"batch_size": 326.51256116315915, "log2_n_units_2": 6.732305744899536, "log10_learning_rate": -4.032179032748519, "log2_n_units_3": 6.388835540764584, "log2_n_units_1": 5.228928925788525}, "config_id": 159, "learning_curve": [0.49509202738602953, 0.4294478515783946, 0.4003067493438721, 0.36830266316731775, 0.35511247316996253, 0.35000000198682146, 0.3470347662766774, 0.33650306661923723, 0.3204498986403147, 0.3229038854440053, 0.3192229092121124, 0.31390593449274695, 0.31901840170224505, 0.31042944391568505, 0.3155419210592906, 0.3051124731699626, 0.2967280149459839, 0.3038854777812958, 0.3058282196521759, 0.3111451963583628, 0.2934560318787892, 0.3120654384295146, 0.3039877315362295, 0.29897750417391455, 0.30214723944664, 0.3060327152411143, 0.29366052548090615, 0.29703476627667746, 0.30122699340184533, 0.3089979588985443, 0.3037832319736481, 0.2916155457496643, 0.29192229111989343, 0.31359918514887497, 0.2978527585665385, 0.3027607381343842, 0.29151329199473064, 0.29570552508036296, 0.2991820116837819, 0.2955010235309601]}