{"final_performance": 0.32527919292449947, "time_steps": [326.1649765968323, 417.9392318725586, 509.76448130607605, 601.3822107315063, 692.5311768054962, 784.4381222724915, 875.526047706604, 967.0041191577911, 1058.5131878852844, 1150.0266778469086, 1241.9742233753204, 1333.9192056655884, 1425.769381761551, 1517.0612015724182, 1608.316180229187, 1700.551659822464, 1791.7979927062988, 1883.3883798122406, 1974.6900207996368, 2066.253251552582, 2157.8669939041138, 2249.4893803596497, 2340.9066922664642, 2432.8315165042877, 2524.663604259491, 2616.568019628525, 2708.2846410274506, 2799.6690866947174, 2891.322345495224, 2983.305848836899, 3075.088331222534, 3166.838411808014, 3258.164172887802, 3349.9152278900146, 3441.9658744335175, 3533.730553627014, 3625.1033997535706, 3717.434900999069, 3809.2302424907684, 3900.8877789974213], "runtime": 3900.8877789974213, "config": {"batch_size": 197.57331629669204, "log2_n_units_2": 4.990173877835589, "log10_learning_rate": -3.7984370928911146, "log2_n_units_3": 4.286023412700414, "log2_n_units_1": 6.225980588086385}, "config_id": 170, "learning_curve": [0.540812183022499, 0.4823350298404694, 0.43928934216499327, 0.39766497254371647, 0.39543147444725035, 0.3706598973274231, 0.36000000119209286, 0.36213198184967044, 0.3345177674293518, 0.3498477160930633, 0.3404060912132263, 0.339796953201294, 0.342639594078064, 0.3277157402038574, 0.3265989875793457, 0.33147208333015443, 0.32852791905403134, 0.3268020331859589, 0.31725888252258305, 0.31746193289756774, 0.325888329744339, 0.3157360422611236, 0.32873096466064455, 0.3366497468948364, 0.3092385816574097, 0.3081218278408051, 0.3425380718708039, 0.32233502984046936, 0.3249746227264404, 0.3411167526245117, 0.3043654835224152, 0.30923858404159543, 0.30345177888870234, 0.3143147194385528, 0.33350253582000733, 0.31502537965774535, 0.31177665472030636, 0.3454822301864624, 0.3043654847145081, 0.32527919292449947]}