{"final_performance": 0.32381829288270736, "time_steps": [320.4378573894501, 388.94011521339417, 457.432430267334, 525.9040377140045, 594.5363726615906, 663.0122447013855, 731.5378069877625, 800.1060936450958, 868.643711566925, 937.1053748130798, 1005.6175348758698, 1074.098628282547, 1142.669466495514, 1211.2099142074585, 1279.7517783641815, 1348.2342238426208, 1416.8130557537079, 1485.3372240066528, 1553.8827929496765, 1622.4339158535004, 1690.9460809230804, 1759.5794582366943, 1828.1862168312073, 1896.7463669776917, 1965.2777965068817, 2033.792119026184, 2102.4671490192413, 2171.029703617096, 2239.6012897491455, 2308.179443836212, 2376.735643386841, 2445.4012496471405, 2514.0081877708435, 2582.56836271286, 2651.109982252121, 2719.659492254257, 2788.213201522827, 2856.7895023822784, 2925.376508951187, 2993.9699997901917], "runtime": 2993.9699997901917, "config": {"batch_size": 362.9267323182593, "log2_n_units_2": 5.506889731821273, "log10_learning_rate": -3.76584997275447, "log2_n_units_3": 5.869273724489227, "log2_n_units_1": 5.510874733116118}, "config_id": 252, "learning_curve": [0.5223040691128484, 0.44730918937259245, 0.4171270683959678, 0.3766114204018204, 0.3694495580814503, 0.36372006380999533, 0.34131368884333857, 0.33691425455941093, 0.33271945405889436, 0.3366073259600887, 0.34417843156390715, 0.32289748280136676, 0.31573562710373493, 0.3433599317515338, 0.3181911221256962, 0.30315121456428806, 0.30202578173743355, 0.31021075999295267, 0.3175772428512573, 0.29517086346944177, 0.3011049738636723, 0.3016165318312468, 0.32596685268260817, 0.29967260360717773, 0.3151217522444548, 0.3096991954026399, 0.29803560619001035, 0.29588704639010954, 0.3012072819250601, 0.29834254141207095, 0.30795989875440244, 0.314303250224502, 0.2971147983162491, 0.30386740631527376, 0.2918968730502658, 0.2905668064400002, 0.31031307688465826, 0.29486392383222226, 0.3051974552649038, 0.32381829288270736]}