{"final_performance": 0.21208654265654714, "time_steps": [82.95292234420776, 144.7723970413208, 206.7944574356079, 269.1847071647644, 331.5510506629944, 393.9371645450592, 456.43785977363586, 518.9401800632477, 581.4821639060974, 644.160480260849, 706.8687746524811, 769.5818674564362, 832.334486246109, 895.0989384651184, 957.7592213153839, 1020.4438774585724, 1083.168815612793, 1145.9769294261932, 1208.859313249588, 1271.370036125183, 1333.982929468155, 1396.5302395820618, 1459.186402797699, 1521.8857436180115, 1584.5865194797516, 1647.3720297813416, 1710.1115527153015, 1772.763864517212, 1835.45760512352, 1898.1923830509186, 1960.832499742508, 2023.445121049881, 2086.0183963775635, 2148.6947667598724, 2211.3987872600555, 2274.1323115825653, 2336.9302089214325, 2399.612458229065, 2462.372281074524, 2525.0470023155212], "runtime": 2525.0470023155212, "config": {"batch_size": 506.27501026330526, "log2_n_units_2": 4.405749050584884, "log10_learning_rate": -2.38402372023532, "log2_n_units_3": 8.744343175551595, "log2_n_units_1": 4.828610376076771}, "config_id": 11, "learning_curve": [0.5928853765914315, 0.5104014967617236, 0.44216766482905334, 0.38111087523008647, 0.3967131282153883, 0.3774703552848414, 0.3153734081669858, 0.2957145822675604, 0.29654670075366374, 0.31266902622423676, 0.2863532304763794, 0.2652381940891868, 0.27980029269268636, 0.27241523014871694, 0.2667984209562603, 0.2628458550101832, 0.30143540156515025, 0.24765965813084656, 0.25774911830299774, 0.24152278272729166, 0.22623257574282196, 0.23517787142803792, 0.24495526991392436, 0.22706470050309835, 0.22924901623474925, 0.23621801326149383, 0.23434574980484812, 0.24204285207547638, 0.2581651744089628, 0.29176201632148346, 0.26315788846266897, 0.2407946774834081, 0.22550447363602488, 0.2234241774207667, 0.21208654265654714, 0.21281464476334422, 0.2111504046540511, 0.2139588186615392, 0.211358434275577, 0.21208654265654714]}