{"final_performance": 0.5191223853164249, "time_steps": [360.0405488014221, 469.0898816585541, 578.0799286365509, 687.128527879715, 796.1721374988556, 905.0462818145752, 1013.9150602817535, 1122.7885982990265, 1233.3132133483887, 1342.2254824638367, 1451.233285188675, 1560.1099874973297, 1668.9873073101044, 1778.0483939647675, 1887.0784196853638, 1996.0662937164307, 2104.9267950057983, 2213.644894838333, 2322.4853415489197, 2431.4891033172607, 2540.3921341896057, 2649.3818185329437, 2757.9508576393127, 2866.5191011428833, 2975.194054365158, 3083.9990911483765, 3192.8159952163696, 3301.6511948108673, 3410.5875720977783, 3519.475352525711, 3628.406251192093, 3737.292783975601, 3846.115440607071, 3955.057104587555, 4063.93572974205, 4172.754946708679, 4281.574416875839, 4390.492148399353, 4499.397223234177, 4608.196111679077], "runtime": 4608.196111679077, "config": {"batch_size": 368.511601398621, "log2_n_units_2": 8.541121026458748, "log10_learning_rate": -5.859089077492837, "log2_n_units_3": 4.469195399382409, "log2_n_units_1": 4.037794644384509}, "config_id": 194, "learning_curve": [0.8726851865649223, 0.8167270532360783, 0.766505632687498, 0.7335950053400464, 0.7096417049566905, 0.6948470219417855, 0.6785426713802196, 0.6646537824913308, 0.6551932339315061, 0.6442230266553384, 0.6354669895437028, 0.6285225473068379, 0.6193639293864921, 0.6118156181441413, 0.6077898564162078, 0.6027576503930269, 0.5963164247848369, 0.5902777766739881, 0.5859500809952065, 0.5814210927044904, 0.5750805150579523, 0.5701489547888439, 0.5656199664981276, 0.5619967833713249, 0.5571658611297607, 0.5525362337077105, 0.5501207764501925, 0.5450885682194322, 0.5416666666666667, 0.5395531411524173, 0.5369363912829646, 0.5354267292552524, 0.5349235093152082, 0.532910626243662, 0.5306964538715504, 0.5277777788815675, 0.5242552348860987, 0.5233494341373444, 0.5221417038529008, 0.5191223853164249]}