{"final_performance": 0.2515515365579106, "time_steps": [369.7443838119507, 485.27736830711365, 600.7874701023102, 716.1494426727295, 831.6185989379883, 946.8188796043396, 1062.18781042099, 1177.5399541854858, 1292.910455942154, 1408.250224351883, 1523.6414983272552, 1638.841234445572, 1754.1935992240906, 1869.591600894928, 1984.9341790676117, 2100.2996871471405, 2215.834360599518, 2331.064535856247, 2446.4942071437836, 2561.8596000671387, 2677.3263189792633, 2792.7735381126404, 2908.114361524582, 3023.408456325531, 3138.7254333496094, 3254.1902487277985, 3369.5110664367676, 3484.7803449630737, 3600.251343011856, 3715.5714449882507, 3830.874507188797, 3946.230928182602, 4061.5717630386353, 4176.963466882706, 4292.257468223572, 4407.552502632141, 4523.015775680542, 4638.42576789856, 4753.870889902115, 4869.195165634155], "runtime": 4869.195165634155, "config": {"batch_size": 45.329305457387655, "log2_n_units_2": 5.822145947001408, "log10_learning_rate": -4.1000253278533725, "log2_n_units_3": 7.6449843223713465, "log2_n_units_1": 6.010337579116175}, "config_id": 104, "learning_curve": [0.4160159949783806, 0.379379358646032, 0.3411411216130128, 0.3415415215868134, 0.303803785695686, 0.3223223032446595, 0.30010008234698493, 0.28438436743375417, 0.2868868697870959, 0.28438436743375417, 0.28188186508041246, 0.30420418607222066, 0.30320318513088396, 0.2955955779767251, 0.27457455834289923, 0.30140138343647793, 0.2905905732700417, 0.27017015406677314, 0.2831831663041502, 0.267167151242763, 0.2734734571731843, 0.2660660502072927, 0.27667666018546166, 0.26396394823048563, 0.276576560091328, 0.2693693533137038, 0.2787787621622687, 0.30390388578981964, 0.27887886225640235, 0.2596596441827379, 0.28458456762202156, 0.27017015406677314, 0.30540538720182475, 0.2925925754212044, 0.2807807640449421, 0.2544544392877871, 0.2546546394760544, 0.2613613457830103, 0.253253238158183, 0.2515515365579106]}