{"final_performance": 0.21072796432451268, "time_steps": [641.2045164108276, 1027.741721868515, 1414.1878077983856, 1800.1872162818909, 2185.7662868499756, 2571.210134267807, 2956.3269670009613, 3340.79575920105, 3725.133443593979, 4108.973841428757, 4492.822243690491, 4876.156858682632, 5258.984655857086, 5641.763108730316, 6024.240597963333, 6406.696863651276, 6789.066437005997, 7170.948520183563, 7552.5949919223785, 7933.901579141617, 8315.603476285934, 8696.796296834946, 9077.621615171432, 9458.620162725449, 9839.20381641388, 10220.395804405212, 10601.585849285126, 10982.236636400223, 11362.519776582718, 11742.686043262482, 12122.690823316574, 12502.752085447311, 12882.833310365677, 13262.834876775742, 13642.645924329758, 14022.33589220047, 14402.064413547516, 14782.195063829422, 15162.048936843872, 15541.870288848877], "runtime": 15541.870288848877, "config": {"batch_size": 114.44402070322111, "log2_n_units_2": 8.675535924348232, "log10_learning_rate": -1.9049635881342866, "log2_n_units_3": 6.576406419761694, "log2_n_units_1": 7.99630939911828}, "config_id": 136, "learning_curve": [0.4827586227449877, 0.4062310953934988, 0.2977414829977627, 0.28322242731335523, 0.2626537605263721, 0.239967737389707, 0.2611413632316151, 0.23361564710222438, 0.22807017208515912, 0.22696107762983475, 0.2116354114707859, 0.247630570126676, 0.2361363186233345, 0.23966525272391304, 0.22928009362056334, 0.2139544226657385, 0.21758418932728385, 0.22897761580587805, 0.227162734530438, 0.2141560788812309, 0.21405525180115093, 0.22847348383103294, 0.21294615734582656, 0.21576930531140026, 0.2204073379779684, 0.23532970335291725, 0.20649324408892933, 0.2139544240359602, 0.21718088032185345, 0.22776769221514126, 0.21939906854739133, 0.21294615940115913, 0.21002218024484043, 0.22968340262599374, 0.20649324340381836, 0.22857430680044766, 0.21939907197294561, 0.20871143162935635, 0.2169792282170263, 0.21072796432451268]}