{"final_performance": 0.1925150293570298, "time_steps": [325.89051723480225, 403.24631357192993, 480.60003209114075, 558.1549308300018, 635.5662984848022, 712.9668507575989, 790.4292705059052, 867.7883706092834, 945.2020010948181, 1022.4525136947632, 1099.8595645427704, 1177.260766506195, 1254.506101846695, 1332.0230379104614, 1409.3319442272186, 1486.6451473236084, 1563.919849395752, 1641.300152540207, 1718.6586005687714, 1795.9699265956879, 1873.2629508972168, 1950.7912831306458, 2028.1462297439575, 2105.605956554413, 2182.9699449539185, 2260.2900285720825, 2337.627183198929, 2414.996171951294, 2492.4676718711853, 2569.6340205669403, 2646.9120831489563, 2724.0555238723755, 2801.291514635086, 2878.640128135681, 2955.9159824848175, 3033.0869421958923, 3110.4518098831177, 3187.859363794327, 3265.2144248485565, 3342.641865491867], "runtime": 3342.641865491867, "config": {"batch_size": 371.4305178961001, "log2_n_units_2": 6.648689632634985, "log10_learning_rate": -2.277023040932287, "log2_n_units_3": 5.956812037415642, "log2_n_units_1": 5.453443106527613}, "config_id": 124, "learning_curve": [0.49139540126690495, 0.3879328278394846, 0.32583454022040736, 0.31391250170194185, 0.27876839729455805, 0.2774206950114324, 0.28332987198462856, 0.2356417156182803, 0.2826041854344882, 0.24113622307777405, 0.2599004805088043, 0.23823346770726717, 0.25191789865493774, 0.24362429976463318, 0.22133526435265172, 0.2892390650052291, 0.25575368450238156, 0.21376735888994658, 0.22382334562448358, 0.21604810540492714, 0.23139125108718872, 0.25585734844207764, 0.2348123582509848, 0.22817748326521659, 0.2208169217293079, 0.24756375642923212, 0.23730043952281654, 0.23522704151960516, 0.2262077537866739, 0.22434169741777277, 0.22724445508076596, 0.21926186405695403, 0.2071324907816373, 0.19883889647630548, 0.19521044997068548, 0.19448475654308617, 0.19282604410098148, 0.1933443867243253, 0.19303337885783267, 0.1925150293570298]}