{"config": {"log2_n_units_2": 6.783507066045173, "batch_size": 487.23218615652405, "log2_n_units_1": 6.198445547614842, "log2_n_units_3": 6.361733796429519, "log10_learning_rate": -3.4982705855340352}, "valid_loss": [1.2154701769351959, 1.2368420720100404, 0.9695342183113098, 0.9824325501918793, 0.9025397360324859, 0.8838310778141022, 0.8447152078151703, 0.9100200116634369, 0.8977552443742752, 0.8754043132066727, 0.8465061664581299, 0.8485346108675003, 0.8869384407997132, 0.8538419723510742, 0.8494132578372955, 0.8895116329193116, 0.8634838223457336, 0.9051347315311432, 0.9945621937513351, 0.8397458076477051, 0.88878935277462, 0.8616658210754394, 0.855052238702774, 0.8816456407308578, 0.9284220635890961, 0.8788505405187607, 0.9128693461418151, 0.902567008137703, 0.9617476552724838, 0.9317826479673386, 0.9069593101739883, 0.9365381896495819, 0.920484009385109, 0.9440283656120301, 0.9483465313911438, 0.9553861916065216, 0.9324361443519592, 0.9562347799539566, 0.9638451546430588, 0.984916141629219], "train_loss": [1.4317927142468894, 1.015098273027234, 0.8578218258008724, 0.7472344804100874, 0.6641823693019587, 0.5873956004293953, 0.5257021188735962, 0.47387196196288595, 0.4186663206030683, 0.36802613408100315, 0.3360033940251281, 0.29505596055490213, 0.2527298860070182, 0.2159503656553059, 0.18061358245407663, 0.16299771154072226, 0.1421570578908048, 0.11854890588580108, 0.10823623654319019, 0.08449589606465363, 0.06843254583456167, 0.056480392995404034, 0.052963161750174154, 0.04165919820164762, 0.036893110631442655, 0.031863610941644124, 0.026002280277813355, 0.02181681622637481, 0.018924398870184655, 0.01680949900481032, 0.014962584927405527, 0.013369195606196073, 0.011370117378580133, 0.009785253213854825, 0.00928494617592816, 0.008654047394307649, 0.00819851320077915, 0.007067558446490183, 0.006191266689267828, 0.006078034366776303], "config_id": 256, "time_steps": [364.0273332595825, 475.87281799316406, 588.0826542377472, 700.3988587856293, 812.5039985179901, 924.6498725414276, 1036.7162508964539, 1148.7256026268005, 1260.78045296669, 1373.118500471115, 1485.3681015968323, 1597.5658588409424, 1709.6854584217072, 1821.8562896251678, 1933.9338455200195, 2045.4278554916382, 2157.164895772934, 2269.0788300037384, 2381.0506913661957, 2492.752578496933, 2604.250159263611, 2715.8466260433197, 2827.5186874866486, 2939.3395199775696, 3051.164302110672, 3162.9874148368835, 3274.7819771766663, 3386.4557671546936, 3498.1276366710663, 3609.796530008316, 3721.491264104843, 3833.1938326358795, 3944.8031725883484, 4056.5651059150696, 4168.360901355743, 4280.078227758408, 4391.792009592056, 4503.451528310776, 4615.142683267593, 4726.805699110031], "runtime": 4726.805699110031, "learning_curve": [0.4286447674036026, 0.4299794673919678, 0.34086242020130153, 0.3424024641513824, 0.3071868538856506, 0.3074948638677597, 0.28716631829738615, 0.3017453789710999, 0.3021560609340668, 0.2892197102308274, 0.27802874445915227, 0.27659137248992915, 0.28880903422832493, 0.27104722559452055, 0.2722792655229569, 0.2832648903131485, 0.26960985362529755, 0.2717659145593643, 0.3007186830043793, 0.2566735088825226, 0.2532854288816452, 0.2502053380012512, 0.24640657007694244, 0.25338808894157405, 0.26139630079269405, 0.25102669596672056, 0.25112936794757845, 0.24743326306343083, 0.2569815188646316, 0.2516427099704742, 0.2416837900876999, 0.25, 0.2444558501243591, 0.24650924205780034, 0.24784395098686218, 0.24599589705467229, 0.2425051271915436, 0.24147844016551967, 0.24209445714950562, 0.24435318410396578]}