{"final_performance": 0.2104884266853333, "time_steps": [626.9503130912781, 1007.3344225883484, 1387.8946928977966, 1768.7486591339111, 2149.77512550354, 2530.480330467224, 2911.5097377300262, 3292.077855348587, 3672.773344039917, 4053.3711907863617, 4434.1715676784515, 4814.791595220566, 5195.547600984573, 5576.399286746979, 5957.253315448761, 6337.8768565654755, 6718.61088013649, 7099.4005308151245, 7480.409033536911, 7861.440748929977, 8242.578790664673, 8623.583211421967, 9004.920917987823, 9388.078078269958, 9769.510282278061, 10150.67276930809, 10532.091867923737, 10913.235974550247, 11294.554057836533, 11675.957999229431, 12057.177530527115, 12438.4599006176, 12819.884618520737, 13201.07690191269, 13582.309978485107, 13963.515810251236, 14344.759727954865, 14726.129520654678, 15107.33267402649, 15488.859243392944], "runtime": 15488.859243392944, "config": {"batch_size": 389.7599428727944, "log2_n_units_2": 8.04703412894572, "log10_learning_rate": -3.9291075341439097, "log2_n_units_3": 8.280094270726982, "log2_n_units_1": 8.094942960488442}, "config_id": 174, "learning_curve": [0.42611824750900273, 0.3812853455543518, 0.3529048848152161, 0.29573264360427853, 0.29665810346603394, 0.28267352104187016, 0.263239073753357, 0.2598457646369934, 0.257686378955841, 0.27136246919631957, 0.24257069110870366, 0.254704372882843, 0.24226221561431882, 0.24473007917404177, 0.2316709470748901, 0.24092545032501222, 0.23732647895812986, 0.24020565032958985, 0.2237532138824463, 0.22498714923858643, 0.22437017917633062, 0.2141902375221253, 0.22200514078140254, 0.2147043704986572, 0.21593829870224002, 0.21912596702575682, 0.2151156806945801, 0.21562981605529785, 0.21275064229965213, 0.21007712364196773, 0.20791773557662963, 0.21223650693893437, 0.21408740282058714, 0.21069408178329463, 0.2100771164894104, 0.20976864099502568, 0.21316195011138916, 0.2098714685440064, 0.20904884338378904, 0.2104884266853333]}