{"final_performance": 0.5648034401237965, "time_steps": [371.2210729122162, 489.0920412540436, 606.7784481048584, 724.1438100337982, 841.5411899089813, 959.2207942008972, 1076.6680364608765, 1194.5829408168793, 1311.9600076675415, 1428.957329750061, 1546.7895743846893, 1664.6837167739868, 1782.537671804428, 1900.3781914710999, 2017.683640241623, 2135.005457878113, 2252.379107236862, 2369.8743920326233, 2487.167722463608, 2604.8399250507355, 2721.9459285736084, 2838.6923339366913, 2955.854316473007, 3070.564481973648, 3185.5075764656067, 3300.3485033512115, 3415.0359239578247, 3529.7763333320618, 3644.7197132110596, 3759.419511318207, 3874.415493249893, 3989.3455958366394, 4103.6830151081085, 4218.272296905518, 4333.441902399063, 4448.506743431091, 4563.53559589386, 4678.497762203217, 4792.818747282028, 4907.302383422852], "runtime": 4907.302383422852, "config": {"batch_size": 407.7045702024612, "log2_n_units_2": 4.1385818887355805, "log10_learning_rate": -5.600356955788925, "log2_n_units_3": 6.247492888633511, "log2_n_units_1": 6.758703171386136}, "config_id": 98, "learning_curve": [0.8990581491962075, 0.8687551186109582, 0.8323095828915635, 0.807227681701382, 0.7892096663514773, 0.7747747742881378, 0.7571662596116463, 0.7401719906677802, 0.7249181016037862, 0.7108927133182685, 0.6993243241061766, 0.6918509441117446, 0.6799754301706951, 0.6735258015493553, 0.6659500412642956, 0.6584766569236915, 0.6525389018158119, 0.6474201468129952, 0.639742015550534, 0.635032760600249, 0.6295045067866643, 0.6232596213618915, 0.6173218674957752, 0.6128173644344013, 0.6099508603413899, 0.6068796068429947, 0.6029893557230632, 0.5977682198087375, 0.597153976559639, 0.591011465837558, 0.589475837846597, 0.584868960082531, 0.5823095788558323, 0.578931203732888, 0.5758599477509658, 0.5745290766159694, 0.570536445826292, 0.5679770670831203, 0.5649058160682519, 0.5648034401237965]}