{"final_performance": 0.3294058402379354, "time_steps": [477.40208864212036, 702.7966256141663, 928.3433260917664, 1153.9680948257446, 1379.6463406085968, 1605.8300287723541, 1832.1078701019287, 2058.2266552448273, 2284.512593269348, 2510.736245393753, 2736.9721422195435, 2963.2802064418793, 3189.6299612522125, 3416.3430364131927, 3643.23304772377, 3869.979433298111, 4096.494165658951, 4323.2703602313995, 4550.041609764099, 4776.6217675209045, 5003.405095338821, 5230.209737539291, 5457.177158117294, 5683.994514465332, 5910.78604054451, 6137.535567998886, 6364.24596452713, 6590.8488800525665, 6817.462452173233, 7044.327406406403, 7271.025726318359, 7497.686288118362, 7724.482079744339, 7951.210907697678, 8178.122177362442, 8404.886679172516, 8631.600601196289, 8858.510815143585, 9085.443031072617, 9312.205435752869], "runtime": 9312.205435752869, "config": {"batch_size": 331.20845363652523, "log2_n_units_2": 9.029777441890545, "log10_learning_rate": -0.7423097510427725, "log2_n_units_3": 8.147060195133287, "log2_n_units_1": 5.617754638191846}, "config_id": 216, "learning_curve": [0.9005035238961379, 0.8180261840422949, 0.7511581068237623, 0.6848942587773006, 0.6118831803401311, 0.551560926437378, 0.5360523651043574, 0.5117824763059616, 0.5150050361951193, 0.46092648804187775, 0.45025176207224527, 0.48408862451712287, 0.42769385675589244, 0.41822759310404456, 0.4227593183517456, 0.4136958718299866, 0.4055387735366821, 0.38731118043263757, 0.39657603104909256, 0.3724068502585093, 0.4262839873631795, 0.3456193327903747, 0.36878146727879846, 0.3609264850616455, 0.37049345374107356, 0.3402819752693176, 0.3435045282046, 0.32920443415641787, 0.3412890235582987, 0.3525679767131805, 0.3602215488751729, 0.31983886957168584, 0.33373615344365437, 0.34592144687970483, 0.3509566982587179, 0.3535750210285187, 0.3331319173177083, 0.34320241610209146, 0.3600201388200124, 0.3294058402379354]}