{"final_performance": 0.8975000006705522, "time_steps": [1523.4171447753906, 2795.9001784324646, 4069.4360032081604, 5342.311079263687, 6611.441462755203, 7885.92390704155, 9158.16457104683, 10423.892366409302, 11688.023770093918, 12952.953331947327, 14220.583469867706, 15485.516509771347, 16752.76789498329, 18017.580699682236, 19281.11306142807, 20547.14133286476, 21813.557700395584, 23080.05002474785, 24345.767194747925, 25609.154386281967, 26873.377922534943, 28139.832671165466, 29403.63356280327, 30668.15988254547, 31935.107763528824, 33200.08569407463, 34465.39266490936, 35733.34757184982, 37001.482241630554, 38265.7219645977, 39528.848589897156, 40796.75655770302, 42061.68253612518, 43324.81802845001, 44589.70078039169, 45857.60554146767, 47123.855620384216, 48387.38532161713, 49653.67772245407, 50920.269701480865], "runtime": 50920.269701480865, "config": {"batch_size": 50.96953194465837, "log2_n_units_2": 9.388674230840348, "log10_learning_rate": -0.5620340385939571, "log2_n_units_3": 8.008547923195835, "log2_n_units_1": 9.769714866285792}, "config_id": 40, "learning_curve": [0.9020000005885959, 0.9023000007495284, 0.9023000007495284, 0.9048000006936491, 0.8997000004164875, 0.8978000004962087, 0.8984000009298325, 0.8997000004164875, 0.8984000009298325, 0.9048000006936491, 0.9003000008873642, 0.9048000006936491, 0.9023000007495284, 0.8975000006705522, 0.9048000006936491, 0.8978000004962087, 0.8975000006705522, 0.9020000005885959, 0.8997000004164875, 0.8986000004783272, 0.9023000007495284, 0.8997000004164875, 0.8997000004164875, 0.8997000004164875, 0.8978000004962087, 0.8975000006705522, 0.8986000006459653, 0.8986000006459653, 0.8997000004164875, 0.9003000008873642, 0.9048000006936491, 0.8984000009298325, 0.8986000004783272, 0.8986000004783272, 0.9023000007495284, 0.9003000008873642, 0.9003000008873642, 0.8986000006459653, 0.8984000009298325, 0.8975000006705522]}