{"final_performance": 0.23777064958284067, "time_steps": [407.4084234237671, 563.6427924633026, 722.0269846916199, 880.3126780986786, 1036.8306148052216, 1192.6384336948395, 1348.5014553070068, 1502.3867673873901, 1655.5058243274689, 1807.411135673523, 1959.2487089633942, 2111.357717037201, 2263.8458766937256, 2416.4343678951263, 2569.4829001426697, 2721.9956407546997, 2874.45982336998, 3026.3875312805176, 3180.5738401412964, 3335.771820783615, 3491.014014005661, 3646.821519613266, 3802.4597935676575, 3958.5071511268616, 4115.121557474136, 4272.277465343475, 4429.563391208649, 4587.097847223282, 4744.015882968903, 4901.080068588257, 5058.2771673202515, 5213.476330280304, 5367.779794692993, 5521.270419359207, 5674.89270067215, 5828.2794868946075, 5982.0912873744965, 6135.191244602203, 6288.760409832001, 6440.891840457916], "runtime": 6440.891840457916, "config": {"batch_size": 58.3147614742598, "log2_n_units_2": 8.19314294849997, "log10_learning_rate": -3.209088693491971, "log2_n_units_3": 8.25489071978518, "log2_n_units_1": 4.406970182658878}, "config_id": 49, "learning_curve": [0.3813151628818623, 0.29771451894627066, 0.29410585726416383, 0.2655372896859812, 0.24017642091873082, 0.24107858746550803, 0.26613873312639635, 0.23726944486762203, 0.22774658819963767, 0.28979551410952276, 0.24017642161180808, 0.22784683039022047, 0.22574177557645847, 0.23315958124260572, 0.24639133935750912, 0.292602248663126, 0.23877305520135306, 0.2325581374556519, 0.22764634808828665, 0.229149958075479, 0.2640336807384047, 0.221531672879707, 0.21601843903231066, 0.22774658889271493, 0.22393744560175166, 0.21411387241163915, 0.23396150351956835, 0.21301122356292812, 0.22754610936309017, 0.19667200605536617, 0.22884923600873286, 0.20378909034784454, 0.19797513581985648, 0.20689654731473262, 0.20860063821770425, 0.19617080584514968, 0.2273456260215404, 0.21271050218925924, 0.18634722815003502, 0.23777064958284067]}