{"final_performance": 0.4756109821991842, "time_steps": [312.91634821891785, 381.0691134929657, 449.21586656570435, 517.3412299156189, 585.4876840114594, 653.6746385097504, 721.8256447315216, 789.8934750556946, 858.0382299423218, 926.1897616386414, 994.3511054515839, 1062.4880797863007, 1130.6533279418945, 1198.8303053379059, 1267.0813720226288, 1335.2369310855865, 1403.3835730552673, 1471.4586136341095, 1539.6246359348297, 1607.7777717113495, 1675.9339091777802, 1744.1139721870422, 1812.3055267333984, 1880.5743460655212, 1948.7770597934723, 2016.9258935451508, 2084.814519882202, 2152.617638349533, 2220.4647648334503, 2288.464792251587, 2356.560455799103, 2424.6446912288666, 2492.7338304519653, 2560.810224533081, 2628.8982949256897, 2697.006936073303, 2765.1260232925415, 2833.211960554123, 2901.234223127365, 2969.3345096111298], "runtime": 2969.3345096111298, "config": {"batch_size": 163.6217699856119, "log2_n_units_2": 4.544399450212766, "log10_learning_rate": -5.439410333936963, "log2_n_units_3": 6.95585373443444, "log2_n_units_1": 5.42373855758016}, "config_id": 229, "learning_curve": [0.8459217536156295, 0.7791411038793501, 0.7327768289652027, 0.700392235986522, 0.6748466269403208, 0.6569445841625088, 0.6419591683833326, 0.6289852163830741, 0.6205370611831791, 0.6111837483820368, 0.599517248204497, 0.5900633613594243, 0.5816152071366545, 0.5747762229598936, 0.5684401060714097, 0.5612994080684224, 0.55657246171451, 0.5513426539350729, 0.5444030991343201, 0.5399778744236368, 0.5354520776232735, 0.530423415488884, 0.5255958985109799, 0.5228804198444867, 0.5206678084662704, 0.5174494625115004, 0.5150357020682976, 0.5122196542435005, 0.5079955727350516, 0.5027657669098651, 0.500653725667078, 0.49632907695457584, 0.4960273528685335, 0.4916021310892261, 0.48848435966694936, 0.4844614306434256, 0.483153980286395, 0.4823493898892012, 0.47963391268839606, 0.4756109821991842]}