{"final_performance": 0.8979591831564904, "time_steps": [857.7098281383514, 1458.556738615036, 2058.6339433193207, 2659.6597850322723, 3259.818426847458, 3860.242516517639, 4461.860584259033, 5061.984506607056, 5662.708043336868, 6263.387490749359, 6863.308700561523, 7463.362313270569, 8063.360912799835, 8662.390223264694, 9261.805271863937, 9861.759441137314, 10461.636835098267, 11061.619419813156, 11662.648876428604, 12263.231026411057, 12863.477195501328, 13463.153613567352, 14064.219976902008, 14664.059802293777, 15263.768011331558, 15862.749121904373, 16462.572660684586, 17062.88146877289, 17662.6932554245, 18262.43056988716, 18861.990904808044, 19461.582082509995, 20060.8941924572, 20660.625306129456, 21260.284461021423, 21860.275620937347, 22460.37989258766, 23060.917838573456, 23661.035435914993, 24261.45371198654], "runtime": 24261.45371198654, "config": {"batch_size": 392.9304103572078, "log2_n_units_2": 9.255444865326325, "log10_learning_rate": -0.05508516436498656, "log2_n_units_3": 6.91854033762724, "log2_n_units_1": 8.58593650502148}, "config_id": 230, "learning_curve": [0.8893877547979355, 0.8998979592323303, 0.9043877547979355, 0.8997959184646607, 0.902653061747551, 0.8986734691262245, 0.9043877547979355, 0.9042857140302658, 0.8973469388484955, 0.9022448971867562, 0.8987755101919175, 0.9004081627726555, 0.9022448971867562, 0.9004081627726555, 0.8988775509595871, 0.8998979592323303, 0.8979591831564904, 0.9022448971867562, 0.902653061747551, 0.8973469388484955, 0.8987755101919175, 0.8979591831564904, 0.8982653054594993, 0.8985714283585549, 0.9022448971867562, 0.8988775509595871, 0.9004081627726555, 0.8973469388484955, 0.8973469388484955, 0.8973469388484955, 0.8998979592323303, 0.9043877547979355, 0.8973469388484955, 0.9004081627726555, 0.8976530613005161, 0.9022448971867562, 0.8973469388484955, 0.8998979592323303, 0.8976530613005161, 0.8979591831564904]}