{"final_performance": 0.9022930189967155, "time_steps": [739.793867111206, 1233.3300776481628, 1726.4463477134705, 2219.9915385246277, 2712.9073474407196, 3205.861717224121, 3698.3164451122284, 4190.84964799881, 4682.832833766937, 5174.822472572327, 5666.827800750732, 6159.30010342598, 6651.335298299789, 7143.333226680756, 7635.384339809418, 8127.753661155701, 8620.214084386826, 9112.671220779419, 9607.191578865051, 10100.028361797333, 10592.752291202545, 11085.728324890137, 11578.332661151886, 12071.005096673965, 12563.622986078262, 13056.096576452255, 13548.599900722504, 14041.228172540665, 14533.730749845505, 15026.80468583107, 15519.597971916199, 16012.682832479477, 16505.316177845, 16998.37249302864, 17490.919456005096, 17983.252893686295, 18475.858744859695, 18968.298433303833, 19460.6678109169, 19953.279576539993], "runtime": 19953.279576539993, "config": {"batch_size": 448.7764319089407, "log2_n_units_2": 5.186412613781832, "log10_learning_rate": -0.6621073132297557, "log2_n_units_3": 6.8011698744804425, "log2_n_units_1": 9.234256317940154}, "config_id": 173, "learning_curve": [0.9083806821568445, 0.8985389599745923, 0.9000608755106276, 0.8974228900941935, 0.901887175034393, 0.8979301940311085, 0.9022930189967155, 0.9022930189967155, 0.9046266231347214, 0.8988433439623226, 0.8974228900941935, 0.9022930189967155, 0.9022930189967155, 0.9022930189967155, 0.8979301940311085, 0.8979301940311085, 0.8979301940311085, 0.8979301940311085, 0.8981331158429384, 0.9046266231347214, 0.8974228900941935, 0.8985389599745923, 0.9000608755106276, 0.9046266231347214, 0.9002637985077772, 0.9000608755106276, 0.9046266231347214, 0.9046266231347214, 0.8981331158429384, 0.8974228900941935, 0.9000608755106276, 0.8981331158429384, 0.9002637985077772, 0.8979301940311085, 0.901887175034393, 0.9046266231347214, 0.901887175034393, 0.9046266231347214, 0.9002637985077772, 0.9022930189967155]}