{"final_performance": 0.2974390003873014, "time_steps": [326.40682339668274, 406.8196883201599, 487.2449812889099, 567.6511430740356, 648.1044142246246, 728.5316953659058, 808.9164381027222, 889.3144288063049, 969.725962638855, 1050.1327543258667, 1130.5468831062317, 1210.9321675300598, 1291.336597919464, 1371.7541334629059, 1452.1132538318634, 1532.5611872673035, 1612.9721193313599, 1693.394050836563, 1773.7809052467346, 1854.198130607605, 1934.5410850048065, 2014.9847295284271, 2095.438221216202, 2175.8776593208313, 2256.309689283371, 2336.77175450325, 2417.239232778549, 2497.6621980667114, 2578.117402791977, 2658.494534254074, 2738.842968940735, 2819.162211894989, 2899.5354328155518, 2979.960266828537, 3060.301070213318, 3140.608303785324, 3220.8913938999176, 3301.267870426178, 3381.7090137004852, 3462.127326965332], "runtime": 3462.127326965332, "config": {"batch_size": 114.04881500680266, "log2_n_units_2": 6.269484305229454, "log10_learning_rate": -4.255366726028841, "log2_n_units_3": 6.054805619615469, "log2_n_units_1": 5.294155501182903}, "config_id": 129, "learning_curve": [0.49052228256203667, 0.439907239428882, 0.4071385363737742, 0.3795119962473025, 0.3708408961350891, 0.35652349392573035, 0.34341600845599995, 0.33635813271862336, 0.3330308534633154, 0.3332325048830317, 0.3405928625457588, 0.32153659784930877, 0.31720105053364545, 0.3117564032817709, 0.3160919512825451, 0.31195805812704147, 0.3068158886898523, 0.31004234977152156, 0.30490017827899973, 0.3036902601691498, 0.30530349002487356, 0.29995967190841144, 0.30298447403414497, 0.3019762046035679, 0.3041943941993275, 0.30540431436451, 0.30157289628324835, 0.29915305389755076, 0.2994555344526795, 0.29975801569291916, 0.2998588448283316, 0.299858837977223, 0.2949183316066347, 0.29965718929795016, 0.31336963519282723, 0.2885662447447064, 0.29814478789252796, 0.3195200672094849, 0.29673321493740734, 0.2974390003873014]}