{"final_performance": 0.2505081333220005, "time_steps": [403.7704038619995, 556.0954902172089, 708.4747610092163, 861.0311765670776, 1013.3329231739044, 1165.9436492919922, 1318.5373396873474, 1470.9642081260681, 1623.5176618099213, 1776.2423853874207, 1928.8052122592926, 2081.5107684135437, 2234.001459121704, 2386.586565732956, 2539.307827234268, 2692.5694477558136, 2845.225370168686, 2997.876271724701, 3150.553349494934, 3303.2281637191772, 3456.100371360779, 3609.0953912734985, 3762.1182129383087, 3915.082560777664, 4068.09969496727, 4221.028552770615, 4374.026876926422, 4526.95010638237, 4680.054678916931, 4832.791971445084, 4985.697189092636, 5138.771769523621, 5291.666774511337, 5444.888271331787, 5597.764083147049, 5750.667682647705, 5903.530702352524, 6056.497223854065, 6209.473823785782, 6362.5627982616425], "runtime": 6362.5627982616425, "config": {"batch_size": 205.11611939012832, "log2_n_units_2": 5.606740587140044, "log10_learning_rate": -4.0862138757073065, "log2_n_units_3": 9.51762981472801, "log2_n_units_1": 6.660252075957571}, "config_id": 60, "learning_curve": [0.443800812587142, 0.37113821382323897, 0.3502032508452734, 0.3407520378629366, 0.33292682841420174, 0.3211382130781809, 0.2934959394236406, 0.30081300561626756, 0.3018292672932148, 0.29349593321482337, 0.27367886528372765, 0.28130081171790755, 0.2671748002370199, 0.2754065071543058, 0.2706300802528858, 0.26971544697880745, 0.28455284982919693, 0.2652439040442308, 0.2656504102051258, 0.26595528423786163, 0.25833333407839143, 0.2640243930121263, 0.26585365956028306, 0.26880081122120225, 0.26270325357715285, 0.2619918708999952, 0.25985772659381234, 0.27002032597859704, 0.25813008223970735, 0.2611788635452589, 0.25447154665986693, 0.2581300797561804, 0.2564024403691292, 0.24979674816131592, 0.24898374204834306, 0.24715447674194968, 0.2513211419185003, 0.24390244359771407, 0.25315041095018387, 0.2505081333220005]}