{"final_performance": 0.27628738465516467, "time_steps": [470.93325996398926, 687.7663869857788, 904.8543753623962, 1122.3383672237396, 1340.2985451221466, 1558.8146016597748, 1777.5692961215973, 1996.6576855182648, 2215.816348552704, 2435.2613368034363, 2654.7156105041504, 2874.1047530174255, 3093.511229991913, 3312.424140691757, 3531.635169029236, 3750.8683199882507, 3969.9521000385284, 4188.958638191223, 4407.848588943481, 4626.688257455826, 4845.315345287323, 5065.66588973999, 5284.124387264252, 5502.493195772171, 5720.986345529556, 5939.58299946785, 6158.059586286545, 6376.753707885742, 6595.187835454941, 6813.861649990082, 7032.4355890750885, 7250.996965169907, 7469.370035409927, 7687.7925753593445, 7906.292115449905, 8124.33296084404, 8342.546227931976, 8560.723258972168, 8778.879965782166, 8997.2026283741], "runtime": 8997.2026283741, "config": {"batch_size": 423.8459854538749, "log2_n_units_2": 9.444492441018241, "log10_learning_rate": -1.5413388765623015, "log2_n_units_3": 7.2461990448566675, "log2_n_units_1": 5.018069587466132}, "config_id": 79, "learning_curve": [0.7955596660790236, 0.7556789012058922, 0.7005858777657799, 0.6065371554830801, 0.539623807305875, 0.48740877664607507, 0.44680851179620495, 0.388631926930469, 0.3628327665121659, 0.34936786734539527, 0.35902971029281616, 0.32469935520835547, 0.31030938418015186, 0.30537567449652625, 0.27834309961484827, 0.3281940636427506, 0.2805015963056813, 0.3080481031666631, 0.2876965766367705, 0.3075341737788656, 0.29006064197291503, 0.2789598081422888, 0.2716620408970377, 0.29951691109201184, 0.2880049244217251, 0.2717648278111997, 0.2818378002747245, 0.31565423633741296, 0.29273307064305176, 0.3051701110342274, 0.27906259764795716, 0.28903278319732006, 0.2692979755608932, 0.2591222032256748, 0.27248432843581494, 0.2627197037572446, 0.2679617664088374, 0.2937609216441279, 0.2586082842039026, 0.27628738465516467]}