{"final_performance": 0.18889120091562683, "time_steps": [384.90967774391174, 527.3056645393372, 668.5524039268494, 809.8435881137848, 951.3854448795319, 1092.894369840622, 1234.4451127052307, 1375.7322430610657, 1517.208348274231, 1658.4247579574585, 1799.6671588420868, 1941.209722995758, 2082.321319103241, 2223.7900619506836, 2365.086515188217, 2506.3566710948944, 2647.6819994449615, 2789.1478667259216, 2930.661595106125, 3072.077150821686, 3213.654105424881, 3354.854210615158, 3496.1102244853973, 3637.324434041977, 3778.6577532291412, 3919.762789964676, 4060.9474589824677, 4202.169753313065, 4343.25653719902, 4484.601716041565, 4626.2003355026245, 4767.6888859272, 4908.807901620865, 5049.871184587479, 5190.953326463699, 5332.038573980331, 5473.17351603508, 5614.30241727829, 5755.305891990662, 5896.710539102554], "runtime": 5896.710539102554, "config": {"batch_size": 418.78281404470533, "log2_n_units_2": 7.796518562666439, "log10_learning_rate": -3.0718074078566016, "log2_n_units_3": 7.310082563286404, "log2_n_units_1": 6.081110350163868}, "config_id": 107, "learning_curve": [0.41543582600095996, 0.34044101704721863, 0.3362804236619369, 0.2934262493382329, 0.29696276395217236, 0.2662783368774082, 0.2686706859132518, 0.2292490135068479, 0.24204284989315528, 0.24984397577202844, 0.23663407305012574, 0.23975452651148255, 0.22623257792514306, 0.24641148422075354, 0.22280008637386817, 0.1958602018978285, 0.19325983006021252, 0.19398793966873829, 0.18878719081049378, 0.18951529264450073, 0.18993135120557703, 0.1878510480341704, 0.1860827985017196, 0.19034740717514698, 0.18743498947309412, 0.1874349946561067, 0.19107550900915393, 0.1883711270664049, 0.18660286716792895, 0.18868317033933557, 0.18629082648650463, 0.18618680860685266, 0.1856667399406433, 0.18899521361226623, 0.18847513717153797, 0.18587476274241577, 0.18816309908161988, 0.1888911983241206, 0.1887871856274812, 0.18889120091562683]}