{"final_performance": 0.898857258130298, "time_steps": [819.0020353794098, 1386.0155582427979, 1952.3940954208374, 2519.165382862091, 3085.1949677467346, 3651.7291378974915, 4218.3048322200775, 4784.394417762756, 5350.780789613724, 5917.598692893982, 6483.8450973033905, 7049.989860296249, 7615.932019233704, 8182.719639539719, 8748.964260339737, 9315.06623339653, 9881.001152515411, 10447.126969099045, 11013.926846504211, 11580.013168811798, 12146.352276325226, 12712.969300746918, 13278.89792919159, 13845.552510023117, 14412.16226387024, 14979.029420614243, 15545.248779773712, 16111.228868722916, 16676.81055879593, 17242.681119918823, 17809.01805472374, 18375.436707258224, 18941.49809861183, 19507.861090898514, 20073.66678214073, 20639.883628606796, 21205.209297657013, 21771.060242652893, 22336.8383872509, 22902.76011776924], "runtime": 22902.76011776924, "config": {"batch_size": 116.77829163066522, "log2_n_units_2": 4.597028724511123, "log10_learning_rate": -0.6238574189568613, "log2_n_units_3": 9.244165212402665, "log2_n_units_1": 9.365219576852496}, "config_id": 201, "learning_curve": [0.8995589412055737, 0.9014635129810072, 0.9018644751591045, 0.8974538899438326, 0.8985565359985759, 0.9018644751591045, 0.9018644751591045, 0.898857258130298, 0.898857258130298, 0.8984562949559023, 0.9022654375971056, 0.8974538899438326, 0.8984562949559023, 0.898857258130298, 0.9003608668612879, 0.8985565359985759, 0.8976543717259584, 0.9022654375971056, 0.9018644751591045, 0.8984562949559023, 0.8976543717259584, 0.8976543717259584, 0.8984562949559023, 0.8996591818367325, 0.8984562949559023, 0.898857258130298, 0.9048716924911322, 0.9018644751591045, 0.8984562949559023, 0.898857258130298, 0.9048716924911322, 0.9022654375971056, 0.8976543717259584, 0.8974538899438326, 0.9048716924911322, 0.9018644751591045, 0.9048716924911322, 0.9003608668612879, 0.8985565359985759, 0.898857258130298]}