{"final_performance": 0.16430366039276123, "time_steps": [607.2188014984131, 961.0387942790985, 1314.751216173172, 1668.5598592758179, 2022.5646138191223, 2376.1214940547943, 2729.881615638733, 3083.596358537674, 3437.053852081299, 3790.625734806061, 4144.11727142334, 4497.64096903801, 4850.961589336395, 5204.369841098785, 5557.672290325165, 5910.816789865494, 6264.205371618271, 6617.384630203247, 6970.40264582634, 7323.303908586502, 7676.1904900074005, 8028.511568546295, 8381.045172929764, 8733.144896030426, 9085.288482427597, 9437.316320180893, 9789.02191901207, 10140.925075769424, 10492.954410076141, 10844.71210026741, 11196.74119400978, 11548.838006734848, 11900.796566724777, 12252.949851989746, 12605.062036514282, 12957.276053667068, 13309.56297135353, 13661.54963517189, 14013.763830184937, 14365.829733610153], "runtime": 14365.829733610153, "config": {"batch_size": 221.20059370290045, "log2_n_units_2": 7.847475748092316, "log10_learning_rate": -2.757010243823, "log2_n_units_3": 6.2169649886408935, "log2_n_units_1": 8.137475375710652}, "config_id": 217, "learning_curve": [0.41840118169784546, 0.34439414739608765, 0.3397687077522278, 0.2880844473838806, 0.3511312007904053, 0.3176470398902893, 0.2359979748725891, 0.23308193683624268, 0.22131723165512085, 0.23619908094406128, 0.22946202754974365, 0.21759676933288574, 0.24062341451644897, 0.24746102094650269, 0.20110607147216797, 0.24524885416030884, 0.19748616218566895, 0.20884865522384644, 0.24595272541046143, 0.20080441236495972, 0.21447962522506714, 0.20693814754486084, 0.20864754915237427, 0.2177978754043579, 0.20452487468719482, 0.2065359354019165, 0.2650578022003174, 0.20874810218811035, 0.18602311611175537, 0.19175463914871216, 0.16852688789367676, 0.1651080846786499, 0.1663147211074829, 0.16651582717895508, 0.16661638021469116, 0.16601306200027466, 0.1657114028930664, 0.16400200128555298, 0.16410255432128906, 0.16430366039276123]}