{"final_performance": 0.30056406163117466, "time_steps": [899.2680804729462, 1544.184430360794, 2189.369003534317, 2833.8532762527466, 3479.2003614902496, 4125.017509698868, 4770.971865415573, 5416.499622821808, 6061.959174156189, 6707.617914676666, 7353.657071113586, 7999.489771127701, 8645.011573791504, 9290.033818721771, 9935.39275932312, 10580.42593741417, 11226.024415969849, 11871.526046991348, 12516.700004816055, 13162.159550905228, 13807.472132921219, 14453.16324043274, 15100.600462198257, 15746.048216342926, 16390.426379203796, 17035.22308063507, 17680.299136161804, 18325.34634923935, 18970.93733382225, 19616.46934890747, 20262.20168018341, 20908.09051680565, 21553.927453041077, 22200.000898838043, 22845.946517944336, 23491.960226535797, 24137.682923316956, 24783.203550100327, 25429.125266075134, 26074.90906214714], "runtime": 26074.90906214714, "config": {"batch_size": 73.55077764760625, "log2_n_units_2": 9.862848678976762, "log10_learning_rate": -5.5259112007199, "log2_n_units_3": 4.597470324077279, "log2_n_units_1": 8.154969164457029}, "config_id": 161, "learning_curve": [0.5202457738273284, 0.45668815821409225, 0.42606768976239595, 0.3991740554132882, 0.3877921056221513, 0.3757050769294009, 0.35999194269671164, 0.36009266928714867, 0.3516317492022234, 0.34669621069641676, 0.34498388473601904, 0.3368251398205757, 0.34045125083888284, 0.33612006771213865, 0.3312852531671524, 0.3257453682668069, 0.32645044431966896, 0.32967365094844037, 0.32161563415737715, 0.31627719980828906, 0.31486704507294827, 0.3189967787441086, 0.31365833825924816, 0.3132554411011583, 0.31305398967336207, 0.31164383625282965, 0.3107373087721712, 0.30922643226735735, 0.3131547158255297, 0.30590250123949614, 0.3073126537834897, 0.3097300573306925, 0.30439162254333496, 0.3104351346983629, 0.3070104792714119, 0.3103344124906203, 0.30892425994662676, 0.3011684132849469, 0.30912570830653696, 0.30056406163117466]}