{"final_performance": 0.5346544707814853, "time_steps": [310.59695076942444, 376.07593870162964, 441.6574149131775, 507.24003887176514, 572.840663433075, 638.439121723175, 704.0192909240723, 769.5649523735046, 835.0815300941467, 900.6855623722076, 966.303831577301, 1031.9023275375366, 1097.4574151039124, 1163.0225644111633, 1228.6001017093658, 1294.1957614421844, 1359.845398902893, 1425.6066777706146, 1491.3166871070862, 1556.8718490600586, 1622.5330634117126, 1688.144778728485, 1753.7919228076935, 1819.4137542247772, 1885.0627782344818, 1950.5633969306946, 2016.0802404880524, 2081.653454065323, 2147.208790063858, 2212.7852635383606, 2278.372419834137, 2343.9658584594727, 2409.4747462272644, 2474.8971292972565, 2540.464038133621, 2605.9123454093933, 2671.151962995529, 2736.557405233383, 2801.911255836487, 2867.3443195819855], "runtime": 2867.3443195819855, "config": {"batch_size": 410.9137489534734, "log2_n_units_2": 6.7410333473438495, "log10_learning_rate": -5.563028493022556, "log2_n_units_3": 4.553180224875639, "log2_n_units_1": 4.991893942033047}, "config_id": 165, "learning_curve": [0.9165650401264429, 0.8893292679761847, 0.8416666671012839, 0.7996951229870319, 0.7724593517680963, 0.7517276406288147, 0.731300812214613, 0.7130081318318844, 0.7009146350125472, 0.6889227641125519, 0.680589431275924, 0.6707317096491654, 0.6604674768944581, 0.652134146541357, 0.6441056927045186, 0.6386178856094678, 0.6313008144497871, 0.6240853667259216, 0.6195121966302395, 0.6142276426156361, 0.609756098439296, 0.6059959356983502, 0.6006097594896953, 0.5950203277170658, 0.5909552834928036, 0.5865853639940422, 0.5822154457370441, 0.5784552829960983, 0.5751016264160473, 0.5715447130302589, 0.5678861749668915, 0.5620934963226318, 0.5584349595010281, 0.5542682918409507, 0.5508130093415577, 0.5468495922784011, 0.5424796740214031, 0.5415650395055611, 0.5377032520870368, 0.5346544707814853]}