{"final_performance": 0.30674016734828125, "time_steps": [481.53615069389343, 728.3593411445618, 974.9177279472351, 1221.4283027648926, 1468.6383156776428, 1715.6092479228973, 1961.796358346939, 2210.1008026599884, 2456.070093154907, 2703.598562479019, 2949.557668209076, 3197.114930152893, 3443.6935131549835, 3690.506112575531, 3936.9649267196655, 4183.114535808563, 4429.586942911148, 4675.546532869339, 4921.949095010757, 5167.888733386993, 5413.265660047531, 5660.478038549423, 5906.277302980423, 6153.17805480957, 6399.253893375397, 6644.879551649094, 6892.836404085159, 7139.12518787384, 7385.411130428314, 7631.405167341232, 7877.4387357234955, 8122.9373478889465, 8369.06121134758, 8614.956727027893, 8861.409638166428, 9107.10383272171, 9353.164119005203, 9599.038870811462, 9845.490155220032, 10091.227903604507], "runtime": 10091.227903604507, "config": {"batch_size": 418.0402766938545, "log2_n_units_2": 9.817127925531242, "log10_learning_rate": -4.528276740422466, "log2_n_units_3": 5.352912726397046, "log2_n_units_1": 5.046904729522521}, "config_id": 63, "learning_curve": [0.5105055091173752, 0.44019138553868165, 0.4051383396853572, 0.38027876097223035, 0.3599958367969679, 0.3531308536944182, 0.34969834918561193, 0.3617640915124313, 0.34647388561912207, 0.3443935928137406, 0.33180777922920557, 0.3263989997946698, 0.3346161816431128, 0.34886624502099084, 0.34720199522764783, 0.3261909744013911, 0.3213022662245709, 0.320782192375349, 0.3115248602369557, 0.31974204467690515, 0.3120449314946714, 0.317869774673296, 0.30902850368748536, 0.32213438593822974, 0.3243186966232632, 0.30590805022612866, 0.3101726614910624, 0.31069273793179053, 0.3281672545101332, 0.31266902840655786, 0.31038069465885987, 0.30830039148745325, 0.3227584750755973, 0.3107967558114425, 0.30809236609417456, 0.3045558618462604, 0.30486790511919104, 0.30164343377818237, 0.31693363707998523, 0.30674016734828125]}