{"final_performance": 0.2881056382542565, "time_steps": [682.0244090557098, 1108.504653930664, 1536.832769393921, 1963.1893486976624, 2389.0880641937256, 2815.818246603012, 3242.229070186615, 3669.1720378398895, 4095.383908033371, 4521.601300239563, 4947.683238983154, 5373.834982872009, 5799.8055856227875, 6225.768757343292, 6651.825008153915, 7077.376758337021, 7503.545310497284, 7929.832599639893, 8355.66531252861, 8780.877378702164, 9206.727474927902, 9632.600080490112, 10058.38660478592, 10483.94267821312, 10909.037575244904, 11335.093573570251, 11761.174198389053, 12186.32052731514, 12612.11511874199, 13037.866523504257, 13463.17262005806, 13889.28794503212, 14315.17326927185, 14741.075144052505, 15166.584294080734, 15592.505208730698, 16018.95781159401, 16445.096537828445, 16870.376940488815, 17296.242129802704], "runtime": 17296.242129802704, "config": {"batch_size": 458.59371157670853, "log2_n_units_2": 6.170437860116688, "log10_learning_rate": -4.687504483626646, "log2_n_units_3": 6.305340534966067, "log2_n_units_1": 8.734873820512208}, "config_id": 81, "learning_curve": [0.5708047421205611, 0.5055105061758132, 0.4627781283287775, 0.4307548318590436, 0.41120815560931256, 0.39103763444083073, 0.4033063025701613, 0.3680598820958819, 0.364628811677297, 0.3609898090362549, 0.346537743295942, 0.3519442677497864, 0.34965689125515165, 0.3365564630145118, 0.33333333333333337, 0.33853191988808773, 0.3251195691880726, 0.328134746778579, 0.3361405701864333, 0.3210646652040028, 0.3322936097780863, 0.310043664205642, 0.3157621082805452, 0.3176336061386835, 0.32376793452671593, 0.315762113957178, 0.310771473816463, 0.3105635302407401, 0.29642337560653687, 0.3120191295941671, 0.30713245414552237, 0.2992306124596369, 0.3070284866151356, 0.2978789777982802, 0.2966313106673104, 0.3056768547920954, 0.30120607217152917, 0.30619670947392785, 0.30006238108589534, 0.2881056382542565]}