{"final_performance": 0.36355310678482056, "time_steps": [781.8631589412689, 1310.7414734363556, 1839.3191027641296, 2368.4200491905212, 2897.8071155548096, 3428.174314022064, 3957.2308485507965, 4478.022539138794, 4993.2285351753235, 5508.403514862061, 6023.22860789299, 6537.656828403473, 7052.060956954956, 7566.713964939117, 8081.143700838089, 8595.353877067566, 9109.782810926437, 9624.173676013947, 10138.709607124329, 10653.608427524567, 11155.385345458984, 11657.09118270874, 12159.319160461426, 12663.120980262756, 13165.48144698143, 13667.351544618607, 14168.926134824753, 14670.238035678864, 15171.102756500244, 15684.015206098557, 16196.98822593689, 16709.831585884094, 17222.7939081192, 17735.52999854088, 18248.454302549362, 18761.436349630356, 19274.40256166458, 19787.517936229706, 20300.461688280106, 20813.623819589615], "runtime": 20813.623819589615, "config": {"batch_size": 182.29984743200427, "log2_n_units_2": 4.20303573369714, "log10_learning_rate": -5.606709052955398, "log2_n_units_3": 9.666417860624104, "log2_n_units_1": 9.183128220379364}, "config_id": 62, "learning_curve": [0.7007529398909322, 0.6390923808018367, 0.6048025985558827, 0.579059824347496, 0.5571835526713618, 0.5395807844621163, 0.5237077673276265, 0.5129222560811926, 0.5042734979479402, 0.4896214852730433, 0.4782254679335488, 0.47130646473831606, 0.46225070015147884, 0.45563694724330195, 0.44912493670428244, 0.44251118489989527, 0.4363044251998266, 0.42511191357065126, 0.4281644197525801, 0.4205331625761809, 0.4130036543916773, 0.40649164716402686, 0.4068986519619271, 0.40415139661894905, 0.4000813872725876, 0.3929588849897738, 0.39428163788936754, 0.38756612826276704, 0.3868538814562338, 0.3829873767164018, 0.3820716241995493, 0.37739111979802453, 0.37688236766391325, 0.37393161875230296, 0.37352461836956163, 0.3719983652785972, 0.3723036139099686, 0.3663003654391678, 0.3656898593461072, 0.36355310678482056]}