{"final_performance": 0.23268473257712263, "time_steps": [377.3255920410156, 504.8549418449402, 631.924801826477, 758.9494965076447, 885.6694483757019, 1012.3350803852081, 1138.7066152095795, 1265.3396890163422, 1391.8227286338806, 1518.2991495132446, 1644.7212252616882, 1770.958054304123, 1897.3026406764984, 2023.4974558353424, 2149.816545724869, 2275.9786536693573, 2402.1954233646393, 2528.3440985679626, 2654.5339772701263, 2780.8715109825134, 2907.0249614715576, 3033.2006165981293, 3159.32839512825, 3287.2844173908234, 3413.5008442401886, 3539.6778540611267, 3666.03217792511, 3791.9822273254395, 3918.098103761673, 4044.410641670227, 4170.612693071365, 4296.653243303299, 4422.937584877014, 4549.06441283226, 4675.013583421707, 4801.168021678925, 4927.382889986038, 5053.492270946503, 5179.559893846512, 5305.762544631958], "runtime": 5305.762544631958, "config": {"batch_size": 91.2772592388041, "log2_n_units_2": 8.269259563213403, "log10_learning_rate": -2.0190495925713763, "log2_n_units_3": 4.01716775928791, "log2_n_units_1": 5.088093941626685}, "config_id": 30, "learning_curve": [0.4220183264771733, 0.3376348220973934, 0.30446615787821074, 0.2865208015529388, 0.26182073245354753, 0.2509325387281015, 0.2547635698537214, 0.28934366659286914, 0.24175822734832764, 0.23792719622270775, 0.24589170829965434, 0.22744226893153763, 0.2429680266511549, 0.24387537612827548, 0.22774471875724445, 0.23913699552553513, 0.27301137600470027, 0.24044761143693139, 0.23238228275141581, 0.23046676718860593, 0.23651576370274252, 0.24206067717403446, 0.21907449042031524, 0.23379371527138104, 0.232079832925709, 0.23157574988286433, 0.22421613745733138, 0.2370198467455873, 0.23883454569982832, 0.26091338297642697, 0.2264341028458482, 0.23631413048560468, 0.23328963222853638, 0.224921853717314, 0.23913699552553513, 0.2282488018000891, 0.23339044883710525, 0.23883454569982832, 0.21917530702888421, 0.23268473257712263]}