{"final_performance": 0.31211540232533996, "time_steps": [463.92281007766724, 675.702131986618, 888.1915674209595, 1098.94638133049, 1310.0559620857239, 1520.8272171020508, 1732.1135375499725, 1943.0018751621246, 2154.1700966358185, 2365.4473917484283, 2576.3482382297516, 2786.9474878311157, 2997.6201708316803, 3209.003539085388, 3421.4066388607025, 3632.436466693878, 3843.6313343048096, 4054.8103976249695, 4266.048611402512, 4476.873682022095, 4687.877039909363, 4900.2638075351715, 5111.468957424164, 5322.873662233353, 5534.323355436325, 5745.796177864075, 5956.758589744568, 6167.789396524429, 6379.265970468521, 6590.639831542969, 6802.03836274147, 7011.477910041809, 7222.283951044083, 7433.497586488724, 7644.564111471176, 7854.783741235733, 8065.268591165543, 8276.127975225449, 8487.13755273819, 8698.946569442749], "runtime": 8698.946569442749, "config": {"batch_size": 431.6076385803161, "log2_n_units_2": 7.445800872927458, "log10_learning_rate": -1.2463222459233378, "log2_n_units_3": 8.321321040872704, "log2_n_units_1": 7.182964133779668}, "config_id": 22, "learning_curve": [0.8350650655186694, 0.7436699297117151, 0.6619590404240981, 0.6173711276572684, 0.5618884317252947, 0.5424190448678058, 0.49752850506616675, 0.5055987057478531, 0.46958539408186206, 0.4264097628386124, 0.4461817819139232, 0.4146070843157561, 0.3889841670575349, 0.40946231458498084, 0.3774841116822284, 0.374457792095516, 0.3961464684942494, 0.3432865842528965, 0.3639665142349575, 0.3365277984867925, 0.4025017645048059, 0.3445980108302572, 0.33672954984333203, 0.3408655291018279, 0.35882174450418225, 0.3303742590157882, 0.32543124582456506, 0.3270452877749568, 0.30697064296058985, 0.3363260367642278, 0.3120145227598108, 0.3201856146688047, 0.30555834977523144, 0.31675577422846923, 0.31251891281293787, 0.3146373422249503, 0.35861999573914904, 0.31594874807026074, 0.3181680596393087, 0.31211540232533996]}