{"final_performance": 0.15650082060268944, "time_steps": [1179.769543647766, 2107.519650220871, 3034.3977632522583, 3961.9184770584106, 4890.897980451584, 5819.531486272812, 6749.258869171143, 7679.209640979767, 8610.583678245544, 9541.143634319305, 10472.89344215393, 11404.097411870956, 12336.35897231102, 13267.294316291809, 14199.35663485527, 15131.80829834938, 16064.431698322296, 16996.937254428864, 17929.53894138336, 18861.05453324318, 19792.591925382614, 20725.245804786682, 21657.814030885696, 22590.35990166664, 23523.47123003006, 24456.80167746544, 25389.854490041733, 26323.442940473557, 27255.376527309418, 28188.26140832901, 29120.02679181099, 30053.344571828842, 30985.415457487106, 31918.57103228569, 32851.86710190773, 33785.53237533569, 34718.385825395584, 35650.2658829689, 36584.722522735596, 37517.4347820282], "runtime": 37517.4347820282, "config": {"batch_size": 356.6082365629118, "log2_n_units_2": 9.693629904643752, "log10_learning_rate": -3.2865468288393043, "log2_n_units_3": 9.829071092194182, "log2_n_units_1": 8.436990889508646}, "config_id": 168, "learning_curve": [0.5037118771246502, 0.3696829783064979, 0.31270062710557667, 0.3278491007430213, 0.25511637117181507, 0.2614365943840572, 0.336376388158117, 0.2714686947209495, 0.23154093538011822, 0.22532103317124508, 0.2554173341819218, 0.2217094770499638, 0.19071028700896675, 0.22391653912408016, 0.20896870962211067, 0.1810794706855502, 0.18188203871250153, 0.15880820368017468, 0.1616171939032418, 0.159711092710495, 0.1582062797886985, 0.15710274875164032, 0.1586075638021741, 0.15730339075837818, 0.15800563778196064, 0.15760435163974762, 0.15930980869701927, 0.15910916881901882, 0.15850724279880524, 0.15790531677859165, 0.15690210674490246, 0.15930981295449398, 0.15750403063637874, 0.15830660079206738, 0.15941013182912556, 0.15800563778196064, 0.15850724279880524, 0.15850724279880524, 0.1587078848055431, 0.15650082060268944]}