{"final_performance": 0.2138383825620015, "time_steps": [554.5864517688751, 858.3026688098907, 1161.8500175476074, 1465.1456418037415, 1768.2257225513458, 2071.3427290916443, 2374.1218526363373, 2676.5089194774628, 2978.8427941799164, 3280.796850681305, 3582.0745770931244, 3883.2520039081573, 4184.442249298096, 4485.79639172554, 4787.200522661209, 5088.428770542145, 5389.7236387729645, 5690.892309427261, 5992.046887636185, 6293.320740938187, 6594.291366815567, 6895.441000699997, 7196.406659603119, 7496.577870130539, 7796.607725858688, 8096.728660106659, 8396.331064939499, 8695.97266793251, 8995.544111013412, 9294.93724322319, 9594.290150642395, 9893.203810930252, 10192.10667514801, 10491.237495183945, 10790.344983577728, 11089.299038171768, 11388.080024719238, 11687.429133176804, 11987.038813114166, 12285.48953127861], "runtime": 12285.48953127861, "config": {"batch_size": 165.24626706888958, "log2_n_units_2": 6.899275629601767, "log10_learning_rate": -2.111810461459431, "log2_n_units_3": 6.860595245342253, "log2_n_units_1": 8.127027963270123}, "config_id": 250, "learning_curve": [0.47424242695172625, 0.3590909083684285, 0.3042424291372299, 0.2796969691912333, 0.2405050486326218, 0.2245454500118892, 0.2632323215405147, 0.2563636342684428, 0.2188888867696126, 0.20989898542563123, 0.2127272695302963, 0.21828282475471494, 0.23252525428930915, 0.2177777757247289, 0.2121212134758631, 0.22525252401828766, 0.22525252302487686, 0.22282827794551852, 0.2184848467508952, 0.20787878930568693, 0.2299999962250392, 0.21101009945074722, 0.21070706943670914, 0.19888888796170556, 0.22343434393405914, 0.22565656701723735, 0.2114141424496968, 0.20747474531332655, 0.2084848493337631, 0.23131313025951383, 0.23565656344095864, 0.22010100881258643, 0.20343433916568754, 0.2069696952899297, 0.21171716749668124, 0.21646464467048643, 0.21646464268366494, 0.21111110945542655, 0.21303030252456667, 0.2138383825620015]}