{"final_performance": 0.3245417505502701, "time_steps": [489.9505560398102, 730.2473149299622, 970.1268968582153, 1210.087188243866, 1449.9631197452545, 1690.0284540653229, 1930.1513674259186, 2170.3667550086975, 2410.6666271686554, 2651.0250430107117, 2891.3333156108856, 3131.5592453479767, 3372.001140832901, 3612.8003220558167, 3853.5539181232452, 4094.163714170456, 4334.7805733680725, 4575.340160369873, 4815.973753213882, 5056.573060274124, 5297.172103404999, 5537.777056932449, 5778.436316251755, 6019.157014846802, 6259.84662437439, 6500.732406139374, 6741.344260454178, 6981.924677610397, 7222.53853225708, 7463.003285646439, 7703.722827196121, 7944.347913742065, 8184.985549449921, 8425.712240934372, 8666.0339179039, 8906.848174571991, 9147.881055116653, 9388.554148435593, 9629.358926534653, 9870.224931716919], "runtime": 9870.224931716919, "config": {"batch_size": 491.55281949850706, "log2_n_units_2": 8.057300105182161, "log10_learning_rate": -0.8514482200206039, "log2_n_units_3": 5.803339773541724, "log2_n_units_1": 7.404108171516822}, "config_id": 130, "learning_curve": [0.8945010174065828, 0.8700610969215632, 0.7921588584780693, 0.6772912427783012, 0.6489816725254058, 0.5609979629516602, 0.5100814610719681, 0.5266802415251732, 0.5145621135830879, 0.447759672999382, 0.4336048930883407, 0.400305500626564, 0.3762729197740555, 0.39725050926208494, 0.38645621240139005, 0.3681262701749801, 0.3855397135019303, 0.3609979659318924, 0.3551934868097305, 0.34103870093822475, 0.319246432185173, 0.3310590654611587, 0.36415478289127345, 0.33818737268447874, 0.30814663469791415, 0.33665987849235535, 0.31741343438625336, 0.31965376734733586, 0.34684317708015444, 0.32596741318702693, 0.3109979599714279, 0.3082484722137451, 0.31812627315521236, 0.3204684287309647, 0.3355397194623947, 0.34847249686717985, 0.3236252546310425, 0.3037678182125092, 0.31303462386131287, 0.3245417505502701]}