{"final_performance": 0.298300156990687, "time_steps": [751.0801022052765, 1257.7534153461456, 1763.610235452652, 2269.0554645061493, 2774.7396428585052, 3280.235342979431, 3785.9459269046783, 4292.0127012729645, 4797.600353240967, 5303.09402346611, 5807.797603607178, 6312.83093547821, 6817.080778121948, 7321.3778347969055, 7826.035552024841, 8330.547530651093, 8835.074382066727, 9339.44590139389, 9843.709296226501, 10347.770895957947, 10851.751608133316, 11355.687933683395, 11859.328350067139, 12363.229216814041, 12866.96892285347, 13370.413588523865, 13873.908739805222, 14377.20476269722, 14880.749053001404, 15385.66815495491, 15889.044305324554, 16392.13034439087, 16894.61847448349, 17397.6421251297, 17900.19848394394, 18403.824697732925, 18907.243848323822, 19410.690820217133, 19913.793561697006, 20416.9645318985], "runtime": 20416.9645318985, "config": {"batch_size": 402.84636552519066, "log2_n_units_2": 8.253788962131662, "log10_learning_rate": -1.1653197059084972, "log2_n_units_3": 6.458928792650965, "log2_n_units_1": 8.757864647601933}, "config_id": 160, "learning_curve": [0.8269071318209171, 0.723880593975385, 0.6745439444979031, 0.6297678301731746, 0.5772180780768394, 0.5383499152958393, 0.4934701472520828, 0.47823382914066315, 0.5052860702077548, 0.42744609961907065, 0.3946932007869085, 0.3992537260055542, 0.3695066298047701, 0.37779850264390313, 0.3991500834623972, 0.3642205620805422, 0.32524875551462173, 0.3103233824173609, 0.35769071678320563, 0.32400497545798623, 0.30151326954364777, 0.3253523980577787, 0.3054519022504488, 0.3419361586372057, 0.3121890525023142, 0.30317164212465286, 0.31757877518733346, 0.30721392979224527, 0.30565919975439704, 0.30400082717339194, 0.32918740063905716, 0.30856135984261834, 0.3217247103651365, 0.31654228270053864, 0.2957089518507322, 0.32555970549583435, 0.3042081296443939, 0.3073175773024559, 0.309805137415727, 0.298300156990687]}