{"final_performance": 0.1771756638498867, "time_steps": [1160.7178077697754, 2072.6667218208313, 2985.6601045131683, 3899.463408946991, 4803.5281772613525, 5694.116341590881, 6584.165991306305, 7473.498232603073, 8363.01127743721, 9252.272780895233, 10141.661232233047, 11029.349958658218, 11897.87421631813, 12767.328280210495, 13637.855826854706, 14505.925841331482, 15373.562685728073, 16257.908589601517, 17144.23972606659, 18030.09516787529, 18916.34340929985, 19802.520699501038, 20689.00610089302, 21563.96142268181, 22429.695154190063, 23295.158521175385, 24160.71913409233, 25026.18081188202, 25891.8319170475, 26757.54618883133, 27623.31425333023, 28488.70626807213, 29354.54735159874, 30220.054629564285, 31085.89096045494, 31951.489379405975, 32817.42666578293, 33682.97813248634, 34549.061423540115, 35414.56796121597], "runtime": 35414.56796121597, "config": {"batch_size": 292.765163624436, "log2_n_units_2": 6.198295204895741, "log10_learning_rate": -3.0710763610779397, "log2_n_units_3": 7.909067801358689, "log2_n_units_1": 9.895315134881837}, "config_id": 33, "learning_curve": [0.46101934155997104, 0.3451853359446806, 0.2800161119769601, 0.2755842068616081, 0.27427477871670447, 0.25473408313358537, 0.26279210343080406, 0.2529210308018852, 0.2459709907279295, 0.2602739737314337, 0.25332392839824447, 0.21837228010682497, 0.25936745019520036, 0.231063656947192, 0.2332796068752513, 0.20890410507426538, 0.2063859771279728, 0.19802578407175397, 0.19429895281791687, 0.18523368064094992, 0.18110395179075356, 0.17687349109088668, 0.17657131657880898, 0.17365028051769027, 0.17516115483115702, 0.17304593324661255, 0.17395245678284588, 0.1751611565842348, 0.1742546295418459, 0.17445608096964216, 0.17485898733139038, 0.17435535437920513, 0.17465752889128294, 0.17697421417516823, 0.17274375873453474, 0.17556406294598303, 0.17334810600561257, 0.1759669605423423, 0.17586623921113853, 0.1771756638498867]}