{"final_performance": 0.15158189833164215, "time_steps": [566.5097301006317, 879.4463164806366, 1192.209198474884, 1505.1578197479248, 1818.307780265808, 2131.6272778511047, 2444.9879999160767, 2758.3531124591827, 3071.897476911545, 3385.3513629436493, 3698.8398399353027, 4012.507428884506, 4323.544636011124, 4625.897038221359, 4928.070541858673, 5230.03510594368, 5526.929124355316, 5823.461592435837, 6120.2737329006195, 6417.286358833313, 6713.8670563697815, 7010.383040904999, 7307.320286512375, 7604.828923940659, 7901.738771438599, 8198.442595243454, 8495.27161026001, 8792.11799621582, 9089.14297580719, 9385.725334644318, 9682.589438199997, 9979.311734676361, 10276.302619457245, 10573.12763762474, 10869.979825735092, 11166.683387517929, 11463.454975366592, 11760.475586414337, 12057.144540309906, 12354.137996435165], "runtime": 12354.137996435165, "config": {"batch_size": 227.02965242952573, "log2_n_units_2": 8.26537849485647, "log10_learning_rate": -2.839492307972617, "log2_n_units_3": 9.76686398731458, "log2_n_units_1": 6.916003369769631}, "config_id": 99, "learning_curve": [0.4805766879157587, 0.3612334782427008, 0.37535042112523864, 0.26081298020752997, 0.2607128538868644, 0.23778534477407287, 0.2483980777588758, 0.2302763353694569, 0.22096516056494275, 0.2260712805119428, 0.20354425365274598, 0.2201641947031021, 0.2149579538540407, 0.21926311606710602, 0.19673608785325836, 0.1729074865579605, 0.16239487582987, 0.15438526326959778, 0.15258310193365265, 0.15268322283571412, 0.15298357876864344, 0.15248298238624225, 0.15258309922435065, 0.15148178149353375, 0.1515818996862932, 0.15278334102847357, 0.1514817801388827, 0.15218262238935987, 0.15178214013576508, 0.15128153833475977, 0.15148178149353375, 0.15178214149041613, 0.1525831032883037, 0.15248298238624225, 0.15128154104406188, 0.15178213742646307, 0.15148178149353375, 0.15108129923993896, 0.1517821455543692, 0.15158189833164215]}