{"final_performance": 0.2457142711731426, "time_steps": [423.6006519794464, 597.6687269210815, 772.3039352893829, 947.0096271038055, 1121.6732139587402, 1296.353481054306, 1471.1085591316223, 1645.733009338379, 1820.4525933265686, 1995.1148476600647, 2169.9669053554535, 2344.7324912548065, 2519.7495114803314, 2694.366617202759, 2869.1615238189697, 3043.9823558330536, 3218.7174417972565, 3393.421026945114, 3567.7814507484436, 3742.4818313121796, 3917.313556432724, 4092.043336868286, 4266.7583339214325, 4441.637541294098, 4616.4166123867035, 4791.025295495987, 4965.821130990982, 5140.515511035919, 5315.277503490448, 5489.9363787174225, 5664.708584785461, 5839.412344455719, 6014.031537771225, 6188.848305463791, 6363.607634782791, 6538.457509994507, 6713.235014677048, 6887.9625425338745, 7063.049503326416, 7237.868866205215], "runtime": 7237.868866205215, "config": {"batch_size": 35.41810194910836, "log2_n_units_2": 4.366547291720393, "log10_learning_rate": -4.038426490874269, "log2_n_units_3": 8.41893931161679, "log2_n_units_1": 7.104383628452958}, "config_id": 118, "learning_curve": [0.4163408330658026, 0.35889722359807863, 0.3281202817172335, 0.30987466856053003, 0.3055638917705469, 0.30055136063642673, 0.2805012365182241, 0.2735839438020138, 0.26967416938982514, 0.2735839436974442, 0.26696740263386776, 0.2751879536269004, 0.25433582454396964, 0.2541353231982181, 0.25724309243653953, 0.2562405862306294, 0.25303256647628647, 0.25473682692176414, 0.24731828099802922, 0.2461152735509371, 0.2466165266538921, 0.25634083685122033, 0.2496240453761921, 0.26486213960145644, 0.24781953410098423, 0.2454135192068, 0.25002504785855606, 0.24992479713339555, 0.24401001051852578, 0.2518295589246248, 0.25293231585569553, 0.25453632568058215, 0.2502255489951686, 0.2489222909274854, 0.2590476036071777, 0.2606516135366339, 0.2589473529865868, 0.2477192834803933, 0.2773934671753331, 0.2457142711731426]}