{"final_performance": 0.2876518194492047, "time_steps": [52.90092587471008, 99.95772528648376, 147.16961550712585, 193.91119718551636, 240.80070805549622, 287.80139660835266, 334.63756227493286, 381.52706360816956, 428.6239984035492, 476.13964319229126, 523.3589713573456, 570.5801217556, 617.6279146671295, 664.7603394985199, 711.8580071926117, 759.2041654586792, 806.4539320468903, 853.6513247489929, 901.0377795696259, 948.1478688716888, 995.2040388584137, 1042.2748265266418, 1089.425040960312, 1136.41690325737, 1183.7551956176758, 1230.9041171073914, 1278.1038608551025, 1325.1267218589783, 1372.3383133411407, 1419.5088284015656, 1466.3761847019196, 1513.5821866989136, 1560.937413930893, 1608.4219250679016, 1655.9020159244537, 1703.3434491157532, 1750.5819690227509, 1797.8802132606506, 1844.9811453819275, 1892.1471455097198], "runtime": 1892.1471455097198, "config": {"batch_size": 152.49422791633384, "log2_n_units_2": 4.950488554509714, "log10_learning_rate": -3.088434204518986, "log2_n_units_3": 5.921202032359058, "log2_n_units_1": 4.070143413843754}, "config_id": 1, "learning_curve": [0.41842105434491084, 0.41740890787197993, 0.35404858405773454, 0.33309716261350186, 0.3244939290560209, 0.3104250999597403, 0.3078947388208829, 0.2935222699091985, 0.28076923260321984, 0.2704453468322754, 0.28319837863628683, 0.29240890833047717, 0.27580971351036654, 0.30334008015119107, 0.2736842127946707, 0.276214573933528, 0.2936234840979943, 0.3223684219213633, 0.28380566743703994, 0.27763158266360943, 0.2865384624554561, 0.2803643712630639, 0.28765182403417733, 0.3226720672387343, 0.28016194380246673, 0.3170040488243103, 0.2802631570742681, 0.2900809719012334, 0.2746963592676016, 0.28876518011093144, 0.2847166015551641, 0.2854251045447129, 0.31578947397378776, 0.28461538186440105, 0.27611336066172676, 0.2852226734161377, 0.2934210538864136, 0.2925101216022785, 0.2986842091266926, 0.2876518194492047]}