{"final_performance": 0.16244856119155882, "time_steps": [927.2180635929108, 1602.7223296165466, 2278.838398694992, 2955.24284696579, 3631.922402858734, 4308.592751264572, 4985.334510087967, 5662.113251686096, 6338.96594786644, 7015.571449279785, 7692.686498165131, 8369.34014081955, 9046.612363100052, 9723.63672208786, 10401.066402673721, 11078.415444374084, 11755.853666067123, 12433.352409124374, 13111.165207386017, 13788.556100845337, 14465.358202695847, 15141.948499202728, 15818.65936756134, 16494.67201590538, 17171.025895118713, 17846.96784543991, 18522.964389562607, 19199.10723423958, 19874.8868393898, 20551.33464074135, 21227.88663673401, 21904.541085481644, 22581.349901676178, 23258.40221762657, 23935.421243667603, 24612.323455810547, 25290.71075439453, 25967.076441526413, 26643.472812652588, 27319.851177453995], "runtime": 27319.851177453995, "config": {"batch_size": 324.9752309672655, "log2_n_units_2": 9.669351855037498, "log10_learning_rate": -3.186429852741412, "log2_n_units_3": 6.297481986379843, "log2_n_units_1": 8.37719513201743}, "config_id": 106, "learning_curve": [0.4211934189001719, 0.3676954746246338, 0.3383744855721792, 0.2699588437875112, 0.27170781890551254, 0.34269547859827676, 0.27582304279009506, 0.2465020596981049, 0.2764403243859609, 0.3145061751206716, 0.2153292238712311, 0.23189300497372944, 0.22901234825452166, 0.23189300696055093, 0.21028806567192082, 0.1974279820919037, 0.18580247163772579, 0.17211934526761374, 0.1666666706403096, 0.16347736318906148, 0.16512345870335898, 0.1660493850708008, 0.16502057313919072, 0.16286007761955257, 0.16409464875857038, 0.16306584676106772, 0.1629629671573639, 0.16255143880844114, 0.16327160795529683, 0.16368312438329058, 0.164814813931783, 0.16440329551696775, 0.1650205771128337, 0.16244855721791585, 0.1619341591993968, 0.16430041193962097, 0.16327160795529683, 0.16131686965624492, 0.16337448755900064, 0.16244856119155882]}