{"final_performance": 0.3407153288523356, "time_steps": [295.85768938064575, 340.8084239959717, 386.0028603076935, 431.2443587779999, 476.50549387931824, 521.7026546001434, 566.859475851059, 612.0493893623352, 657.2780132293701, 702.4694995880127, 747.710289478302, 792.8889181613922, 838.0879385471344, 883.3293752670288, 928.5039055347443, 973.7004446983337, 1018.9139015674591, 1064.1432452201843, 1109.3753337860107, 1154.6119487285614, 1199.8132684230804, 1245.0304346084595, 1290.30224609375, 1335.5866374969482, 1380.8870310783386, 1426.1685211658478, 1471.4956839084625, 1516.8165864944458, 1562.1167588233948, 1607.3911695480347, 1652.6798508167267, 1697.992730140686, 1743.3006551265717, 1788.6048073768616, 1833.887808084488, 1879.18208527565, 1924.4765403270721, 1969.7839403152466, 2015.011545419693, 2060.277130842209], "runtime": 2060.277130842209, "config": {"batch_size": 458.38964421068914, "log2_n_units_2": 4.895761635413674, "log10_learning_rate": -3.980744673010059, "log2_n_units_3": 4.424702430023665, "log2_n_units_1": 4.523932507172597}, "config_id": 113, "learning_curve": [0.6626117711975461, 0.5896236215318953, 0.5479309601443154, 0.5230817283902849, 0.501351630403882, 0.4813890570685977, 0.46776877130780903, 0.45362861951192224, 0.43928051278704694, 0.4328342761312213, 0.4234768180620103, 0.4159908493359884, 0.40902474380674814, 0.4064254476910546, 0.4038261544136774, 0.39030983334495906, 0.39176543269838604, 0.3837596121288481, 0.3767935122762408, 0.37201081003461567, 0.36857973961603074, 0.367540024575733, 0.36837179887862437, 0.37034725859051654, 0.35953420684451154, 0.36577251127788, 0.35298398846671697, 0.34996880236126127, 0.34996880519957774, 0.3466417193412781, 0.3499688080378941, 0.34393844718024846, 0.3427947589329311, 0.3432106460843768, 0.34050738527661273, 0.33354128258568905, 0.33728425843375065, 0.33811603273664204, 0.33478893268676035, 0.3407153288523356]}