{"final_performance": 0.16470223416884744, "time_steps": [427.9911825656891, 604.6335394382477, 781.6403412818909, 958.3991327285767, 1135.2828147411346, 1312.3339207172394, 1489.578411579132, 1667.349749326706, 1845.1166968345642, 2022.7631528377533, 2200.4789543151855, 2378.3228380680084, 2557.083843946457, 2735.9822504520416, 2913.862592458725, 3092.123974084854, 3270.573157310486, 3448.6223320961, 3626.767506122589, 3804.9859569072723, 3983.791764974594, 4163.086804389954, 4341.683481931686, 4520.0171439647675, 4698.635099411011, 4877.98034787178, 5056.470639467239, 5235.146245241165, 5413.798461198807, 5592.339002609253, 5770.875854969025, 5949.3193073272705, 6127.730282306671, 6306.237943410873, 6484.942143201828, 6663.428222179413, 6842.449069738388, 7021.038512229919, 7199.582633972168, 7378.114909410477], "runtime": 7378.114909410477, "config": {"batch_size": 403.75471905766346, "log2_n_units_2": 7.2678266522702035, "log10_learning_rate": -2.622221890532664, "log2_n_units_3": 9.573478881310724, "log2_n_units_1": 6.146315111899372}, "config_id": 178, "learning_curve": [0.5832299416263897, 0.4498552506168684, 0.4112903202573458, 0.36300661911567056, 0.3090363914767901, 0.24855252603689826, 0.27377997835477197, 0.29352770994106925, 0.3103804737329483, 0.22549627969662345, 0.2473118330041567, 0.25175765405098594, 0.22249793261289597, 0.2527915587027868, 0.24110835293928778, 0.18651778499285376, 0.21433002253373468, 0.18196856478850043, 0.17431761821111047, 0.16739040364821756, 0.16552936037381494, 0.16573614378770196, 0.16552936285734177, 0.16542597363392508, 0.16697683930397034, 0.16573614378770196, 0.16604632139205933, 0.16625309983889258, 0.16625310232241952, 0.1665632724761963, 0.166149710615476, 0.16542597115039825, 0.16583953549464547, 0.16604631642500556, 0.16614970813194907, 0.16563274711370468, 0.16614970564842224, 0.16552936037381494, 0.16604631642500556, 0.16470223416884744]}