{"final_performance": 0.1771175991743803, "time_steps": [925.3678793907166, 1606.3703444004059, 2287.7991120815277, 2969.6492669582367, 3651.6728250980377, 4334.415305137634, 5016.741128444672, 5698.90402173996, 6382.166772842407, 7066.577597141266, 7749.264981031418, 8432.839265108109, 9115.532477140427, 9799.061472654343, 10482.254743814468, 11165.76613354683, 11848.790573120117, 12533.116338253021, 13216.203417539597, 13899.904943704605, 14582.719114303589, 15265.92055273056, 15949.643705368042, 16633.464206695557, 17317.192002534866, 18000.265460968018, 18684.28595685959, 19367.826975107193, 20052.243952274323, 20736.741970539093, 21420.711650133133, 22104.017263174057, 22787.052770614624, 23470.398963451385, 24153.603459119797, 24837.141802549362, 25520.881543159485, 26204.025362730026, 26887.41189455986, 27573.157412052155], "runtime": 27573.157412052155, "config": {"batch_size": 304.9445642363531, "log2_n_units_2": 7.84856030862396, "log10_learning_rate": -3.708292478032705, "log2_n_units_3": 8.659487956222417, "log2_n_units_1": 9.171350981398646}, "config_id": 243, "learning_curve": [0.3845600299537182, 0.3237047679722309, 0.3252467140555382, 0.30150082148611546, 0.24146793223917484, 0.2633634898811579, 0.2704564109444618, 0.23509456776082516, 0.2296463791280985, 0.21854440867900848, 0.2311883233487606, 0.20764802955091, 0.2440378312021494, 0.21741365268826485, 0.19891036488115788, 0.2062088828533888, 0.18647203966975212, 0.18338815681636333, 0.1805098671466112, 0.18965871445834637, 0.17907072231173515, 0.1769120041280985, 0.18153782933950424, 0.18318256549537182, 0.17979029193520546, 0.18462171033024788, 0.17999588698148727, 0.17979029938578606, 0.18205181322991848, 0.17948191054165363, 0.18112664110958576, 0.17948191054165363, 0.17824835889041424, 0.18266858346760273, 0.1784539483487606, 0.17763157933950424, 0.17917351610958576, 0.18030427396297455, 0.18030427768826485, 0.1771175991743803]}