{"final_performance": 0.40277778108914697, "time_steps": [508.97216415405273, 770.6040153503418, 1030.5428597927094, 1289.8645327091217, 1549.2295062541962, 1808.5774159431458, 2067.881727695465, 2327.448539495468, 2587.064990758896, 2846.8527541160583, 3106.733239173889, 3368.339231967926, 3628.3661303520203, 3887.5773029327393, 4142.2989456653595, 4396.930778503418, 4651.456862688065, 4905.910727977753, 5160.418620347977, 5414.872134685516, 5669.412349700928, 5923.918097019196, 6178.451995372772, 6432.969652414322, 6687.580407142639, 6942.160618305206, 7196.664069414139, 7451.1170790195465, 7705.734882593155, 7960.240345716476, 8214.53512096405, 8468.98474574089, 8723.386440515518, 8977.82672715187, 9232.244984865189, 9486.606325149536, 9740.984404802322, 9995.419518470764, 10249.796874761581, 10504.154052972794], "runtime": 10504.154052972794, "config": {"batch_size": 405.6505953578457, "log2_n_units_2": 9.141272687905591, "log10_learning_rate": -0.5561549595914466, "log2_n_units_3": 6.713979278436125, "log2_n_units_1": 6.741375243525472}, "config_id": 38, "learning_curve": [0.8424897138029337, 0.798353910446167, 0.7671810692797104, 0.7298353935281436, 0.6719135828316212, 0.6727366261184216, 0.6270576144258182, 0.6216049380600452, 0.6041152278582256, 0.5713991795976956, 0.5685185194015503, 0.5098765417933464, 0.48497942090034485, 0.4985596686601639, 0.5554526758690674, 0.46995884552598, 0.4959876462817192, 0.44804526741305983, 0.43899176766475045, 0.44557613134384155, 0.45534979427854216, 0.45123457039395964, 0.4058642039696375, 0.37829218804836273, 0.38117284079392755, 0.40751028805971146, 0.38467078407605493, 0.4007201691468557, 0.3968106980125109, 0.37386831641197205, 0.4304526820778847, 0.4066872472564379, 0.43158436814943946, 0.37582304080327356, 0.3913580228885015, 0.37901234378417337, 0.3959876547257105, 0.39578189949194587, 0.3879629597067833, 0.40277778108914697]}