{"final_performance": 0.23335351546605432, "time_steps": [122.26553511619568, 238.7439739704132, 354.75287985801697, 470.5087242126465, 585.9779007434845, 701.2689261436462, 816.3496215343475, 931.4404225349426, 1046.4210031032562, 1161.4144191741943, 1276.179805278778, 1390.9935433864594, 1505.7163648605347, 1620.3473632335663, 1734.8895139694214, 1849.3478169441223, 1963.8010914325714, 2078.1526157855988, 2192.409238100052, 2306.0588624477386, 2417.8828825950623, 2529.6058440208435, 2641.2525255680084, 2752.830882549286, 2864.373882293701, 2975.894889354706, 3087.388176202774, 3198.8015463352203, 3310.2527792453766, 3421.7193524837494, 3533.139031648636, 3644.496248960495, 3755.8690485954285, 3867.2176282405853, 3978.594447851181, 4089.9257678985596, 4201.209444284439, 4312.269976854324, 4423.229895114899, 4534.187774419785], "runtime": 4534.187774419785, "config": {"batch_size": 118.78216326989975, "log2_n_units_2": 5.127309765455911, "log10_learning_rate": -2.2236808159740136, "log2_n_units_3": 9.885600571536992, "log2_n_units_1": 5.403300186578273}, "config_id": 19, "learning_curve": [0.5524616621079899, 0.42715899752719066, 0.3646085517747062, 0.29217110077540076, 0.31012913017045884, 0.2993341365030834, 0.26190476261434104, 0.2582727982884362, 0.261501207947731, 0.25918079274041317, 0.23930589287053972, 0.248385794815563, 0.2510088774419966, 0.2441485084238506, 0.23405972974640987, 0.2397094439892542, 0.2504035511187145, 0.24616626330784386, 0.26442695941243854, 0.2544390651441756, 0.2423325273252669, 0.245460046898751, 0.2456618235224769, 0.24909200909591855, 0.24798224156811122, 0.25211864496980396, 0.24546004831790924, 0.27834947194371906, 0.24223163723945618, 0.23769169052441919, 0.2337570644560314, 0.23617837187789736, 0.24142453571160638, 0.2504035504091353, 0.24213075141112006, 0.25817191316967913, 0.2523204180456343, 0.2560532681998753, 0.2517150981085641, 0.23335351546605432]}