{"final_performance": 0.16504065394401546, "time_steps": [410.6106185913086, 574.2733340263367, 738.3313407897949, 902.586841583252, 1067.5130188465118, 1232.0093476772308, 1396.6459457874298, 1561.9312725067139, 1726.6914896965027, 1892.673632144928, 2057.5665361881256, 2222.471068382263, 2388.5123784542084, 2553.4398186206818, 2718.5036590099335, 2883.578063726425, 3050.0804991722107, 3214.977289915085, 3381.9453072547913, 3546.88973069191, 3711.687075138092, 3876.7195332050323, 4041.5242598056793, 4206.990409612656, 4372.102187156677, 4537.039753913879, 4701.824483394623, 4866.709334611893, 5031.669677734375, 5197.213767290115, 5363.2208461761475, 5528.071501493454, 5693.384314537048, 5858.3992376327515, 6023.26087975502, 6188.105784416199, 6353.16182923317, 6518.294082403183, 6683.291228294373, 6848.308594226837], "runtime": 6848.308594226837, "config": {"batch_size": 328.71746852528247, "log2_n_units_2": 6.743890610733064, "log10_learning_rate": -2.7233085677260487, "log2_n_units_3": 8.959005483236918, "log2_n_units_1": 6.641779094221748}, "config_id": 24, "learning_curve": [0.5733739842971166, 0.4029471556345622, 0.31727642615636187, 0.30060975948969526, 0.2806910554567973, 0.23282520572344467, 0.25091463327407837, 0.25599593917528785, 0.22286585569381712, 0.24563008348147075, 0.21839430928230286, 0.21351625919342043, 0.25, 0.18821138342221577, 0.18689024448394775, 0.22520325382550554, 0.20497966806093848, 0.19989837408065791, 0.2591463446617126, 0.20752032597859704, 0.1840447207291921, 0.16859756708145146, 0.16646341880162552, 0.16747967799504593, 0.16544715762138362, 0.16636179288228348, 0.1661585390567779, 0.16656504273414607, 0.1658536612987518, 0.16554878155390418, 0.163922768831253, 0.1654471596082051, 0.16493903398513798, 0.1666666726271312, 0.16575203537940975, 0.16504065394401546, 0.16554878552754715, 0.16575203736623123, 0.1669715523719788, 0.16504065394401546]}