{"final_performance": 0.3526145800566062, "time_steps": [354.37837767601013, 457.39804434776306, 560.5268194675446, 663.7159230709076, 766.964230298996, 870.2088329792023, 973.4269518852234, 1076.6746938228607, 1179.9555563926697, 1283.2594316005707, 1386.5669026374817, 1489.830010175705, 1593.1014411449432, 1696.4624366760254, 1799.7435925006866, 1903.0989744663239, 2006.4404861927032, 2109.8376088142395, 2213.228458404541, 2316.6768736839294, 2420.1188464164734, 2523.5719454288483, 2626.9775400161743, 2730.4045865535736, 2833.8282980918884, 2937.1933975219727, 3040.603699207306, 3143.9997346401215, 3247.2607185840607, 3350.5187170505524, 3453.673056602478, 3556.957974910736, 3660.3104751110077, 3763.657542705536, 3866.9898438453674, 3971.975759744644, 4075.2389707565308, 4178.432206630707, 4281.4841141700745, 4384.601967096329], "runtime": 4384.601967096329, "config": {"batch_size": 254.8736667187943, "log2_n_units_2": 6.534415759943393, "log10_learning_rate": -1.140280889060607, "log2_n_units_3": 9.808172466207617, "log2_n_units_1": 4.250360527354246}, "config_id": 188, "learning_curve": [0.8037552994031172, 0.6958409020533929, 0.6369876869213886, 0.6124570996333392, 0.5751059949398041, 0.548960227232713, 0.5096910985616537, 0.47022007214717376, 0.4492226991897974, 0.46557642481265926, 0.44044013512440217, 0.4161114402306385, 0.42418735760908866, 0.438522105033581, 0.3782556041693076, 0.42741771997549594, 0.3877447965817574, 0.37876034547121096, 0.37320815599881685, 0.3953159665450071, 0.39016756950280607, 0.39117705821990967, 0.3613971364803803, 0.3482737770447364, 0.3480718808296399, 0.3944074266996139, 0.35877246581591093, 0.3766404176369692, 0.4106601950449821, 0.3671512267528436, 0.3511003500375992, 0.3400969138512244, 0.3676559649980985, 0.3516050913395026, 0.35029275295061946, 0.3376741455151484, 0.35170604326786137, 0.3406016597381005, 0.34605290492375695, 0.3526145800566062]}