{"final_performance": 0.28738855781839856, "time_steps": [687.2864582538605, 1120.7426691055298, 1554.6147966384888, 1988.933033466339, 2423.366106271744, 2858.296897649765, 3292.994997739792, 3727.721087217331, 4162.538734197617, 4596.996264457703, 5031.54424738884, 5465.861979007721, 5900.030872106552, 6334.096433162689, 6767.858633518219, 7201.60448718071, 7635.09722161293, 8068.856290340424, 8502.82138967514, 8936.502963781357, 9370.360603094101, 9804.031881093979, 10237.790859937668, 10671.542310237885, 11105.325922727585, 11539.374839782715, 11973.303785562515, 12407.055995464325, 12841.147956132889, 13275.09133219719, 13708.676222085953, 14142.04040813446, 14576.434553146362, 15010.471289157867, 15444.494758367538, 15878.542810201645, 16312.265547275543, 16745.894030570984, 17179.870652914047, 17613.885273218155], "runtime": 17613.885273218155, "config": {"batch_size": 149.99636470392534, "log2_n_units_2": 9.46196362517881, "log10_learning_rate": -1.4067912214754559, "log2_n_units_3": 9.767517369853154, "log2_n_units_1": 5.930349336738166}, "config_id": 64, "learning_curve": [0.7349494144098083, 0.6252629467800481, 0.5501352317297636, 0.4730041067102062, 0.43624160627820596, 0.39847741287146043, 0.3796453956347793, 0.35810878383579536, 0.33526995911527036, 0.4159070391263535, 0.31763998430166673, 0.3050185272942728, 0.30101171803118576, 0.3021135944039074, 0.30041069415078236, 0.2855854977422686, 0.2871882203799575, 0.29470098908267806, 0.2913953706399718, 0.28518481307954935, 0.29289792277919713, 0.29339877794038005, 0.2826805586245522, 0.2935991109307132, 0.291395372419215, 0.29219673284843783, 0.29399979915191876, 0.2973054184842465, 0.29460082214270067, 0.2984072877399957, 0.290694179819591, 0.2868877115534313, 0.2821797052426125, 0.29660422410537945, 0.29179604996496167, 0.3103275565958735, 0.28999298633034554, 0.288089751307644, 0.28258038723646706, 0.28738855781839856]}