{"final_performance": 0.34295484374781127, "time_steps": [489.9114339351654, 731.2537088394165, 972.7453136444092, 1213.8506574630737, 1454.2963638305664, 1695.3459486961365, 1936.5143616199493, 2177.7099413871765, 2418.8534228801727, 2660.0681133270264, 2900.8219079971313, 3141.363256931305, 3382.210658311844, 3622.885135412216, 3862.9738562107086, 4103.900044202805, 4344.6566116809845, 4585.3666479587555, 4826.207008123398, 5066.934438467026, 5307.457237482071, 5547.5567672252655, 5788.059745550156, 6028.571177959442, 6268.597599983215, 6508.675539731979, 6749.282394647598, 6989.807789325714, 7230.445067882538, 7471.016810894012, 7711.597377300262, 7951.487634181976, 8191.972383737564, 8432.357882022858, 8672.236521959305, 8912.36371088028, 9153.033267259598, 9393.503093004227, 9633.908957958221, 9874.520357131958], "runtime": 9874.520357131958, "config": {"batch_size": 163.08668353279117, "log2_n_units_2": 4.973267119619802, "log10_learning_rate": -1.2549768883148413, "log2_n_units_3": 6.645868806131311, "log2_n_units_1": 8.050604084910141}, "config_id": 131, "learning_curve": [0.6897314684312852, 0.5877501774029654, 0.5195615027771621, 0.4729960780651843, 0.4655536559761547, 0.430353013706989, 0.4006838964634254, 0.4176807833499596, 0.4340742254843477, 0.4169767713937603, 0.35653223366033837, 0.36105803192638963, 0.36578497241755004, 0.3711153620579204, 0.36588554792716854, 0.36447752010626866, 0.34748064201386253, 0.3568339553035673, 0.3664889902365013, 0.343155990858547, 0.34225083276873725, 0.34929096014773264, 0.3625666313484067, 0.3354118476148511, 0.3595494334814978, 0.3327969459236645, 0.3463743348590663, 0.36699185410483937, 0.36115860743600814, 0.3401387929916382, 0.33651815672389795, 0.33561299765696295, 0.35019611530616634, 0.3657849743718007, 0.3491903885466153, 0.3468772006816552, 0.33551242117021907, 0.3583425508170831, 0.3686010280593497, 0.34295484374781127]}