{"final_performance": 0.16500050983121317, "time_steps": [163.57259583473206, 323.06224370002747, 483.0317528247833, 643.2234144210815, 802.1237096786499, 961.0941355228424, 1120.1305904388428, 1279.3296251296997, 1438.5353655815125, 1597.8432087898254, 1757.0983917713165, 1916.422200202942, 2075.8464970588684, 2235.2184715270996, 2392.03134226799, 2548.3380551338196, 2704.6830282211304, 2861.1164288520813, 3017.4944036006927, 3173.880311489105, 3330.342630624771, 3486.8366940021515, 3643.191482067108, 3799.612551212311, 3956.1101083755493, 4112.647482872009, 4268.982984304428, 4425.3402462005615, 4580.36452126503, 4733.533083438873, 4888.049997806549, 5042.661025285721, 5197.205311536789, 5351.832672834396, 5506.359153985977, 5660.924453258514, 5815.5764627456665, 5970.199205636978, 6124.522277355194, 6278.941427707672], "runtime": 6278.941427707672, "config": {"batch_size": 313.28242409884456, "log2_n_units_2": 6.937294851523424, "log10_learning_rate": -2.8016497682475863, "log2_n_units_3": 9.14092293545021, "log2_n_units_1": 6.3053651953959795}, "config_id": 17, "learning_curve": [0.5006698975639958, 0.3858600393418343, 0.34937649196194065, 0.39925796370352473, 0.26476347638714703, 0.24281149910342303, 0.3154694457207957, 0.21333607550590272, 0.21838606172992336, 0.2239513551035235, 0.2633206248283386, 0.2100381312831756, 0.20807997257478772, 0.19725857819280312, 0.2207564576979606, 0.17963516327642626, 0.16592806000863347, 0.16829846559032313, 0.16520663038376837, 0.16345459415066632, 0.1645882629579113, 0.16510357010749077, 0.1636607204714129, 0.1630423530455558, 0.163248473598111, 0.16479438735592755, 0.1651035643392994, 0.16345459607339674, 0.16304235689101676, 0.16293928892381726, 0.16551581121260117, 0.1632484716753806, 0.1633515338743886, 0.1629392908465478, 0.1639699013002457, 0.16355765634967434, 0.16355765634967434, 0.1629392908465478, 0.16355765827240487, 0.16500050983121317]}