{"final_performance": 0.47720855232831594, "time_steps": [339.7617623806, 425.53789138793945, 511.3420193195343, 596.941401720047, 683.1116881370544, 768.6253910064697, 854.4343543052673, 940.5094294548035, 1026.5227408409119, 1112.3801696300507, 1198.2166757583618, 1283.55193400383, 1369.0250489711761, 1454.3870112895966, 1540.0026247501373, 1625.7534329891205, 1711.6428298950195, 1796.8773448467255, 1882.5447824001312, 1968.3302643299103, 2054.102400779724, 2139.4724056720734, 2225.064885854721, 2311.002456665039, 2396.1871190071106, 2481.683248281479, 2567.4639229774475, 2652.9921658039093, 2738.4091482162476, 2823.943272590637, 2910.0335693359375, 2995.978448867798, 3081.462035894394, 3167.4991393089294, 3253.03031373024, 3338.566517829895, 3423.98130774498, 3509.46910238266, 3594.7079179286957, 3680.348769903183], "runtime": 3680.348769903183, "config": {"batch_size": 268.0636842466096, "log2_n_units_2": 5.986308254220907, "log10_learning_rate": -5.4167107135934565, "log2_n_units_3": 4.402564697987563, "log2_n_units_1": 5.9529724271495255}, "config_id": 96, "learning_curve": [0.8553852364420891, 0.8025413473715654, 0.7528237205099415, 0.7194433248526342, 0.6911052835954202, 0.6703307749451818, 0.6521782979771897, 0.6347317462031905, 0.6181928217411041, 0.6076038721445445, 0.5987293277237866, 0.5915691812296171, 0.5824929435510893, 0.5737192413291415, 0.5677692608253375, 0.561718435706319, 0.5572811622877378, 0.5527430410320695, 0.54699475620244, 0.541549013273136, 0.538624443717905, 0.5318676869611483, 0.5294473565913536, 0.5256151645570188, 0.5197660318903021, 0.5169423117830947, 0.5135135127080453, 0.5092779301308297, 0.5069584492090586, 0.5032271050118111, 0.5009076200626992, 0.4973779723450944, 0.49263816105352864, 0.4912262961671159, 0.48941104637609945, 0.48578055243234375, 0.4848729267313674, 0.48285598690445364, 0.4791246402908016, 0.47720855232831594]}