{"final_performance": 0.21686140070222826, "time_steps": [457.61594700813293, 659.3347396850586, 861.0269780158997, 1062.8634417057037, 1264.9430167675018, 1466.9489693641663, 1669.0298960208893, 1871.192532300949, 2073.484674692154, 2275.5698232650757, 2477.492647409439, 2679.8765766620636, 2882.357552051544, 3084.8956158161163, 3287.066075563431, 3489.488110780716, 3691.929412126541, 3893.875706911087, 4095.7329907417297, 4297.9138214588165, 4499.911038637161, 4701.855647802353, 4904.071621417999, 5106.285932064056, 5308.541635990143, 5510.845159292221, 5713.086599826813, 5915.222359895706, 6117.443554639816, 6319.608731269836, 6521.7699592113495, 6724.002171993256, 6926.3231563568115, 7128.638966321945, 7330.822499752045, 7533.070268154144, 7735.247883558273, 7936.986390590668, 8138.923066854477, 8340.988328933716], "runtime": 8340.988328933716, "config": {"batch_size": 136.67971811655616, "log2_n_units_2": 7.982693841621115, "log10_learning_rate": -4.021332506819313, "log2_n_units_3": 8.654515072728508, "log2_n_units_1": 6.212613819294026}, "config_id": 199, "learning_curve": [0.3834609201509659, 0.3362207910785936, 0.30539887163737045, 0.32826349669939847, 0.30509669731741085, 0.3031829179149784, 0.2819298954859172, 0.2712530248785672, 0.2601732472850852, 0.2579572943791951, 0.26067687550636187, 0.29079371609099924, 0.2874697822414033, 0.2526188541765082, 0.23317888664872677, 0.23438759046058133, 0.2495971003623858, 0.24264706079274012, 0.24365430743726968, 0.2855560044719748, 0.31718372318842636, 0.22713537330496802, 0.22280418791183054, 0.2182715584153998, 0.21887591032132714, 0.21726430442235245, 0.21948025977774843, 0.22371071822022737, 0.2183722804670465, 0.21897663400597767, 0.2199838814670092, 0.2213940375471768, 0.22270346177767397, 0.22048750723877997, 0.2181708306482394, 0.22159548899898796, 0.6154311038043401, 0.26057614447319344, 0.2176672024269627, 0.21686140070222826]}