{"final_performance": 0.24259703925677711, "time_steps": [335.5889401435852, 419.3862748146057, 503.1942529678345, 587.0515937805176, 670.9330191612244, 754.8277606964111, 838.6702222824097, 922.4907193183899, 1006.2950024604797, 1090.0875644683838, 1173.843329668045, 1257.6320343017578, 1341.3908305168152, 1425.112497329712, 1508.8668999671936, 1592.633192062378, 1676.4434416294098, 1760.1519536972046, 1843.8606190681458, 1927.5934517383575, 2011.3749468326569, 2095.1100010871887, 2178.8851189613342, 2262.390594959259, 2345.988537311554, 2429.5427343845367, 2513.104184150696, 2596.8160502910614, 2680.4882361888885, 2764.097458600998, 2847.764440059662, 2931.36812210083, 3015.009600877762, 3098.5990414619446, 3182.198173761368, 3265.8034942150116, 3349.3888409137726, 3432.9470410346985, 3516.51309299469, 3600.1009364128113], "runtime": 3600.1009364128113, "config": {"batch_size": 238.93838620669445, "log2_n_units_2": 5.608936430016074, "log10_learning_rate": -2.2033647535607583, "log2_n_units_3": 5.449602350336798, "log2_n_units_1": 5.797271208664396}, "config_id": 333, "learning_curve": [0.47068826144649867, 0.332432971114204, 0.30652260496502826, 0.27440976103146875, 0.2712084778717586, 0.25370147824287415, 0.25390155968211947, 0.23789515523683458, 0.24399759797822862, 0.23899559747605092, 0.2524009616602034, 0.23369347481500535, 0.23319328115099958, 0.2694077633676075, 0.2451980752604348, 0.2440976344403767, 0.24679871967860634, 0.26200479836690993, 0.239495799655006, 0.24059623763674787, 0.26910763837042306, 0.2577030800637745, 0.23299319687343778, 0.24799920405660358, 0.24609843747956417, 0.25640256206194556, 0.24789916333698092, 0.24169668271428058, 0.2579031600838616, 0.24409764295532588, 0.24169667845680598, 0.24929972205843243, 0.24609843747956417, 0.23799519737561547, 0.2387955202942803, 0.24309724285489032, 0.252300922359739, 0.25080031866119024, 0.244998003755297, 0.24259703925677711]}