{"final_performance": 0.8987878788262605, "time_steps": [355.3667206764221, 460.6625270843506, 565.9692013263702, 671.3616166114807, 776.7971804141998, 882.149576663971, 987.4680275917053, 1093.0311357975006, 1198.5864276885986, 1304.0654814243317, 1409.5046210289001, 1514.8580043315887, 1620.273502588272, 1725.7046194076538, 1831.05304479599, 1936.4213466644287, 2041.8025391101837, 2147.232381105423, 2252.6335709095, 2358.2137458324432, 2463.7218329906464, 2569.2142009735107, 2674.830305337906, 2780.419950246811, 2885.9081065654755, 2991.4552009105682, 3096.942417860031, 3202.528710126877, 3309.7481565475464, 3415.090726852417, 3520.396364927292, 3625.7807471752167, 3731.2090146541595, 3836.6737158298492, 3942.159587621689, 4047.6485064029694, 4153.0987758636475, 4258.4544994831085, 4363.848533153534, 4469.170021057129], "runtime": 4469.170021057129, "config": {"batch_size": 495.1356433854908, "log2_n_units_2": 6.683480974980647, "log10_learning_rate": -0.22472461333686145, "log2_n_units_3": 5.654720439356007, "log2_n_units_1": 6.264884219869793}, "config_id": 29, "learning_curve": [0.8943434346467256, 0.9045454543083906, 0.8987878784537315, 0.9020202025771141, 0.9003030307590961, 0.8971717171370983, 0.8971717171370983, 0.9020202025771141, 0.8987878788262605, 0.9045454543083906, 0.9045454543083906, 0.8971717171370983, 0.9025252524763345, 0.9020202025771141, 0.8977777779102325, 0.900000000372529, 0.9025252524763345, 0.8987878788262605, 0.900000000372529, 0.8987878788262605, 0.8971717171370983, 0.8987878784537315, 0.9020202025771141, 0.8971717171370983, 0.9020202025771141, 0.9025252524763345, 0.9020202025771141, 0.9003030307590961, 0.8977777779102325, 0.8977777779102325, 0.8977777779102325, 0.9045454543083906, 0.9045454543083906, 0.8987878788262605, 0.9025252524763345, 0.9025252524763345, 0.8987878788262605, 0.900000000372529, 0.900000000372529, 0.8987878788262605]}