{"final_performance": 0.30427367499705116, "time_steps": [374.02030324935913, 513.5617146492004, 651.9542551040649, 790.1740164756775, 928.4832892417908, 1067.050436258316, 1205.4361004829407, 1343.909865140915, 1482.4063684940338, 1621.1633150577545, 1759.4014418125153, 1897.9091966152191, 2036.154764175415, 2174.5311641693115, 2312.9581887722015, 2451.6817491054535, 2589.907166957855, 2727.9626982212067, 2866.555909872055, 3004.7647829055786, 3142.983856678009, 3281.100527048111, 3419.53973531723, 3557.9505774974823, 3695.83358168602, 3834.210385322571, 3972.574313879013, 4111.081093549728, 4249.658104658127, 4387.729789733887, 4525.974491119385, 4665.49632024765, 4803.927268743515, 4944.103380441666, 5083.656968593597, 5223.12145614624, 5361.572230100632, 5499.958804130554, 5638.803484201431, 5777.410636663437], "runtime": 5777.410636663437, "config": {"batch_size": 112.87500037874801, "log2_n_units_2": 7.390465097757838, "log10_learning_rate": -4.395709249952148, "log2_n_units_3": 7.614416736715896, "log2_n_units_1": 5.878060710284675}, "config_id": 88, "learning_curve": [0.4312800959254919, 0.39185393325398477, 0.350120387720258, 0.3452046533648887, 0.35573836256948754, 0.32062600435835586, 0.302066610100564, 0.31671348247635234, 0.2938402897856208, 0.3055778487344806, 0.29203451014636606, 0.2900280939059311, 0.290730339087797, 0.2844101123595506, 0.2898274492681696, 0.29113162233588397, 0.29735152774982243, 0.29424157236399273, 0.2810995183633954, 0.2910312996821457, 0.28210272949733095, 0.2797953486442566, 0.2794943780041812, 0.29955858728858864, 0.2768860332081827, 0.2746789743391316, 0.2839085091365857, 0.28220305148135405, 0.2787921348314607, 0.28089887573477923, 0.2744783317105154, 0.27678571658188034, 0.278190211633618, 0.2758828260925379, 0.27217094616943527, 0.27086677444115115, 0.270164527919855, 0.2860152487004741, 0.2701645265804248, 0.30427367499705116]}