{"final_performance": 0.22674771717616493, "time_steps": [591.705215215683, 928.033965587616, 1265.2094163894653, 1601.861205816269, 1938.6906597614288, 2275.7937574386597, 2613.64746594429, 2951.248940706253, 3289.0232598781586, 3627.2838172912598, 3964.995885848999, 4303.156806468964, 4641.154273033142, 4978.770776748657, 5317.157999515533, 5654.8584270477295, 5992.20782160759, 6330.16308927536, 6668.098126173019, 7006.219850063324, 7344.307790279388, 7682.022652626038, 8019.7390785217285, 8357.976252317429, 8696.075742959976, 9034.649961709976, 9372.74971485138, 9710.73955321312, 10048.679599761963, 10386.505817174911, 10724.013041734695, 11061.93667268753, 11399.308453559875, 11736.707056999207, 12074.610578536987, 12412.234284639359, 12749.340066671371, 13086.838270664215, 13424.167305707932, 13761.343312978745], "runtime": 13761.343312978745, "config": {"batch_size": 470.26969220584795, "log2_n_units_2": 9.008673354074816, "log10_learning_rate": -1.6288776497149442, "log2_n_units_3": 9.468841761148134, "log2_n_units_1": 6.233539633341936}, "config_id": 62, "learning_curve": [0.8131712256442933, 0.6528875387850261, 0.5628166127772558, 0.5166160066922505, 0.47983789302053903, 0.44832827363695416, 0.38996960719426477, 0.4012158002172198, 0.3375886508396694, 0.2951367724509466, 0.3274569369497753, 0.2811550185793922, 0.2953394083749681, 0.26585613829748966, 0.27011145012719295, 0.26180344536190936, 0.28409321251369657, 0.2581560327893212, 0.24468085027876352, 0.25207699196679256, 0.24984802518572125, 0.24214791967755267, 0.23627152897062753, 0.23728470007578528, 0.2327254301025754, 0.22816615445273258, 0.2610942238853091, 0.23515704132261728, 0.24062816301981604, 0.24670719248907902, 0.2270516696430388, 0.22765957173847018, 0.23262411923635573, 0.21833840154466178, 0.24782168297540574, 0.22806484074819655, 0.23576494341804866, 0.22806483507156372, 0.22695034742355347, 0.22674771717616493]}