{"final_performance": 0.26433380513355653, "time_steps": [764.5758399963379, 1277.4210886955261, 1789.9446015357971, 2302.891077518463, 2816.081204891205, 3329.0472400188446, 3841.6736030578613, 4354.77098608017, 4867.895837068558, 5380.610521316528, 5893.378048419952, 6406.7081553936005, 6919.956770658493, 7433.050417661667, 7946.025635719299, 8459.693073511124, 8972.943645000458, 9485.861165523529, 9999.193810224533, 10512.212360858917, 11025.40208029747, 11538.574090003967, 12051.614089727402, 12564.706451654434, 13077.62869143486, 13591.214564323425, 14104.888050556183, 14618.121101617813, 15131.76046037674, 15645.542014837265, 16158.900014162064, 16672.65124154091, 17186.075618743896, 17699.565144777298, 18212.902046442032, 18726.27363872528, 19240.009306669235, 19754.04160308838, 20268.273892641068, 20782.857546806335], "runtime": 20782.857546806335, "config": {"batch_size": 338.5024523387084, "log2_n_units_2": 5.832331901297998, "log10_learning_rate": -4.452259581766558, "log2_n_units_3": 9.289654858840217, "log2_n_units_1": 9.062052946462314}, "config_id": 213, "learning_curve": [0.4706182438751747, 0.40155070197993314, 0.39440930506278726, 0.3695164281746437, 0.32677004255097486, 0.320852883930864, 0.3364619509927158, 0.3248316666175579, 0.3007549479089934, 0.2924913311826771, 0.30871251328238125, 0.3024892889220139, 0.2856559876737923, 0.28126912898030776, 0.2976943480557409, 0.2810650878939135, 0.2718832862788233, 0.27596409567471203, 0.27627015113830566, 0.27933075099155824, 0.2769842908300203, 0.2787186318430407, 0.26535400851019497, 0.28402366925930156, 0.2606610922977842, 0.2539277693320965, 0.2652519859116653, 0.2652519879669979, 0.25902876771729566, 0.2539277693320965, 0.2606610881871191, 0.2717812677909588, 0.2790246873066343, 0.26831258782025036, 0.25617220895043735, 0.27994287219540825, 0.2475005079960001, 0.25178534820162013, 0.2667822878936241, 0.26433380513355653]}