{"final_performance": 0.27902911390577045, "time_steps": [351.79197788238525, 454.13747334480286, 556.8480756282806, 659.2108404636383, 761.6400969028473, 864.1822805404663, 966.8826215267181, 1069.6583783626556, 1172.610282421112, 1275.5923244953156, 1378.5759315490723, 1481.748794078827, 1584.9783141613007, 1688.073422908783, 1791.3418381214142, 1894.6638956069946, 1997.8747477531433, 2101.176717042923, 2204.427718400955, 2307.812379837036, 2411.1481597423553, 2514.42085146904, 2617.7172017097473, 2721.0310616493225, 2824.3709001541138, 2927.678766489029, 3031.0351643562317, 3134.3466868400574, 3237.749398946762, 3342.645766019821, 3445.9416687488556, 3549.1710941791534, 3652.513517856598, 3754.137355566025, 3855.4518296718597, 3956.5729966163635, 4057.7910697460175, 4158.917211294174, 4260.092524290085, 4361.200707197189], "runtime": 4361.200707197189, "config": {"batch_size": 463.1847006365597, "log2_n_units_2": 7.658230043943138, "log10_learning_rate": -1.4383977879267151, "log2_n_units_3": 6.876132413226384, "log2_n_units_1": 5.255324574612845}, "config_id": 37, "learning_curve": [0.8354417383670807, 0.7353697412070774, 0.6840481346561795, 0.5931296930426643, 0.5476704708167485, 0.5267921388149261, 0.5055024141357058, 0.47495629531996586, 0.4370050401914687, 0.500977064882006, 0.4057389668055943, 0.3647022502762931, 0.34732078370593844, 0.3475264821733747, 0.32963077227274573, 0.31595186960129507, 0.32068291164579843, 0.32963076943442937, 0.31944872651781353, 0.2891083019120353, 0.30186156715665546, 0.31019232386634465, 0.2977476034845624, 0.31142651750927874, 0.3431039793150765, 0.30258150327773325, 0.31410058907100136, 0.28838836011432467, 0.2943535901251293, 0.28304021699087956, 0.27697212355477474, 0.3150262236595154, 0.31122082188015887, 0.296513421194894, 0.2981590089343843, 0.28458294982001897, 0.2951763896715074, 0.3139977369989667, 0.28746271701086135, 0.27902911390577045]}