{"final_performance": 0.1900207877159119, "time_steps": [343.72740149497986, 454.92649030685425, 565.6175713539124, 676.0384430885315, 786.2077538967133, 897.0323493480682, 1007.925544500351, 1118.8191318511963, 1229.2796308994293, 1340.2395069599152, 1450.6862857341766, 1561.4045195579529, 1672.2410862445831, 1782.8630027770996, 1893.705869436264, 2004.7429678440094, 2115.341804265976, 2226.5289137363434, 2337.237996816635, 2447.9468400478363, 2559.45637011528, 2670.1031827926636, 2781.731171607971, 2892.7051963806152, 3003.931514263153, 3114.907359600067, 3225.944664001465, 3337.6575961112976, 3449.0301365852356, 3559.784060239792, 3671.2988114356995, 3782.084055185318, 3893.12858915329, 4004.237397670746, 4115.604793787003, 4226.684915781021, 4337.705417394638, 4449.018578290939, 4560.129496335983, 4671.248186588287], "runtime": 4671.248186588287, "config": {"batch_size": 481.9146279516731, "log2_n_units_2": 6.713298092480436, "log10_learning_rate": -2.2195762926443, "log2_n_units_3": 9.15309857231582, "log2_n_units_1": 5.461902698384705}, "config_id": 103, "learning_curve": [0.6086278542876243, 0.5414760932326317, 0.4754677668213845, 0.37151767313480377, 0.3439708948135376, 0.30665280520915983, 0.3280665308237076, 0.3355509370565415, 0.28627858757972713, 0.2679833739995956, 0.2675675719976425, 0.24833680093288424, 0.2437629997730255, 0.24054053723812108, 0.23659043610095976, 0.23461538255214687, 0.22879417836666105, 0.21891891956329346, 0.22422037720680232, 0.22193346619606014, 0.20395010411739345, 0.2073804616928101, 0.2051974982023239, 0.20145529806613927, 0.19760914444923405, 0.1932432442903519, 0.19178793430328367, 0.1903326451778412, 0.18939709067344668, 0.19074844419956205, 0.1895010352134705, 0.18918918967247011, 0.18856549263000488, 0.18887734413146973, 0.188981294631958, 0.18950104713439941, 0.19085239470005033, 0.18981288671493535, 0.19002079367637636, 0.1900207877159119]}