{"final_performance": 0.1608004813844507, "time_steps": [524.2508080005646, 797.7164859771729, 1071.6099531650543, 1345.6619970798492, 1619.4753062725067, 1893.6132650375366, 2167.5502338409424, 2441.4719412326813, 2715.7365877628326, 2989.873592853546, 3264.3769447803497, 3538.5161986351013, 3812.8658182621, 4087.0926237106323, 4361.209546804428, 4635.351447582245, 4909.838441848755, 5184.407204389572, 5458.790953159332, 5733.02686214447, 6007.373485565186, 6281.443432331085, 6555.7624344825745, 6830.044303178787, 7104.443831682205, 7378.864683628082, 7653.170348405838, 7927.411172151566, 8201.576572179794, 8475.850241422653, 8750.220556020737, 9024.568950176239, 9298.977987289429, 9573.28490972519, 9847.552326202393, 10121.749959945679, 10396.286121606827, 10670.748190402985, 10944.815610647202, 11218.898583650589], "runtime": 11218.898583650589, "config": {"batch_size": 226.3498265637573, "log2_n_units_2": 8.426232638523537, "log10_learning_rate": -3.1297090259315024, "log2_n_units_3": 7.625032954071518, "log2_n_units_1": 7.256003981833429}, "config_id": 210, "learning_curve": [0.3977272754365747, 0.30319791083986114, 0.2829847173257307, 0.2837892201813784, 0.33326629210602154, 0.2376307276162234, 0.2464802888306704, 0.25120675834742456, 0.27443685043941846, 0.20353982123461634, 0.23300482874566864, 0.2208366827531294, 0.24094931374896655, 0.20022124458443036, 0.19348350844599982, 0.1824215582825921, 0.17970635538751434, 0.16361624950712372, 0.16281174529682507, 0.15949315780943085, 0.17286805944009265, 0.1596942882646214, 0.16059935499321332, 0.16120273416692565, 0.15989541194655676, 0.15969428690997034, 0.16029766743833374, 0.16049879247492005, 0.16080048544840375, 0.16019710627469153, 0.16059935770251532, 0.15989541465585877, 0.16110216893933038, 0.16120273416692565, 0.1597948521375656, 0.16140386326746503, 0.15959372574632813, 0.16100160777568817, 0.16130329939452082, 0.1608004813844507]}