{"final_performance": 0.23732250928878784, "time_steps": [923.2021000385284, 1596.1313190460205, 2269.6232357025146, 2942.759505033493, 3616.0637431144714, 4289.563688755035, 4963.063319444656, 5635.869454860687, 6308.118093490601, 6980.157138824463, 7652.52099442482, 8324.475044488907, 8996.018184900284, 9667.594160318375, 10338.886045455933, 11010.685079336166, 11681.808086156845, 12352.788852930069, 13024.059878110886, 13695.821276664734, 14366.011144161224, 15035.895209550858, 15705.781910419464, 16375.617585420609, 17044.82809138298, 17714.884965896606, 18384.3414413929, 19053.706836223602, 19723.040092229843, 20392.296658039093, 21061.07351064682, 21729.476588726044, 22397.77062511444, 23066.18384194374, 23734.26979613304, 24402.08225083351, 25069.31351041794, 25737.507301092148, 26404.145939588547, 27070.95235967636], "runtime": 27070.95235967636, "config": {"batch_size": 340.43709628522737, "log2_n_units_2": 5.841198783537351, "log10_learning_rate": -2.540576358196292, "log2_n_units_3": 4.321721089110454, "log2_n_units_1": 9.585520100430095}, "config_id": 115, "learning_curve": [0.4535496933706875, 0.40425963237367823, 0.35304260048372993, 0.3147058898004992, 0.31866126430445707, 0.31896552340737705, 0.2731237370392372, 0.261054764533865, 0.25243408104469034, 0.26105476864453014, 0.28204868579732956, 0.24817443716114962, 0.2997971629274303, 0.26997972151328775, 0.264604467770149, 0.2542596459388733, 0.2579107551739134, 0.3023326602475397, 0.2541582173314588, 0.2690669442045277, 0.248884379863739, 0.24878296358831997, 0.3132860043953205, 0.273022316653153, 0.2663286081675825, 0.27292089421173626, 0.23823528865288046, 0.2508113548673433, 0.2423935039290066, 0.25415821322079357, 0.2589249467027599, 0.2510142059161745, 0.24614604999279155, 0.26419878622581217, 0.2558823453968969, 0.25547667412922304, 0.29117647943825553, 0.25, 0.24766733934139384, 0.23732250928878784]}