{"final_performance": 0.27631044646968017, "time_steps": [565.1025974750519, 886.242746591568, 1207.5658915042877, 1528.7599382400513, 1850.279914855957, 2171.3732912540436, 2492.8275821208954, 2814.6660068035126, 3135.7623839378357, 3457.1525077819824, 3778.2941706180573, 4099.123872041702, 4420.748299121857, 4741.824037313461, 5062.905828952789, 5383.9470682144165, 5705.620969295502, 6026.559186697006, 6347.573289871216, 6668.392261266708, 6989.622661590576, 7310.725023031235, 7631.76855802536, 7952.517697572708, 8273.244671344757, 8594.289947509766, 8915.382860422134, 9236.413942813873, 9557.615983724594, 9878.509637832642, 10199.682681322098, 10521.061311006546, 10842.146281957626, 11162.841850757599, 11483.680509328842, 11804.930114984512, 12126.626816034317, 12447.662700653076, 12768.986914157867, 13089.876858711243], "runtime": 13089.876858711243, "config": {"batch_size": 214.43383126359063, "log2_n_units_2": 6.67099247149134, "log10_learning_rate": -4.22504669638389, "log2_n_units_3": 5.764830468560974, "log2_n_units_1": 8.304417258719766}, "config_id": 212, "learning_curve": [0.4433157275552335, 0.4071515656035879, 0.3660097523875858, 0.35321007474609045, 0.3398008942604065, 0.3454896354156992, 0.3381755429765453, 0.30404307272123254, 0.31257618251054187, 0.30211296288863476, 0.3198902904987335, 0.3456928082134413, 0.3134904490864795, 0.2934782647568247, 0.31420154675193457, 0.2871800129828246, 0.282507115084192, 0.27712312470311706, 0.27996749722439307, 0.2807801689790643, 0.2954083732936693, 0.28210077467172046, 0.3714953246323959, 0.260463227396426, 0.28179602260174963, 0.2683868356372999, 0.2610727354236271, 0.28667208941086475, 0.26594880093698914, 0.27346606617388514, 0.2691995138707368, 0.26960585557896155, 0.2553839916768281, 0.2632060141667075, 0.28149126794027246, 0.27925640215044434, 0.3440674504508143, 0.26066639760266175, 0.25071108989093616, 0.27631044646968017]}