{"final_performance": 0.20721804380416875, "time_steps": [688.3152678012848, 1125.808293581009, 1563.3015398979187, 2000.8553404808044, 2438.503695487976, 2876.264169216156, 3314.331141233444, 3752.3158087730408, 4190.1429986953735, 4627.70126748085, 5066.525869131088, 5504.45015501976, 5942.53689455986, 6380.450322389603, 6818.480683803558, 7256.504696369171, 7695.595948934555, 8134.707762956619, 8574.059407234192, 9013.276087760925, 9452.421048879623, 9891.39939904213, 10331.03860783577, 10770.252727270126, 11209.608112335205, 11648.693351745605, 12089.178255558014, 12528.586308002472, 12967.889368057251, 13407.078144788742, 13846.296614170074, 14285.838135004044, 14725.520885944366, 15164.87416601181, 15606.033940553665, 16045.738290071487, 16484.6499710083, 16923.46460390091, 17362.940349817276, 17801.540036678314], "runtime": 17801.540036678314, "config": {"batch_size": 399.9904020162419, "log2_n_units_2": 4.419457203539965, "log10_learning_rate": -3.225848738527869, "log2_n_units_3": 9.372579842877869, "log2_n_units_1": 8.882589822853758}, "config_id": 155, "learning_curve": [0.4681704330444336, 0.38837092399597173, 0.3622055077552795, 0.3115789461135864, 0.2849122762680054, 0.29864661693573, 0.3137844610214233, 0.2749874663352966, 0.28882205963134766, 0.2759899735450745, 0.24932330608367925, 0.24631578922271724, 0.2570426034927368, 0.22987468481063844, 0.22967418193817135, 0.23889724731445316, 0.22345864534378057, 0.22075188159942627, 0.23278195142745972, 0.22626566171646123, 0.21363408565521236, 0.23288220405578608, 0.20761904478073123, 0.2122305727005005, 0.20601503372192387, 0.21443608999252317, 0.21674185037612914, 0.21894737005233766, 0.22395989656448367, 0.2159398436546326, 0.20731829166412352, 0.21022556543350224, 0.2178446102142334, 0.19839599132537844, 0.1956892251968384, 0.19809524059295658, 0.20200501441955565, 0.2017042589187622, 0.20390977859497073, 0.20721804380416875]}