{"final_performance": 0.2530919909477234, "time_steps": [745.6917202472687, 1237.1267306804657, 1728.9018614292145, 2220.652501821518, 2712.5815722942352, 3204.6075003147125, 3696.8632578849792, 4188.817133903503, 4680.599497318268, 5172.107177257538, 5664.521213531494, 6156.329924821854, 6647.944668769836, 7139.609945297241, 7631.433653116226, 8123.698968887329, 8615.61744594574, 9107.810296058655, 9599.968913793564, 10091.851438045502, 10583.782777786255, 11074.82355928421, 11566.702929973602, 12058.830139875412, 12550.249179124832, 13042.30459356308, 13533.894415140152, 14026.436579227448, 14518.886927127838, 15011.715905427933, 15504.154086112976, 15997.107730388641, 16490.03950190544, 16982.568627357483, 17475.18434548378, 17967.319483280182, 18459.971520900726, 18953.84987425804, 19446.630689382553, 19939.06104040146], "runtime": 19939.06104040146, "config": {"batch_size": 65.08915053293887, "log2_n_units_2": 6.201997571632537, "log10_learning_rate": -4.06960350091401, "log2_n_units_3": 5.141845650576404, "log2_n_units_1": 8.934539351708313}, "config_id": 225, "learning_curve": [0.43599796840567995, 0.38431370375203155, 0.3327299952507019, 0.31181496381759644, 0.296933114528656, 0.28979384899139404, 0.2968325614929199, 0.31302160024642944, 0.2624434232711792, 0.25832074880599976, 0.29110103845596313, 0.2644544839859009, 0.25962793827056885, 0.26204121112823486, 0.2817496061325073, 0.2531925439834595, 0.24343889951705933, 0.28798389434814453, 0.27963799238204956, 0.25781798362731934, 0.26033180952072144, 0.26153844594955444, 0.2700854539871216, 0.26224231719970703, 0.25972849130630493, 0.2716943025588989, 0.2575163245201111, 0.2712920904159546, 0.2635495066642761, 0.26274508237838745, 0.2573152184486389, 0.26706886291503906, 0.28647559881210327, 0.2623428702354431, 0.2285570502281189, 0.292106568813324, 0.25279033184051514, 0.23448967933654785, 0.23398691415786743, 0.2530919909477234]}