{"final_performance": 0.2593704624609514, "time_steps": [445.7409317493439, 642.4627258777618, 838.4080882072449, 1034.3787472248077, 1231.5462002754211, 1428.7381057739258, 1625.659532546997, 1822.6234722137451, 2019.0981550216675, 2215.779078722, 2410.5264093875885, 2605.982296705246, 2801.748664855957, 2997.1468443870544, 3193.7433347702026, 3390.13680267334, 3586.0781664848328, 3781.514060497284, 3978.00137591362, 4174.293459892273, 4370.8991668224335, 4567.356024265289, 4763.443281650543, 4958.542107343674, 5154.572358131409, 5351.224050045013, 5548.720489501953, 5745.2561111450195, 5942.066743850708, 6138.439564228058, 6334.050134181976, 6529.626745223999, 6725.797308206558, 6922.389599561691, 7119.294897317886, 7316.246470689774, 7512.418299436569, 7707.907417535782, 7904.283422470093, 8100.5719928741455], "runtime": 8100.5719928741455, "config": {"batch_size": 439.30041249823574, "log2_n_units_2": 8.848780611455947, "log10_learning_rate": -4.051514629639583, "log2_n_units_3": 5.919166219009338, "log2_n_units_1": 6.0695005676319145}, "config_id": 50, "learning_curve": [0.4343549311161041, 0.37637191739949316, 0.3643611506982283, 0.34593083641745825, 0.32915717363357544, 0.2984054603359916, 0.31062331524762243, 0.3129012232477014, 0.30399669300426135, 0.30720646814866504, 0.3012010834433816, 0.30006212537938903, 0.2876371849666942, 0.3161109956828031, 0.2750051834366538, 0.2692068706859242, 0.30006213079799304, 0.2802857756614685, 0.29788776690309693, 0.30534272573210974, 0.2781114090572704, 0.2662041810425845, 0.27552288228815247, 0.27345206249843945, 0.27997514605522156, 0.2693104175004092, 0.276661832224239, 0.2693104229190133, 0.2630979500033639, 0.2572996535084464, 0.25937047329815954, 0.26154483719305555, 0.2709670689972964, 0.2617519172755155, 0.26672188802198926, 0.26237316023219714, 0.265272316607562, 0.26113066619092773, 0.25978463346307923, 0.2593704624609514]}