{"final_performance": 0.180513752229286, "time_steps": [527.1441218852997, 817.1630349159241, 1107.268209695816, 1397.0213177204132, 1686.7271449565887, 1977.0376076698303, 2267.2697796821594, 2557.4417231082916, 2847.982684612274, 3138.339516401291, 3428.086158514023, 3718.09881401062, 4008.56316781044, 4298.791079998016, 4589.201966047287, 4879.374319314957, 5168.970018386841, 5459.428165435791, 5749.616400003433, 6039.693613767624, 6330.637505531311, 6620.156170129776, 6910.910186767578, 7201.07822060585, 7491.2404799461365, 7781.088926076889, 8071.1666123867035, 8361.850286960602, 8651.150585889816, 8941.748635292053, 9231.732740879059, 9521.246646404266, 9810.353406906128, 10101.037463188171, 10391.455659866333, 10680.17824459076, 10969.739830255508, 11260.007803916931, 11549.117696285248, 11839.194883108139], "runtime": 11839.194883108139, "config": {"batch_size": 302.70977293328434, "log2_n_units_2": 5.549294099187645, "log10_learning_rate": -2.705171708923774, "log2_n_units_3": 7.463816220600277, "log2_n_units_1": 8.286821348811404}, "config_id": 197, "learning_curve": [0.4463174758535443, 0.3534015669967189, 0.3103552063306173, 0.31406782612656103, 0.2541641556855404, 0.24392935723969433, 0.2732289758595553, 0.23018262061205774, 0.24001605582959729, 0.2559703010501284, 0.2216536185958169, 0.2092113223942843, 0.23198875694563892, 0.23580172748276684, 0.22356011289538757, 0.22245635047103418, 0.2163355440804453, 0.20840859051906702, 0.2069034720912124, 0.19666867003296362, 0.18964480089418811, 0.18262091008099646, 0.18312261863188306, 0.18081477013501257, 0.1787076032522953, 0.17880794676867395, 0.1792093154155847, 0.17850692163814197, 0.17910897551160865, 0.17991169835581922, 0.17900863018902868, 0.1787076086708994, 0.17890829028505273, 0.17910897189920594, 0.17900862657662597, 0.17910897189920594, 0.17880794676867395, 0.17930965893196338, 0.17991170919302735, 0.180513752229286]}