{"final_performance": 0.26990796437784403, "time_steps": [350.27891778945923, 456.5584034919739, 562.8394460678101, 669.1297135353088, 775.4862430095673, 881.9262247085571, 988.3449370861053, 1094.7964792251587, 1201.2106838226318, 1307.668982744217, 1414.195621728897, 1520.7307860851288, 1627.213730096817, 1733.7711472511292, 1840.2993667125702, 1946.8446733951569, 2053.3849272727966, 2160.027654647827, 2266.476746082306, 2372.9168214797974, 2479.365727186203, 2585.8758912086487, 2692.3499450683594, 2798.8546895980835, 2905.5153958797455, 3012.06014919281, 3118.5902619361877, 3225.136083126068, 3331.6860268115997, 3438.182198047638, 3544.7573544979095, 3651.4629361629486, 3757.966943502426, 3864.4266815185547, 3971.0629920959473, 4077.725870370865, 4184.377252340317, 4290.891320466995, 4397.500118255615, 4504.134100437164], "runtime": 4504.134100437164, "config": {"batch_size": 84.51509650830344, "log2_n_units_2": 4.750515708222432, "log10_learning_rate": -4.40495310364916, "log2_n_units_3": 9.055174696285334, "log2_n_units_1": 5.7959935933678}, "config_id": 116, "learning_curve": [0.48849539796845254, 0.4336734677062315, 0.39765906308879373, 0.3827530992131273, 0.3717487003622937, 0.3606442573691616, 0.3487394957983193, 0.3329331739609983, 0.3321328548824086, 0.3169267738566679, 0.31472589238351134, 0.3202280908071694, 0.3062224929072276, 0.31072429148088987, 0.29991996839266866, 0.3020208097305619, 0.29281712730391685, 0.29931972958460573, 0.29261705003866634, 0.2922168884958539, 0.2806122473308018, 0.28271308616429813, 0.28061224632904314, 0.28131252727588685, 0.2867146895713165, 0.2799119673857168, 0.28631453103378035, 0.2776110472799349, 0.27581032334255573, 0.28141256490675337, 0.27330932496976457, 0.2756102460773051, 0.276710685561685, 0.2737094835073006, 0.2730092050648537, 0.2788115263986988, 0.27310924169396156, 0.27230892461888934, 0.2773109243697479, 0.26990796437784403]}