{"final_performance": 0.34167683976037166, "time_steps": [409.59763741493225, 574.8434734344482, 739.7815842628479, 904.6936967372894, 1069.6785321235657, 1234.7057218551636, 1400.0248577594757, 1565.132797241211, 1730.2899734973907, 1895.6627268791199, 2061.1694622039795, 2226.309011697769, 2391.7030313014984, 2556.911707639694, 2722.862959623337, 2888.0426456928253, 3053.3133437633514, 3218.6306114196777, 3384.008156299591, 3549.2135965824127, 3714.6579797267914, 3880.22336101532, 4045.7888028621674, 4211.228837966919, 4376.70233297348, 4542.084101676941, 4707.368635416031, 4872.761879682541, 5037.9546251297, 5203.310222864151, 5368.955169916153, 5534.442614555359, 5699.740737915039, 5865.046064853668, 6030.345249652863, 6195.415060520172, 6360.347471237183, 6525.501515388489, 6690.6703333854675, 6856.066205263138], "runtime": 6856.066205263138, "config": {"batch_size": 468.92033313214483, "log2_n_units_2": 8.544824405865501, "log10_learning_rate": -0.9732422190459689, "log2_n_units_3": 6.9614743480787356, "log2_n_units_1": 6.0366344962213985}, "config_id": 254, "learning_curve": [0.8242775698502859, 0.7655677625111171, 0.7033984462420146, 0.6124338635376522, 0.5752950764837719, 0.5205535264242263, 0.48087098059200106, 0.46733821857543223, 0.41809116091047016, 0.44770044372195295, 0.3943833935828436, 0.391737889675867, 0.3686406158265614, 0.388278393518357, 0.3854293766475859, 0.3529711053484962, 0.33129833141962683, 0.3655881172134763, 0.3207163271449861, 0.3343508328710284, 0.3250915777115595, 0.3129833198729015, 0.3196988247689747, 0.3066748125212533, 0.3146113157272339, 0.3140008165722802, 0.3185795630727496, 0.3166463176409403, 0.3173585704394749, 0.3156288266181946, 0.310439563932873, 0.33201058421816143, 0.31043956677118933, 0.36284086250123526, 0.33099307900383357, 0.3158323225520906, 0.3096255660057068, 0.3101343115170797, 0.3277370731035868, 0.34167683976037166]}