{"final_performance": 0.2819191954352639, "time_steps": [1679.8932824134827, 3107.7412168979645, 4531.9480447769165, 5952.661470890045, 7371.112084388733, 8786.887609481812, 10199.943078517914, 11612.30721116066, 13023.273210763931, 14435.18823313713, 15846.066668272018, 17256.077127218246, 18665.13143825531, 20073.751368761063, 21479.669150590897, 22885.27033185959, 24289.401911258698, 25691.658710479736, 27094.326201677322, 28497.564393758774, 29898.92238664627, 31299.581423282623, 32700.438165426254, 34100.05804038048, 35500.358478307724, 36899.858254909515, 38298.812131643295, 39697.04169154167, 41095.32904648781, 42492.67633891106, 43889.86409306526, 45288.72358369827, 46686.082507133484, 48083.360107421875, 49479.36701798439, 50874.8760573864, 52269.957864284515, 53664.94394636154, 55060.610446214676, 56455.87819957733], "runtime": 56455.87819957733, "config": {"batch_size": 180.90504207313927, "log2_n_units_2": 9.435124742536331, "log10_learning_rate": -1.3424972764163208, "log2_n_units_3": 5.837829909109154, "log2_n_units_1": 9.989004930115266}, "config_id": 193, "learning_curve": [0.7258585826917128, 0.6088888905265115, 0.5585858621380546, 0.4780808026140386, 0.41939393823797055, 0.3533333323218606, 0.3564646504142067, 0.32383838566866785, 0.41464646296067675, 0.32616162083365696, 0.2865656614303589, 0.31797979744997895, 0.2836363651535728, 0.28989899050105705, 0.2837373755194924, 0.27717171582308686, 0.2810101021419872, 0.28181818181818186, 0.28959596157073975, 0.27373737963763145, 0.27838383696296, 0.2813131354071877, 0.2976767735047774, 0.2836363662372936, 0.28939394083890047, 0.27969697171991525, 0.2821212129159407, 0.2700000004334884, 0.2986868706616488, 0.2953535361723466, 0.29707071130925955, 0.29131313345649024, 0.2851515184749257, 0.28999999978325586, 0.2666666713627902, 0.2813131375746294, 0.2807070732116699, 0.2838383848016912, 0.2742424325509505, 0.2819191954352639]}