{"final_performance": 0.43489583333333337, "time_steps": [360.32601976394653, 466.12371253967285, 571.9196848869324, 677.6055388450623, 783.1944172382355, 888.9606983661652, 995.3592803478241, 1100.931759595871, 1207.0449182987213, 1312.7127451896667, 1418.2228374481201, 1524.7321591377258, 1630.717048406601, 1736.8328828811646, 1842.5989737510681, 1948.5804777145386, 2054.5577490329742, 2160.685480594635, 2266.7833874225616, 2372.659287929535, 2478.519313812256, 2584.879248857498, 2690.7976009845734, 2796.6185762882233, 2902.534131526947, 3008.639678001404, 3114.6922533512115, 3220.4380810260773, 3326.702948331833, 3433.158190727234, 3539.181975841522, 3645.2743668556213, 3750.934544324875, 3856.9888999462128, 3963.111112833023, 4068.924074411392, 4175.2330865859985, 4281.432248353958, 4387.758484363556, 4493.78363442421], "runtime": 4493.78363442421, "config": {"batch_size": 256.52582712505335, "log2_n_units_2": 4.654973023233639, "log10_learning_rate": -1.0772867904099899, "log2_n_units_3": 7.847612019431917, "log2_n_units_1": 6.472167837779235}, "config_id": 90, "learning_curve": [0.8821113782051282, 0.7305689102564102, 0.6808894230769231, 0.6331129807692308, 0.6107772435897436, 0.6003605769230769, 0.5512820512820513, 0.5654046474358974, 0.5392628205128205, 0.526943108974359, 0.5328525641025641, 0.5254407051282051, 0.5102163461538461, 0.47265625, 0.5038060897435898, 0.4925881410256411, 0.4958934294871795, 0.4957932692307693, 0.4873798076923077, 0.45713141025641024, 0.4451121794871795, 0.484375, 0.4395032051282052, 0.45252403846153844, 0.44270833333333337, 0.47916666666666663, 0.4577323717948718, 0.4367988782051282, 0.42267628205128205, 0.45142227564102566, 0.43349358974358976, 0.43459535256410253, 0.4489182692307693, 0.43509615384615385, 0.44080528846153844, 0.42578125, 0.45372596153846156, 0.41796875, 0.43189102564102566, 0.43489583333333337]}