{"final_performance": 0.37815975883732666, "time_steps": [320.4731938838959, 388.04539155960083, 455.6348602771759, 523.1524405479431, 590.6766791343689, 658.1713008880615, 725.764297246933, 793.3210544586182, 860.9383401870728, 928.6882014274597, 996.236207485199, 1063.6212389469147, 1130.9380304813385, 1198.393623828888, 1265.8848838806152, 1333.6723749637604, 1401.3018727302551, 1468.8980567455292, 1536.5788941383362, 1604.1901981830597, 1671.781890630722, 1739.340977191925, 1806.9349172115326, 1874.4651956558228, 1942.3255825042725, 2010.1289868354797, 2077.698379278183, 2145.2758345603943, 2212.8578836917877, 2280.24169754982, 2347.716012239456, 2415.1486411094666, 2482.582551717758, 2550.128767490387, 2617.8673918247223, 2685.568369626999, 2753.3040928840637, 2820.9806323051453, 2888.763025045395, 2956.3227903842926], "runtime": 2956.3227903842926, "config": {"batch_size": 430.5752502020793, "log2_n_units_2": 7.368974397541718, "log10_learning_rate": -4.9930005006021965, "log2_n_units_3": 5.5677451897274395, "log2_n_units_1": 4.119534012783662}, "config_id": 149, "learning_curve": [0.7302325601163118, 0.6589484318442966, 0.6247724994369175, 0.5968655192333718, 0.5740141544653021, 0.5566228524498318, 0.5375126379987467, 0.5246713861175205, 0.5138523708219114, 0.5046511603438336, 0.49555106396260473, 0.4882709785648014, 0.4742163782534392, 0.46794741957083996, 0.4610717918561853, 0.45945399481317273, 0.4520727914312611, 0.44742163367893384, 0.4447927228782488, 0.43892820244250086, 0.43195146322250366, 0.43336703725483106, 0.42386248578195984, 0.42163801970689196, 0.41759352839511377, 0.4144590497016907, 0.40758341550827026, 0.4107178967931996, 0.40576339804607886, 0.40182001694389013, 0.4003033404764922, 0.39312436787978466, 0.3929221396860869, 0.3954499519389608, 0.3921132476433463, 0.3882709715677344, 0.38574317227239197, 0.3841253752293794, 0.3800808916921201, 0.37815975883732666]}